campaign_id,round,completed_at,landmark_subset,profile,profile_rank,replicates,val_macro_f1_mean,val_macro_f1_stdev,val_macro_f1_median,val_macro_f1_max,test_macro_f1_mean_reporting_only,best_epoch_median,d_model,num_heads,num_layers,dim_feedforward,dropout,batch_size,learning_rate,weight_decay,label_smoothing,scheduler,warmup_epochs,use_class_weight,balanced_sampler,augment_train,augment_noise_std,standardize,num_workers,cpu_threads,prefetch_factor,pin_memory,use_amp,compile_model,config_json
adaptive_large_model_tuning,1,2026-08-16T03:48:38,hands,deep768,4,5,0.6532191902978419,0.02072495149667751,0.6567861601569467,0.6762974852862493,0.5915123456790123,75.0,768,12,5,3072,0.3,6,0.00011999999999999999,0.003,0.05,cosine,5,True,False,True,0.006,True,2,20,4,True,True,False,"{""augment_noise_std"":0.006,""augment_train"":true,""balanced_sampler"":false,""batch_size"":6,""compile_model"":false,""cpu_threads"":20,""d_model"":768,""dim_feedforward"":3072,""dropout"":0.3,""label_smoothing"":0.05,""learning_rate"":0.00011999999999999999,""num_heads"":12,""num_layers"":5,""num_workers"":2,""pin_memory"":true,""prefetch_factor"":4,""scheduler"":""cosine"",""standardize"":true,""use_amp"":true,""use_class_weight"":true,""warmup_epochs"":5,""weight_decay"":0.003}"
adaptive_large_model_tuning,1,2026-08-16T03:48:38,hands,wide1024,1,5,0.6825722716733953,0.012472489733126488,0.6758694489031568,0.6979935794542537,0.6136111111111111,95.0,1024,16,3,4096,0.3,6,0.00011999999999999999,0.003,0.05,cosine,5,True,False,True,0.006,True,2,20,4,True,True,False,"{""augment_noise_std"":0.006,""augment_train"":true,""balanced_sampler"":false,""batch_size"":6,""compile_model"":false,""cpu_threads"":20,""d_model"":1024,""dim_feedforward"":4096,""dropout"":0.3,""label_smoothing"":0.05,""learning_rate"":0.00011999999999999999,""num_heads"":16,""num_layers"":3,""num_workers"":2,""pin_memory"":true,""prefetch_factor"":4,""scheduler"":""cosine"",""standardize"":true,""use_amp"":true,""use_class_weight"":true,""warmup_epochs"":5,""weight_decay"":0.003}"
adaptive_large_model_tuning,1,2026-08-16T03:48:38,hands,wide512,3,5,0.6665971107544142,0.019817771437769773,0.6550026752273943,0.6972445157838416,0.636058201058201,43.0,512,8,3,2048,0.3,16,0.00011999999999999999,0.003,0.05,cosine,5,True,False,True,0.006,True,2,20,4,True,True,False,"{""augment_noise_std"":0.006,""augment_train"":true,""balanced_sampler"":false,""batch_size"":16,""compile_model"":false,""cpu_threads"":20,""d_model"":512,""dim_feedforward"":2048,""dropout"":0.3,""label_smoothing"":0.05,""learning_rate"":0.00011999999999999999,""num_heads"":8,""num_layers"":3,""num_workers"":2,""pin_memory"":true,""prefetch_factor"":4,""scheduler"":""cosine"",""standardize"":true,""use_amp"":true,""use_class_weight"":true,""warmup_epochs"":5,""weight_decay"":0.003}"
adaptive_large_model_tuning,1,2026-08-16T03:48:38,hands,wide640,2,5,0.669426204257665,0.01233266797061865,0.6672552166934189,0.6836032880976701,0.6004298941798941,52.0,640,8,3,2560,0.3,12,0.00011999999999999999,0.003,0.05,cosine,5,True,False,True,0.006,True,2,20,4,True,True,False,"{""augment_noise_std"":0.006,""augment_train"":true,""balanced_sampler"":false,""batch_size"":12,""compile_model"":false,""cpu_threads"":20,""d_model"":640,""dim_feedforward"":2560,""dropout"":0.3,""label_smoothing"":0.05,""learning_rate"":0.00011999999999999999,""num_heads"":8,""num_layers"":3,""num_workers"":2,""pin_memory"":true,""prefetch_factor"":4,""scheduler"":""cosine"",""standardize"":true,""use_amp"":true,""use_class_weight"":true,""warmup_epochs"":5,""weight_decay"":0.003}"
adaptive_large_model_tuning,1,2026-08-16T03:48:38,hands,wide768,5,5,0.6502443374353486,0.016171823480160212,0.6494560370964865,0.6763509898341359,0.6224338624338625,85.0,768,12,3,3072,0.3,8,0.00011999999999999999,0.003,0.05,cosine,5,True,False,True,0.006,True,2,20,4,True,True,False,"{""augment_noise_std"":0.006,""augment_train"":true,""balanced_sampler"":false,""batch_size"":8,""compile_model"":false,""cpu_threads"":20,""d_model"":768,""dim_feedforward"":3072,""dropout"":0.3,""label_smoothing"":0.05,""learning_rate"":0.00011999999999999999,""num_heads"":12,""num_layers"":3,""num_workers"":2,""pin_memory"":true,""prefetch_factor"":4,""scheduler"":""cosine"",""standardize"":true,""use_amp"":true,""use_class_weight"":true,""warmup_epochs"":5,""weight_decay"":0.003}"
adaptive_large_model_tuning,1,2026-08-16T03:48:38,pose,deep768,3,5,0.238345088120369,0.013934375447904563,0.23648118423399322,0.2528089887640449,0.15978174603174602,45.0,768,12,5,3072,0.25,6,0.00017111250000000002,0.0007,0.0,cosine,5,True,True,True,0.006,True,2,20,4,True,True,False,"{""augment_noise_std"":0.006,""augment_train"":true,""balanced_sampler"":true,""batch_size"":6,""compile_model"":false,""cpu_threads"":20,""d_model"":768,""dim_feedforward"":3072,""dropout"":0.25,""label_smoothing"":0.0,""learning_rate"":0.00017111250000000002,""num_heads"":12,""num_layers"":5,""num_workers"":2,""pin_memory"":true,""prefetch_factor"":4,""scheduler"":""cosine"",""standardize"":true,""use_amp"":true,""use_class_weight"":true,""warmup_epochs"":5,""weight_decay"":0.0007}"
adaptive_large_model_tuning,1,2026-08-16T03:48:38,pose,wide1024,2,5,0.2390375666780161,0.018002392947944385,0.2446317103620474,0.2620579794737098,0.19690295815295814,50.0,1024,16,3,4096,0.25,6,0.00017111250000000002,0.0007,0.0,cosine,5,True,True,True,0.006,True,2,20,4,True,True,False,"{""augment_noise_std"":0.006,""augment_train"":true,""balanced_sampler"":true,""batch_size"":6,""compile_model"":false,""cpu_threads"":20,""d_model"":1024,""dim_feedforward"":4096,""dropout"":0.25,""label_smoothing"":0.0,""learning_rate"":0.00017111250000000002,""num_heads"":16,""num_layers"":3,""num_workers"":2,""pin_memory"":true,""prefetch_factor"":4,""scheduler"":""cosine"",""standardize"":true,""use_amp"":true,""use_class_weight"":true,""warmup_epochs"":5,""weight_decay"":0.0007}"
adaptive_large_model_tuning,1,2026-08-16T03:48:38,pose,wide512,5,5,0.23661883684355592,0.017729107236332708,0.23182790991779756,0.2657125022293561,0.18016754850088182,38.0,512,8,3,2048,0.25,16,0.00017111250000000002,0.0007,0.0,cosine,5,True,True,True,0.006,True,2,20,4,True,True,False,"{""augment_noise_std"":0.006,""augment_train"":true,""balanced_sampler"":true,""batch_size"":16,""compile_model"":false,""cpu_threads"":20,""d_model"":512,""dim_feedforward"":2048,""dropout"":0.25,""label_smoothing"":0.0,""learning_rate"":0.00017111250000000002,""num_heads"":8,""num_layers"":3,""num_workers"":2,""pin_memory"":true,""prefetch_factor"":4,""scheduler"":""cosine"",""standardize"":true,""use_amp"":true,""use_class_weight"":true,""warmup_epochs"":5,""weight_decay"":0.0007}"
adaptive_large_model_tuning,1,2026-08-16T03:48:38,pose,wide640,4,5,0.2380083337386708,0.0087421626119197,0.2429017299803817,0.2458266452648475,0.19887566137566137,56.0,640,8,3,2560,0.25,12,0.00017111250000000002,0.0007,0.0,cosine,5,True,True,True,0.006,True,2,20,4,True,True,False,"{""augment_noise_std"":0.006,""augment_train"":true,""balanced_sampler"":true,""batch_size"":12,""compile_model"":false,""cpu_threads"":20,""d_model"":640,""dim_feedforward"":2560,""dropout"":0.25,""label_smoothing"":0.0,""learning_rate"":0.00017111250000000002,""num_heads"":8,""num_layers"":3,""num_workers"":2,""pin_memory"":true,""prefetch_factor"":4,""scheduler"":""cosine"",""standardize"":true,""use_amp"":true,""use_class_weight"":true,""warmup_epochs"":5,""weight_decay"":0.0007}"
adaptive_large_model_tuning,1,2026-08-16T03:48:38,pose,wide768,1,5,0.2411260275305219,0.006582592798134928,0.23760640108954717,0.2511681826288568,0.15592813051146384,41.0,768,12,3,3072,0.25,8,0.00017111250000000002,0.0007,0.0,cosine,5,True,True,True,0.006,True,2,20,4,True,True,False,"{""augment_noise_std"":0.006,""augment_train"":true,""balanced_sampler"":true,""batch_size"":8,""compile_model"":false,""cpu_threads"":20,""d_model"":768,""dim_feedforward"":3072,""dropout"":0.25,""label_smoothing"":0.0,""learning_rate"":0.00017111250000000002,""num_heads"":12,""num_layers"":3,""num_workers"":2,""pin_memory"":true,""prefetch_factor"":4,""scheduler"":""cosine"",""standardize"":true,""use_amp"":true,""use_class_weight"":true,""warmup_epochs"":5,""weight_decay"":0.0007}"
adaptive_large_model_tuning,1,2026-08-16T03:48:38,pose_hands,deep768,5,5,0.6039539860888176,0.027195106941730284,0.6022471910112359,0.6402889245585875,0.580925925925926,46.0,768,12,5,3072,0.35,6,8e-05,0.002,0.0,cosine,5,False,True,True,0.006,True,2,20,4,True,True,False,"{""augment_noise_std"":0.006,""augment_train"":true,""balanced_sampler"":true,""batch_size"":6,""compile_model"":false,""cpu_threads"":20,""d_model"":768,""dim_feedforward"":3072,""dropout"":0.35,""label_smoothing"":0.0,""learning_rate"":8e-05,""num_heads"":12,""num_layers"":5,""num_workers"":2,""pin_memory"":true,""prefetch_factor"":4,""scheduler"":""cosine"",""standardize"":true,""use_amp"":true,""use_class_weight"":false,""warmup_epochs"":5,""weight_decay"":0.002}"
adaptive_large_model_tuning,1,2026-08-16T03:48:38,pose_hands,wide1024,4,5,0.6172195469948278,0.01987816369774238,0.6213661494560371,0.6451845906902086,0.545489417989418,27.0,1024,16,3,4096,0.35,6,8e-05,0.002,0.0,cosine,5,False,True,True,0.006,True,2,20,4,True,True,False,"{""augment_noise_std"":0.006,""augment_train"":true,""balanced_sampler"":true,""batch_size"":6,""compile_model"":false,""cpu_threads"":20,""d_model"":1024,""dim_feedforward"":4096,""dropout"":0.35,""label_smoothing"":0.0,""learning_rate"":8e-05,""num_heads"":16,""num_layers"":3,""num_workers"":2,""pin_memory"":true,""prefetch_factor"":4,""scheduler"":""cosine"",""standardize"":true,""use_amp"":true,""use_class_weight"":false,""warmup_epochs"":5,""weight_decay"":0.002}"
adaptive_large_model_tuning,1,2026-08-16T03:48:38,pose_hands,wide512,1,5,0.642298912074193,0.007772633169946536,0.6386302835741038,0.655243445692884,0.5954166666666667,62.0,512,8,3,2048,0.35,16,8e-05,0.002,0.0,cosine,5,False,True,True,0.006,True,2,20,4,True,True,False,"{""augment_noise_std"":0.006,""augment_train"":true,""balanced_sampler"":true,""batch_size"":16,""compile_model"":false,""cpu_threads"":20,""d_model"":512,""dim_feedforward"":2048,""dropout"":0.35,""label_smoothing"":0.0,""learning_rate"":8e-05,""num_heads"":8,""num_layers"":3,""num_workers"":2,""pin_memory"":true,""prefetch_factor"":4,""scheduler"":""cosine"",""standardize"":true,""use_amp"":true,""use_class_weight"":false,""warmup_epochs"":5,""weight_decay"":0.002}"
adaptive_large_model_tuning,1,2026-08-16T03:48:38,pose_hands,wide640,3,5,0.6205903335116818,0.026910259682673816,0.6144997324772605,0.6659176029962548,0.6042460317460318,44.0,640,8,3,2560,0.35,12,8e-05,0.002,0.0,cosine,5,False,True,True,0.006,True,2,20,4,True,True,False,"{""augment_noise_std"":0.006,""augment_train"":true,""balanced_sampler"":true,""batch_size"":12,""compile_model"":false,""cpu_threads"":20,""d_model"":640,""dim_feedforward"":2560,""dropout"":0.35,""label_smoothing"":0.0,""learning_rate"":8e-05,""num_heads"":8,""num_layers"":3,""num_workers"":2,""pin_memory"":true,""prefetch_factor"":4,""scheduler"":""cosine"",""standardize"":true,""use_amp"":true,""use_class_weight"":false,""warmup_epochs"":5,""weight_decay"":0.002}"
adaptive_large_model_tuning,1,2026-08-16T03:48:38,pose_hands,wide768,2,5,0.6250615302300696,0.014212161583725546,0.6152220438737293,0.6452915997859818,0.5751984126984127,47.0,768,12,3,3072,0.35,8,8e-05,0.002,0.0,cosine,5,False,True,True,0.006,True,2,20,4,True,True,False,"{""augment_noise_std"":0.006,""augment_train"":true,""balanced_sampler"":true,""batch_size"":8,""compile_model"":false,""cpu_threads"":20,""d_model"":768,""dim_feedforward"":3072,""dropout"":0.35,""label_smoothing"":0.0,""learning_rate"":8e-05,""num_heads"":12,""num_layers"":3,""num_workers"":2,""pin_memory"":true,""prefetch_factor"":4,""scheduler"":""cosine"",""standardize"":true,""use_amp"":true,""use_class_weight"":false,""warmup_epochs"":5,""weight_decay"":0.002}"
adaptive_large_model_tuning,1,2026-08-16T03:48:38,pose_hands_eyebrows,deep768,5,5,0.5439022650258605,0.03311009534469396,0.5392366684501515,0.5901551631888711,0.48682539682539683,30.0,768,12,3,3072,0.25,6,0.00016,0.001,0.0,cosine,5,True,False,True,0.006,True,2,20,4,True,True,False,"{""augment_noise_std"":0.006,""augment_train"":true,""balanced_sampler"":false,""batch_size"":6,""compile_model"":false,""cpu_threads"":20,""d_model"":768,""dim_feedforward"":3072,""dropout"":0.25,""label_smoothing"":0.0,""learning_rate"":0.00016,""num_heads"":12,""num_layers"":3,""num_workers"":2,""pin_memory"":true,""prefetch_factor"":4,""scheduler"":""cosine"",""standardize"":true,""use_amp"":true,""use_class_weight"":true,""warmup_epochs"":5,""weight_decay"":0.001}"
adaptive_large_model_tuning,1,2026-08-16T03:48:38,pose_hands_eyebrows,wide1024,4,5,0.5818494738719457,0.013673337029458955,0.5755484216158374,0.5981451756732655,0.5275727513227513,51.0,1024,16,1,4096,0.25,6,0.00016,0.001,0.0,cosine,5,True,False,True,0.006,True,2,20,4,True,True,False,"{""augment_noise_std"":0.006,""augment_train"":true,""balanced_sampler"":false,""batch_size"":6,""compile_model"":false,""cpu_threads"":20,""d_model"":1024,""dim_feedforward"":4096,""dropout"":0.25,""label_smoothing"":0.0,""learning_rate"":0.00016,""num_heads"":16,""num_layers"":1,""num_workers"":2,""pin_memory"":true,""prefetch_factor"":4,""scheduler"":""cosine"",""standardize"":true,""use_amp"":true,""use_class_weight"":true,""warmup_epochs"":5,""weight_decay"":0.001}"
adaptive_large_model_tuning,1,2026-08-16T03:48:38,pose_hands_eyebrows,wide512,1,5,0.6527554842161584,0.015160162182590057,0.650936329588015,0.6761904761904762,0.6057142857142858,50.0,512,8,1,2048,0.25,16,0.00016,0.001,0.0,cosine,5,True,False,True,0.006,True,2,20,4,True,True,False,"{""augment_noise_std"":0.006,""augment_train"":true,""balanced_sampler"":false,""batch_size"":16,""compile_model"":false,""cpu_threads"":20,""d_model"":512,""dim_feedforward"":2048,""dropout"":0.25,""label_smoothing"":0.0,""learning_rate"":0.00016,""num_heads"":8,""num_layers"":1,""num_workers"":2,""pin_memory"":true,""prefetch_factor"":4,""scheduler"":""cosine"",""standardize"":true,""use_amp"":true,""use_class_weight"":true,""warmup_epochs"":5,""weight_decay"":0.001}"
adaptive_large_model_tuning,1,2026-08-16T03:48:38,pose_hands_eyebrows,wide640,2,5,0.6387890137328339,0.01885785840507366,0.6489744961655073,0.6530497592295345,0.5995767195767195,55.0,640,8,1,2560,0.25,12,0.00016,0.001,0.0,cosine,5,True,False,True,0.006,True,2,20,4,True,True,False,"{""augment_noise_std"":0.006,""augment_train"":true,""balanced_sampler"":false,""batch_size"":12,""compile_model"":false,""cpu_threads"":20,""d_model"":640,""dim_feedforward"":2560,""dropout"":0.25,""label_smoothing"":0.0,""learning_rate"":0.00016,""num_heads"":8,""num_layers"":1,""num_workers"":2,""pin_memory"":true,""prefetch_factor"":4,""scheduler"":""cosine"",""standardize"":true,""use_amp"":true,""use_class_weight"":true,""warmup_epochs"":5,""weight_decay"":0.001}"
adaptive_large_model_tuning,1,2026-08-16T03:48:38,pose_hands_eyebrows,wide768,3,5,0.6260049937578027,0.016667256379982613,0.6269395398608881,0.6426431246655966,0.5659391534391535,56.0,768,12,1,3072,0.25,8,0.00016,0.001,0.0,cosine,5,True,False,True,0.006,True,2,20,4,True,True,False,"{""augment_noise_std"":0.006,""augment_train"":true,""balanced_sampler"":false,""batch_size"":8,""compile_model"":false,""cpu_threads"":20,""d_model"":768,""dim_feedforward"":3072,""dropout"":0.25,""label_smoothing"":0.0,""learning_rate"":0.00016,""num_heads"":12,""num_layers"":1,""num_workers"":2,""pin_memory"":true,""prefetch_factor"":4,""scheduler"":""cosine"",""standardize"":true,""use_amp"":true,""use_class_weight"":true,""warmup_epochs"":5,""weight_decay"":0.001}"
adaptive_large_model_tuning,1,2026-08-16T03:48:38,pose_hands_eyes,deep768,5,5,0.4992405596899978,0.017887050284864817,0.48962011771000524,0.5247904405207775,0.43603615520282185,25.0,768,12,3,3072,0.25,6,0.00011999999999999999,0.002,0.0,cosine,5,True,True,True,0.01,True,2,20,4,True,True,False,"{""augment_noise_std"":0.01,""augment_train"":true,""balanced_sampler"":true,""batch_size"":6,""compile_model"":false,""cpu_threads"":20,""d_model"":768,""dim_feedforward"":3072,""dropout"":0.25,""label_smoothing"":0.0,""learning_rate"":0.00011999999999999999,""num_heads"":12,""num_layers"":3,""num_workers"":2,""pin_memory"":true,""prefetch_factor"":4,""scheduler"":""cosine"",""standardize"":true,""use_amp"":true,""use_class_weight"":true,""warmup_epochs"":5,""weight_decay"":0.002}"
adaptive_large_model_tuning,1,2026-08-16T03:48:38,pose_hands_eyes,wide1024,4,5,0.6030301408953095,0.007359467416310925,0.6048599964330301,0.611530230069556,0.5371825396825397,59.0,1024,16,1,4096,0.25,6,0.00011999999999999999,0.002,0.0,cosine,5,True,True,True,0.01,True,2,20,4,True,True,False,"{""augment_noise_std"":0.01,""augment_train"":true,""balanced_sampler"":true,""batch_size"":6,""compile_model"":false,""cpu_threads"":20,""d_model"":1024,""dim_feedforward"":4096,""dropout"":0.25,""label_smoothing"":0.0,""learning_rate"":0.00011999999999999999,""num_heads"":16,""num_layers"":1,""num_workers"":2,""pin_memory"":true,""prefetch_factor"":4,""scheduler"":""cosine"",""standardize"":true,""use_amp"":true,""use_class_weight"":true,""warmup_epochs"":5,""weight_decay"":0.002}"
adaptive_large_model_tuning,1,2026-08-16T03:48:38,pose_hands_eyes,wide512,2,5,0.6402728731942215,0.014919443609176011,0.6472980203317282,0.651685393258427,0.5719973544973544,63.0,512,8,1,2048,0.25,16,0.00011999999999999999,0.002,0.0,cosine,5,True,True,True,0.01,True,2,20,4,True,True,False,"{""augment_noise_std"":0.01,""augment_train"":true,""balanced_sampler"":true,""batch_size"":16,""compile_model"":false,""cpu_threads"":20,""d_model"":512,""dim_feedforward"":2048,""dropout"":0.25,""label_smoothing"":0.0,""learning_rate"":0.00011999999999999999,""num_heads"":8,""num_layers"":1,""num_workers"":2,""pin_memory"":true,""prefetch_factor"":4,""scheduler"":""cosine"",""standardize"":true,""use_amp"":true,""use_class_weight"":true,""warmup_epochs"":5,""weight_decay"":0.002}"
adaptive_large_model_tuning,1,2026-08-16T03:48:38,pose_hands_eyes,wide640,1,5,0.6531389334760122,0.02274976247861045,0.6542179418583912,0.6862760834670947,0.5929320987654321,79.0,640,8,1,2560,0.25,12,0.00011999999999999999,0.002,0.0,cosine,5,True,True,True,0.01,True,2,20,4,True,True,False,"{""augment_noise_std"":0.01,""augment_train"":true,""balanced_sampler"":true,""batch_size"":12,""compile_model"":false,""cpu_threads"":20,""d_model"":640,""dim_feedforward"":2560,""dropout"":0.25,""label_smoothing"":0.0,""learning_rate"":0.00011999999999999999,""num_heads"":8,""num_layers"":1,""num_workers"":2,""pin_memory"":true,""prefetch_factor"":4,""scheduler"":""cosine"",""standardize"":true,""use_amp"":true,""use_class_weight"":true,""warmup_epochs"":5,""weight_decay"":0.002}"
adaptive_large_model_tuning,1,2026-08-16T03:48:38,pose_hands_eyes,wide768,3,5,0.6037328339575531,0.02795276717230765,0.599028000713394,0.6482343499197432,0.5450396825396825,71.0,768,12,1,3072,0.25,8,0.00011999999999999999,0.002,0.0,cosine,5,True,True,True,0.01,True,2,20,4,True,True,False,"{""augment_noise_std"":0.01,""augment_train"":true,""balanced_sampler"":true,""batch_size"":8,""compile_model"":false,""cpu_threads"":20,""d_model"":768,""dim_feedforward"":3072,""dropout"":0.25,""label_smoothing"":0.0,""learning_rate"":0.00011999999999999999,""num_heads"":12,""num_layers"":1,""num_workers"":2,""pin_memory"":true,""prefetch_factor"":4,""scheduler"":""cosine"",""standardize"":true,""use_amp"":true,""use_class_weight"":true,""warmup_epochs"":5,""weight_decay"":0.002}"
adaptive_large_model_tuning,1,2026-08-16T03:48:38,pose_hands_face,deep768,5,5,0.48465700342104834,0.019262581215644493,0.4840215963811469,0.5120385232744783,0.3915740740740741,42.0,768,12,3,3072,0.25,6,0.00011212499999999999,0.0007,0.0,cosine_warmup,5,True,True,True,0.006,True,2,20,4,True,True,False,"{""augment_noise_std"":0.006,""augment_train"":true,""balanced_sampler"":true,""batch_size"":6,""compile_model"":false,""cpu_threads"":20,""d_model"":768,""dim_feedforward"":3072,""dropout"":0.25,""label_smoothing"":0.0,""learning_rate"":0.00011212499999999999,""num_heads"":12,""num_layers"":3,""num_workers"":2,""pin_memory"":true,""prefetch_factor"":4,""scheduler"":""cosine_warmup"",""standardize"":true,""use_amp"":true,""use_class_weight"":true,""warmup_epochs"":5,""weight_decay"":0.0007}"
adaptive_large_model_tuning,1,2026-08-16T03:48:38,pose_hands_face,wide1024,4,5,0.5543003064351378,0.018613455405956852,0.5617977528089888,0.5727661851257356,0.47317460317460314,62.0,1024,16,1,4096,0.25,6,0.00011212499999999999,0.0007,0.0,cosine_warmup,5,True,True,True,0.006,True,2,20,4,True,True,False,"{""augment_noise_std"":0.006,""augment_train"":true,""balanced_sampler"":true,""batch_size"":6,""compile_model"":false,""cpu_threads"":20,""d_model"":1024,""dim_feedforward"":4096,""dropout"":0.25,""label_smoothing"":0.0,""learning_rate"":0.00011212499999999999,""num_heads"":16,""num_layers"":1,""num_workers"":2,""pin_memory"":true,""prefetch_factor"":4,""scheduler"":""cosine_warmup"",""standardize"":true,""use_amp"":true,""use_class_weight"":true,""warmup_epochs"":5,""weight_decay"":0.0007}"
adaptive_large_model_tuning,1,2026-08-16T03:48:38,pose_hands_face,wide512,2,5,0.6091492776886035,0.026175490356461585,0.6227661851257357,0.6336543606206527,0.5727513227513228,88.0,512,8,1,2048,0.25,16,0.00011212499999999999,0.0007,0.0,cosine_warmup,5,True,True,True,0.006,True,2,20,4,True,True,False,"{""augment_noise_std"":0.006,""augment_train"":true,""balanced_sampler"":true,""batch_size"":16,""compile_model"":false,""cpu_threads"":20,""d_model"":512,""dim_feedforward"":2048,""dropout"":0.25,""label_smoothing"":0.0,""learning_rate"":0.00011212499999999999,""num_heads"":8,""num_layers"":1,""num_workers"":2,""pin_memory"":true,""prefetch_factor"":4,""scheduler"":""cosine_warmup"",""standardize"":true,""use_amp"":true,""use_class_weight"":true,""warmup_epochs"":5,""weight_decay"":0.0007}"
adaptive_large_model_tuning,1,2026-08-16T03:48:38,pose_hands_face,wide640,1,5,0.6128928125557339,0.008964288308885923,0.6142500445871232,0.6200909577314071,0.523068783068783,74.0,640,8,1,2560,0.25,12,0.00011212499999999999,0.0007,0.0,cosine_warmup,5,True,True,True,0.006,True,2,20,4,True,True,False,"{""augment_noise_std"":0.006,""augment_train"":true,""balanced_sampler"":true,""batch_size"":12,""compile_model"":false,""cpu_threads"":20,""d_model"":640,""dim_feedforward"":2560,""dropout"":0.25,""label_smoothing"":0.0,""learning_rate"":0.00011212499999999999,""num_heads"":8,""num_layers"":1,""num_workers"":2,""pin_memory"":true,""prefetch_factor"":4,""scheduler"":""cosine_warmup"",""standardize"":true,""use_amp"":true,""use_class_weight"":true,""warmup_epochs"":5,""weight_decay"":0.0007}"
adaptive_large_model_tuning,1,2026-08-16T03:48:38,pose_hands_face,wide768,3,5,0.5874353486713038,0.017957480352044176,0.5816211878009631,0.6149545211342964,0.5286904761904762,54.0,768,12,1,3072,0.25,8,0.00011212499999999999,0.0007,0.0,cosine_warmup,5,True,True,True,0.006,True,2,20,4,True,True,False,"{""augment_noise_std"":0.006,""augment_train"":true,""balanced_sampler"":true,""batch_size"":8,""compile_model"":false,""cpu_threads"":20,""d_model"":768,""dim_feedforward"":3072,""dropout"":0.25,""label_smoothing"":0.0,""learning_rate"":0.00011212499999999999,""num_heads"":12,""num_layers"":1,""num_workers"":2,""pin_memory"":true,""prefetch_factor"":4,""scheduler"":""cosine_warmup"",""standardize"":true,""use_amp"":true,""use_class_weight"":true,""warmup_epochs"":5,""weight_decay"":0.0007}"
adaptive_large_model_tuning,1,2026-08-16T03:48:38,pose_hands_mouth,deep768,5,5,0.49850219692916314,0.016537601772637613,0.49842161583734607,0.5232477260567148,0.4706463443963444,24.0,768,12,3,3072,0.25,6,0.000125,0.001,0.0,cosine,5,True,True,True,0.006,True,2,20,4,True,True,False,"{""augment_noise_std"":0.006,""augment_train"":true,""balanced_sampler"":true,""batch_size"":6,""compile_model"":false,""cpu_threads"":20,""d_model"":768,""dim_feedforward"":3072,""dropout"":0.25,""label_smoothing"":0.0,""learning_rate"":0.000125,""num_heads"":12,""num_layers"":3,""num_workers"":2,""pin_memory"":true,""prefetch_factor"":4,""scheduler"":""cosine"",""standardize"":true,""use_amp"":true,""use_class_weight"":true,""warmup_epochs"":5,""weight_decay"":0.001}"
adaptive_large_model_tuning,1,2026-08-16T03:48:38,pose_hands_mouth,wide1024,4,5,0.5883377920456572,0.029326453129562217,0.583681112894596,0.628143392188336,0.5283465608465607,74.0,1024,16,1,4096,0.25,6,0.000125,0.001,0.0,cosine,5,True,True,True,0.006,True,2,20,4,True,True,False,"{""augment_noise_std"":0.006,""augment_train"":true,""balanced_sampler"":true,""batch_size"":6,""compile_model"":false,""cpu_threads"":20,""d_model"":1024,""dim_feedforward"":4096,""dropout"":0.25,""label_smoothing"":0.0,""learning_rate"":0.000125,""num_heads"":16,""num_layers"":1,""num_workers"":2,""pin_memory"":true,""prefetch_factor"":4,""scheduler"":""cosine"",""standardize"":true,""use_amp"":true,""use_class_weight"":true,""warmup_epochs"":5,""weight_decay"":0.001}"
adaptive_large_model_tuning,1,2026-08-16T03:48:38,pose_hands_mouth,wide512,2,5,0.6465296625970783,0.026131374242922934,0.6573033707865168,0.6695202425539505,0.5785582010582011,74.0,512,8,1,2048,0.25,16,0.000125,0.001,0.0,cosine,5,True,True,True,0.006,True,2,20,4,True,True,False,"{""augment_noise_std"":0.006,""augment_train"":true,""balanced_sampler"":true,""batch_size"":16,""compile_model"":false,""cpu_threads"":20,""d_model"":512,""dim_feedforward"":2048,""dropout"":0.25,""label_smoothing"":0.0,""learning_rate"":0.000125,""num_heads"":8,""num_layers"":1,""num_workers"":2,""pin_memory"":true,""prefetch_factor"":4,""scheduler"":""cosine"",""standardize"":true,""use_amp"":true,""use_class_weight"":true,""warmup_epochs"":5,""weight_decay"":0.001}"
adaptive_large_model_tuning,1,2026-08-16T03:48:38,pose_hands_mouth,wide640,1,5,0.6469306224362403,0.014034892409144248,0.6509006598894239,0.6645264847512038,0.5878835978835979,79.0,640,8,1,2560,0.25,12,0.000125,0.001,0.0,cosine,5,True,True,True,0.006,True,2,20,4,True,True,False,"{""augment_noise_std"":0.006,""augment_train"":true,""balanced_sampler"":true,""batch_size"":12,""compile_model"":false,""cpu_threads"":20,""d_model"":640,""dim_feedforward"":2560,""dropout"":0.25,""label_smoothing"":0.0,""learning_rate"":0.000125,""num_heads"":8,""num_layers"":1,""num_workers"":2,""pin_memory"":true,""prefetch_factor"":4,""scheduler"":""cosine"",""standardize"":true,""use_amp"":true,""use_class_weight"":true,""warmup_epochs"":5,""weight_decay"":0.001}"
adaptive_large_model_tuning,1,2026-08-16T03:48:38,pose_hands_mouth,wide768,3,5,0.6139254503299446,0.030999347802732617,0.6214820759764579,0.6480470840021401,0.58,53.0,768,12,1,3072,0.25,8,0.000125,0.001,0.0,cosine,5,True,True,True,0.006,True,2,20,4,True,True,False,"{""augment_noise_std"":0.006,""augment_train"":true,""balanced_sampler"":true,""batch_size"":8,""compile_model"":false,""cpu_threads"":20,""d_model"":768,""dim_feedforward"":3072,""dropout"":0.25,""label_smoothing"":0.0,""learning_rate"":0.000125,""num_heads"":12,""num_layers"":1,""num_workers"":2,""pin_memory"":true,""prefetch_factor"":4,""scheduler"":""cosine"",""standardize"":true,""use_amp"":true,""use_class_weight"":true,""warmup_epochs"":5,""weight_decay"":0.001}"
adaptive_large_model_tuning,2,2026-08-16T11:20:29,hands,capacity_ref,4,5,0.6624059211699661,0.020595851997617657,0.6582932049224185,0.6898341359015516,0.5724118165784832,57.0,1024,16,3,4096,0.3,6,0.00011999999999999999,0.003,0.05,cosine,5,True,False,True,0.006,True,2,20,4,True,True,False,"{""augment_noise_std"":0.006,""augment_train"":true,""balanced_sampler"":false,""batch_size"":6,""compile_model"":false,""cpu_threads"":20,""d_model"":1024,""dim_feedforward"":4096,""dropout"":0.3,""label_smoothing"":0.05,""learning_rate"":0.00011999999999999999,""num_heads"":16,""num_layers"":3,""num_workers"":2,""pin_memory"":true,""prefetch_factor"":4,""scheduler"":""cosine"",""standardize"":true,""use_amp"":true,""use_class_weight"":true,""warmup_epochs"":5,""weight_decay"":0.003}"
adaptive_large_model_tuning,2,2026-08-16T11:20:29,hands,depth_down,2,5,0.673529516675584,0.022365310439253643,0.6757624398073836,0.7016586409844837,0.6163888888888889,70.0,1024,16,2,4096,0.3,8,0.00011999999999999999,0.003,0.05,cosine,5,True,False,True,0.006,True,2,20,4,True,True,False,"{""augment_noise_std"":0.006,""augment_train"":true,""balanced_sampler"":false,""batch_size"":8,""compile_model"":false,""cpu_threads"":20,""d_model"":1024,""dim_feedforward"":4096,""dropout"":0.3,""label_smoothing"":0.05,""learning_rate"":0.00011999999999999999,""num_heads"":16,""num_layers"":2,""num_workers"":2,""pin_memory"":true,""prefetch_factor"":4,""scheduler"":""cosine"",""standardize"":true,""use_amp"":true,""use_class_weight"":true,""warmup_epochs"":5,""weight_decay"":0.003}"
adaptive_large_model_tuning,2,2026-08-16T11:20:29,hands,depth_up,5,5,0.6475655430711611,0.031898466221861876,0.6498662386302836,0.6872926698769395,0.6108201058201058,92.0,1024,16,4,4096,0.3,6,0.00011999999999999999,0.003,0.05,cosine,5,True,False,True,0.006,True,2,20,4,True,True,False,"{""augment_noise_std"":0.006,""augment_train"":true,""balanced_sampler"":false,""batch_size"":6,""compile_model"":false,""cpu_threads"":20,""d_model"":1024,""dim_feedforward"":4096,""dropout"":0.3,""label_smoothing"":0.05,""learning_rate"":0.00011999999999999999,""num_heads"":16,""num_layers"":4,""num_workers"":2,""pin_memory"":true,""prefetch_factor"":4,""scheduler"":""cosine"",""standardize"":true,""use_amp"":true,""use_class_weight"":true,""warmup_epochs"":5,""weight_decay"":0.003}"
adaptive_large_model_tuning,2,2026-08-16T11:20:29,hands,dropout_fill,3,5,0.6691974317817014,0.021155802428584627,0.6639646869983948,0.6994649545211342,0.6299470899470899,90.0,1024,16,3,4096,0.35,6,0.00011999999999999999,0.003,0.05,cosine,5,True,False,True,0.006,True,2,20,4,True,True,False,"{""augment_noise_std"":0.006,""augment_train"":true,""balanced_sampler"":false,""batch_size"":6,""compile_model"":false,""cpu_threads"":20,""d_model"":1024,""dim_feedforward"":4096,""dropout"":0.35,""label_smoothing"":0.05,""learning_rate"":0.00011999999999999999,""num_heads"":16,""num_layers"":3,""num_workers"":2,""pin_memory"":true,""prefetch_factor"":4,""scheduler"":""cosine"",""standardize"":true,""use_amp"":true,""use_class_weight"":true,""warmup_epochs"":5,""weight_decay"":0.003}"
adaptive_large_model_tuning,2,2026-08-16T11:20:29,hands,ff_down,1,5,0.6837346174424827,0.007592486699691163,0.6867041198501872,0.6908507223113964,0.6224338624338625,95.0,1024,16,3,3584,0.3,6,0.00011999999999999999,0.003,0.05,cosine,5,True,False,True,0.006,True,2,20,4,True,True,False,"{""augment_noise_std"":0.006,""augment_train"":true,""balanced_sampler"":false,""batch_size"":6,""compile_model"":false,""cpu_threads"":20,""d_model"":1024,""dim_feedforward"":3584,""dropout"":0.3,""label_smoothing"":0.05,""learning_rate"":0.00011999999999999999,""num_heads"":16,""num_layers"":3,""num_workers"":2,""pin_memory"":true,""prefetch_factor"":4,""scheduler"":""cosine"",""standardize"":true,""use_amp"":true,""use_class_weight"":true,""warmup_epochs"":5,""weight_decay"":0.003}"
adaptive_large_model_tuning,2,2026-08-16T11:20:29,pose,capacity_ref,3,5,0.24291755685014113,0.008015630178879123,0.24339218833600856,0.25438625045366614,0.19433421516754848,60.0,768,12,3,3072,0.25,8,0.00017111250000000002,0.0007,0.0,cosine,5,True,True,True,0.006,True,2,20,4,True,True,False,"{""augment_noise_std"":0.006,""augment_train"":true,""balanced_sampler"":true,""batch_size"":8,""compile_model"":false,""cpu_threads"":20,""d_model"":768,""dim_feedforward"":3072,""dropout"":0.25,""label_smoothing"":0.0,""learning_rate"":0.00017111250000000002,""num_heads"":12,""num_layers"":3,""num_workers"":2,""pin_memory"":true,""prefetch_factor"":4,""scheduler"":""cosine"",""standardize"":true,""use_amp"":true,""use_class_weight"":true,""warmup_epochs"":5,""weight_decay"":0.0007}"
adaptive_large_model_tuning,2,2026-08-16T11:20:29,pose,depth_down,5,5,0.231999111999112,0.017936396533094513,0.23285179240235418,0.2576073738995087,0.19790343915343914,50.0,768,12,2,3072,0.25,10,0.00017111250000000002,0.0007,0.0,cosine,5,True,True,True,0.006,True,2,20,4,True,True,False,"{""augment_noise_std"":0.006,""augment_train"":true,""balanced_sampler"":true,""batch_size"":10,""compile_model"":false,""cpu_threads"":20,""d_model"":768,""dim_feedforward"":3072,""dropout"":0.25,""label_smoothing"":0.0,""learning_rate"":0.00017111250000000002,""num_heads"":12,""num_layers"":2,""num_workers"":2,""pin_memory"":true,""prefetch_factor"":4,""scheduler"":""cosine"",""standardize"":true,""use_amp"":true,""use_class_weight"":true,""warmup_epochs"":5,""weight_decay"":0.0007}"
adaptive_large_model_tuning,2,2026-08-16T11:20:29,pose,depth_up,4,5,0.24134653112181198,0.021079066591902947,0.2423488496522204,0.2634118066702336,0.1884016754850088,83.0,768,12,4,3072,0.25,8,0.00017111250000000002,0.0007,0.0,cosine,5,True,True,True,0.006,True,2,20,4,True,True,False,"{""augment_noise_std"":0.006,""augment_train"":true,""balanced_sampler"":true,""batch_size"":8,""compile_model"":false,""cpu_threads"":20,""d_model"":768,""dim_feedforward"":3072,""dropout"":0.25,""label_smoothing"":0.0,""learning_rate"":0.00017111250000000002,""num_heads"":12,""num_layers"":4,""num_workers"":2,""pin_memory"":true,""prefetch_factor"":4,""scheduler"":""cosine"",""standardize"":true,""use_amp"":true,""use_class_weight"":true,""warmup_epochs"":5,""weight_decay"":0.0007}"
adaptive_large_model_tuning,2,2026-08-16T11:20:29,pose,ff_down,2,5,0.24900319405937382,0.01728246300314944,0.24683431425004454,0.27592295345104334,0.1704365079365079,45.0,768,12,3,2560,0.25,8,0.00017111250000000002,0.0007,0.0,cosine,5,True,True,True,0.006,True,2,20,4,True,True,False,"{""augment_noise_std"":0.006,""augment_train"":true,""balanced_sampler"":true,""batch_size"":8,""compile_model"":false,""cpu_threads"":20,""d_model"":768,""dim_feedforward"":2560,""dropout"":0.25,""label_smoothing"":0.0,""learning_rate"":0.00017111250000000002,""num_heads"":12,""num_layers"":3,""num_workers"":2,""pin_memory"":true,""prefetch_factor"":4,""scheduler"":""cosine"",""standardize"":true,""use_amp"":true,""use_class_weight"":true,""warmup_epochs"":5,""weight_decay"":0.0007}"
adaptive_large_model_tuning,2,2026-08-16T11:20:29,pose,ff_up,1,5,0.24918916289702805,0.017290570555038156,0.24609416800428036,0.2728115829239425,0.17492524450857783,42.0,768,12,3,3584,0.25,8,0.00017111250000000002,0.0007,0.0,cosine,5,True,True,True,0.006,True,2,20,4,True,True,False,"{""augment_noise_std"":0.006,""augment_train"":true,""balanced_sampler"":true,""batch_size"":8,""compile_model"":false,""cpu_threads"":20,""d_model"":768,""dim_feedforward"":3584,""dropout"":0.25,""label_smoothing"":0.0,""learning_rate"":0.00017111250000000002,""num_heads"":12,""num_layers"":3,""num_workers"":2,""pin_memory"":true,""prefetch_factor"":4,""scheduler"":""cosine"",""standardize"":true,""use_amp"":true,""use_class_weight"":true,""warmup_epochs"":5,""weight_decay"":0.0007}"
adaptive_large_model_tuning,2,2026-08-16T11:20:29,pose_hands,capacity_ref,2,5,0.6355644729802034,0.0201560107643322,0.6369983948635634,0.657223113964687,0.6130555555555555,73.0,512,8,3,2048,0.35,16,8e-05,0.002,0.0,cosine,5,False,True,True,0.006,True,2,20,4,True,True,False,"{""augment_noise_std"":0.006,""augment_train"":true,""balanced_sampler"":true,""batch_size"":16,""compile_model"":false,""cpu_threads"":20,""d_model"":512,""dim_feedforward"":2048,""dropout"":0.35,""label_smoothing"":0.0,""learning_rate"":8e-05,""num_heads"":8,""num_layers"":3,""num_workers"":2,""pin_memory"":true,""prefetch_factor"":4,""scheduler"":""cosine"",""standardize"":true,""use_amp"":true,""use_class_weight"":false,""warmup_epochs"":5,""weight_decay"":0.002}"
adaptive_large_model_tuning,2,2026-08-16T11:20:29,pose_hands,depth_down,1,5,0.6681915462814338,0.020016637031081273,0.6735687533440342,0.6915462814339217,0.6119312169312169,65.0,512,8,2,2048,0.35,16,8e-05,0.002,0.0,cosine,5,False,True,True,0.006,True,2,20,4,True,True,False,"{""augment_noise_std"":0.006,""augment_train"":true,""balanced_sampler"":true,""batch_size"":16,""compile_model"":false,""cpu_threads"":20,""d_model"":512,""dim_feedforward"":2048,""dropout"":0.35,""label_smoothing"":0.0,""learning_rate"":8e-05,""num_heads"":8,""num_layers"":2,""num_workers"":2,""pin_memory"":true,""prefetch_factor"":4,""scheduler"":""cosine"",""standardize"":true,""use_amp"":true,""use_class_weight"":false,""warmup_epochs"":5,""weight_decay"":0.002}"
adaptive_large_model_tuning,2,2026-08-16T11:20:29,pose_hands,depth_up,5,5,0.6239239911150023,0.00855545452787059,0.6226324237560192,0.6345371856607811,0.6126984126984126,45.0,512,8,4,2048,0.35,8,8e-05,0.002,0.0,cosine,5,False,True,True,0.006,True,2,20,4,True,True,False,"{""augment_noise_std"":0.006,""augment_train"":true,""balanced_sampler"":true,""batch_size"":8,""compile_model"":false,""cpu_threads"":20,""d_model"":512,""dim_feedforward"":2048,""dropout"":0.35,""label_smoothing"":0.0,""learning_rate"":8e-05,""num_heads"":8,""num_layers"":4,""num_workers"":2,""pin_memory"":true,""prefetch_factor"":4,""scheduler"":""cosine"",""standardize"":true,""use_amp"":true,""use_class_weight"":false,""warmup_epochs"":5,""weight_decay"":0.002}"
adaptive_large_model_tuning,2,2026-08-16T11:20:29,pose_hands,ff_down,4,5,0.6275869448903156,0.02086467626067049,0.6337613697164259,0.6529159978598181,0.6300132275132275,61.0,512,8,3,1536,0.35,16,8e-05,0.002,0.0,cosine,5,False,True,True,0.006,True,2,20,4,True,True,False,"{""augment_noise_std"":0.006,""augment_train"":true,""balanced_sampler"":true,""batch_size"":16,""compile_model"":false,""cpu_threads"":20,""d_model"":512,""dim_feedforward"":1536,""dropout"":0.35,""label_smoothing"":0.0,""learning_rate"":8e-05,""num_heads"":8,""num_layers"":3,""num_workers"":2,""pin_memory"":true,""prefetch_factor"":4,""scheduler"":""cosine"",""standardize"":true,""use_amp"":true,""use_class_weight"":false,""warmup_epochs"":5,""weight_decay"":0.002}"
adaptive_large_model_tuning,2,2026-08-16T11:20:29,pose_hands,ff_up,3,5,0.635095416443731,0.023273748525382793,0.6306046013911183,0.6682718031032637,0.6270502645502645,57.0,512,8,3,2560,0.35,16,8e-05,0.002,0.0,cosine,5,False,True,True,0.006,True,2,20,4,True,True,False,"{""augment_noise_std"":0.006,""augment_train"":true,""balanced_sampler"":true,""batch_size"":16,""compile_model"":false,""cpu_threads"":20,""d_model"":512,""dim_feedforward"":2560,""dropout"":0.35,""label_smoothing"":0.0,""learning_rate"":8e-05,""num_heads"":8,""num_layers"":3,""num_workers"":2,""pin_memory"":true,""prefetch_factor"":4,""scheduler"":""cosine"",""standardize"":true,""use_amp"":true,""use_class_weight"":false,""warmup_epochs"":5,""weight_decay"":0.002}"
adaptive_large_model_tuning,2,2026-08-16T11:20:29,pose_hands_eyebrows,capacity_ref,1,5,0.6606777242732299,0.009214178164575164,0.6562867843766721,0.6751203852327448,0.6053439153439153,46.0,512,8,1,2048,0.25,16,0.00016,0.001,0.0,cosine,5,True,False,True,0.006,True,2,20,4,True,True,False,"{""augment_noise_std"":0.006,""augment_train"":true,""balanced_sampler"":false,""batch_size"":16,""compile_model"":false,""cpu_threads"":20,""d_model"":512,""dim_feedforward"":2048,""dropout"":0.25,""label_smoothing"":0.0,""learning_rate"":0.00016,""num_heads"":8,""num_layers"":1,""num_workers"":2,""pin_memory"":true,""prefetch_factor"":4,""scheduler"":""cosine"",""standardize"":true,""use_amp"":true,""use_class_weight"":true,""warmup_epochs"":5,""weight_decay"":0.001}"
adaptive_large_model_tuning,2,2026-08-16T11:20:29,pose_hands_eyebrows,depth_up,5,5,0.5866024612092028,0.02244401310525035,0.590155163188871,0.6100053504547887,0.5616071428571429,34.0,512,8,2,2048,0.25,8,0.00016,0.001,0.0,cosine,5,True,False,True,0.006,True,2,20,4,True,True,False,"{""augment_noise_std"":0.006,""augment_train"":true,""balanced_sampler"":false,""batch_size"":8,""compile_model"":false,""cpu_threads"":20,""d_model"":512,""dim_feedforward"":2048,""dropout"":0.25,""label_smoothing"":0.0,""learning_rate"":0.00016,""num_heads"":8,""num_layers"":2,""num_workers"":2,""pin_memory"":true,""prefetch_factor"":4,""scheduler"":""cosine"",""standardize"":true,""use_amp"":true,""use_class_weight"":true,""warmup_epochs"":5,""weight_decay"":0.001}"
adaptive_large_model_tuning,2,2026-08-16T11:20:29,pose_hands_eyebrows,ff_down,2,5,0.6548903156768325,0.016836921443033153,0.6539593365436062,0.6781166399143927,0.6423148148148148,81.0,512,8,1,1536,0.25,16,0.00016,0.001,0.0,cosine,5,True,False,True,0.006,True,2,20,4,True,True,False,"{""augment_noise_std"":0.006,""augment_train"":true,""balanced_sampler"":false,""batch_size"":16,""compile_model"":false,""cpu_threads"":20,""d_model"":512,""dim_feedforward"":1536,""dropout"":0.25,""label_smoothing"":0.0,""learning_rate"":0.00016,""num_heads"":8,""num_layers"":1,""num_workers"":2,""pin_memory"":true,""prefetch_factor"":4,""scheduler"":""cosine"",""standardize"":true,""use_amp"":true,""use_class_weight"":true,""warmup_epochs"":5,""weight_decay"":0.001}"
adaptive_large_model_tuning,2,2026-08-16T11:20:29,pose_hands_eyebrows,ff_up,3,5,0.6510130194399857,0.00676602683007691,0.6483681112894596,0.6581594435527021,0.6033597883597883,51.0,512,8,1,2560,0.25,16,0.00016,0.001,0.0,cosine,5,True,False,True,0.006,True,2,20,4,True,True,False,"{""augment_noise_std"":0.006,""augment_train"":true,""balanced_sampler"":false,""batch_size"":16,""compile_model"":false,""cpu_threads"":20,""d_model"":512,""dim_feedforward"":2560,""dropout"":0.25,""label_smoothing"":0.0,""learning_rate"":0.00016,""num_heads"":8,""num_layers"":1,""num_workers"":2,""pin_memory"":true,""prefetch_factor"":4,""scheduler"":""cosine"",""standardize"":true,""use_amp"":true,""use_class_weight"":true,""warmup_epochs"":5,""weight_decay"":0.001}"
adaptive_large_model_tuning,2,2026-08-16T11:20:29,pose_hands_eyebrows,width_up,4,5,0.6442304262528982,0.027541840288272782,0.6465757089352595,0.6753879079721776,0.5772883597883598,54.0,640,8,1,2048,0.25,8,0.00016,0.001,0.0,cosine,5,True,False,True,0.006,True,2,20,4,True,True,False,"{""augment_noise_std"":0.006,""augment_train"":true,""balanced_sampler"":false,""batch_size"":8,""compile_model"":false,""cpu_threads"":20,""d_model"":640,""dim_feedforward"":2048,""dropout"":0.25,""label_smoothing"":0.0,""learning_rate"":0.00016,""num_heads"":8,""num_layers"":1,""num_workers"":2,""pin_memory"":true,""prefetch_factor"":4,""scheduler"":""cosine"",""standardize"":true,""use_amp"":true,""use_class_weight"":true,""warmup_epochs"":5,""weight_decay"":0.001}"
adaptive_large_model_tuning,2,2026-08-16T11:20:29,pose_hands_eyes,capacity_ref,4,5,0.6248742643124665,0.026991765536709043,0.6322810772248975,0.6521580167647584,0.5925661375661375,100.0,640,8,1,2560,0.25,12,0.00011999999999999999,0.002,0.0,cosine,5,True,True,True,0.01,True,2,20,4,True,True,False,"{""augment_noise_std"":0.01,""augment_train"":true,""balanced_sampler"":true,""batch_size"":12,""compile_model"":false,""cpu_threads"":20,""d_model"":640,""dim_feedforward"":2560,""dropout"":0.25,""label_smoothing"":0.0,""learning_rate"":0.00011999999999999999,""num_heads"":8,""num_layers"":1,""num_workers"":2,""pin_memory"":true,""prefetch_factor"":4,""scheduler"":""cosine"",""standardize"":true,""use_amp"":true,""use_class_weight"":true,""warmup_epochs"":5,""weight_decay"":0.002}"
adaptive_large_model_tuning,2,2026-08-16T11:20:29,pose_hands_eyes,depth_up,5,5,0.5695273764936686,0.01692282797020445,0.5720706260032102,0.5898341359015516,0.5026984126984128,35.0,640,8,2,2560,0.25,8,0.00011999999999999999,0.002,0.0,cosine,5,True,True,True,0.01,True,2,20,4,True,True,False,"{""augment_noise_std"":0.01,""augment_train"":true,""balanced_sampler"":true,""batch_size"":8,""compile_model"":false,""cpu_threads"":20,""d_model"":640,""dim_feedforward"":2560,""dropout"":0.25,""label_smoothing"":0.0,""learning_rate"":0.00011999999999999999,""num_heads"":8,""num_layers"":2,""num_workers"":2,""pin_memory"":true,""prefetch_factor"":4,""scheduler"":""cosine"",""standardize"":true,""use_amp"":true,""use_class_weight"":true,""warmup_epochs"":5,""weight_decay"":0.002}"
adaptive_large_model_tuning,2,2026-08-16T11:20:29,pose_hands_eyes,ff_down,3,5,0.634414125200642,0.0074700649386521805,0.637685036561441,0.6431425004458713,0.5632231040564374,78.0,640,8,1,2048,0.25,12,0.00011999999999999999,0.002,0.0,cosine,5,True,True,True,0.01,True,2,20,4,True,True,False,"{""augment_noise_std"":0.01,""augment_train"":true,""balanced_sampler"":true,""batch_size"":12,""compile_model"":false,""cpu_threads"":20,""d_model"":640,""dim_feedforward"":2048,""dropout"":0.25,""label_smoothing"":0.0,""learning_rate"":0.00011999999999999999,""num_heads"":8,""num_layers"":1,""num_workers"":2,""pin_memory"":true,""prefetch_factor"":4,""scheduler"":""cosine"",""standardize"":true,""use_amp"":true,""use_class_weight"":true,""warmup_epochs"":5,""weight_decay"":0.002}"
adaptive_large_model_tuning,2,2026-08-16T11:20:29,pose_hands_eyes,ff_up,1,5,0.6362065275548422,0.022565609938531957,0.6301408953094346,0.6630283574103799,0.5859788359788359,75.0,640,8,1,3072,0.25,12,0.00011999999999999999,0.002,0.0,cosine,5,True,True,True,0.01,True,2,20,4,True,True,False,"{""augment_noise_std"":0.01,""augment_train"":true,""balanced_sampler"":true,""batch_size"":12,""compile_model"":false,""cpu_threads"":20,""d_model"":640,""dim_feedforward"":3072,""dropout"":0.25,""label_smoothing"":0.0,""learning_rate"":0.00011999999999999999,""num_heads"":8,""num_layers"":1,""num_workers"":2,""pin_memory"":true,""prefetch_factor"":4,""scheduler"":""cosine"",""standardize"":true,""use_amp"":true,""use_class_weight"":true,""warmup_epochs"":5,""weight_decay"":0.002}"
adaptive_large_model_tuning,2,2026-08-16T11:20:29,pose_hands_eyes,width_up,2,5,0.6358658819332976,0.026109544005091023,0.6387907972177634,0.6586677367576245,0.6018518518518519,84.0,768,8,1,2560,0.25,8,0.00011999999999999999,0.002,0.0,cosine,5,True,True,True,0.01,True,2,20,4,True,True,False,"{""augment_noise_std"":0.01,""augment_train"":true,""balanced_sampler"":true,""batch_size"":8,""compile_model"":false,""cpu_threads"":20,""d_model"":768,""dim_feedforward"":2560,""dropout"":0.25,""label_smoothing"":0.0,""learning_rate"":0.00011999999999999999,""num_heads"":8,""num_layers"":1,""num_workers"":2,""pin_memory"":true,""prefetch_factor"":4,""scheduler"":""cosine"",""standardize"":true,""use_amp"":true,""use_class_weight"":true,""warmup_epochs"":5,""weight_decay"":0.002}"
adaptive_large_model_tuning,2,2026-08-16T11:20:29,pose_hands_face,capacity_ref,2,5,0.6223042625289816,0.010801610255673106,0.6197431781701443,0.6383003388621366,0.5374206349206349,75.0,640,8,1,2560,0.25,12,0.00011212499999999999,0.0007,0.0,cosine_warmup,5,True,True,True,0.006,True,2,20,4,True,True,False,"{""augment_noise_std"":0.006,""augment_train"":true,""balanced_sampler"":true,""batch_size"":12,""compile_model"":false,""cpu_threads"":20,""d_model"":640,""dim_feedforward"":2560,""dropout"":0.25,""label_smoothing"":0.0,""learning_rate"":0.00011212499999999999,""num_heads"":8,""num_layers"":1,""num_workers"":2,""pin_memory"":true,""prefetch_factor"":4,""scheduler"":""cosine_warmup"",""standardize"":true,""use_amp"":true,""use_class_weight"":true,""warmup_epochs"":5,""weight_decay"":0.0007}"
adaptive_large_model_tuning,2,2026-08-16T11:20:29,pose_hands_face,depth_up,5,5,0.538441720576552,0.03196994368079101,0.5380709178461986,0.5875601926163724,0.48841269841269835,52.0,640,8,2,2560,0.25,8,0.00011212499999999999,0.0007,0.0,cosine_warmup,5,True,True,True,0.006,True,2,20,4,True,True,False,"{""augment_noise_std"":0.006,""augment_train"":true,""balanced_sampler"":true,""batch_size"":8,""compile_model"":false,""cpu_threads"":20,""d_model"":640,""dim_feedforward"":2560,""dropout"":0.25,""label_smoothing"":0.0,""learning_rate"":0.00011212499999999999,""num_heads"":8,""num_layers"":2,""num_workers"":2,""pin_memory"":true,""prefetch_factor"":4,""scheduler"":""cosine_warmup"",""standardize"":true,""use_amp"":true,""use_class_weight"":true,""warmup_epochs"":5,""weight_decay"":0.0007}"
adaptive_large_model_tuning,2,2026-08-16T11:20:29,pose_hands_face,ff_down,4,5,0.616383416832855,0.020357236025908516,0.6137506688068486,0.6495987158908507,0.558478835978836,93.0,640,8,1,2048,0.25,12,0.00011212499999999999,0.0007,0.0,cosine_warmup,5,True,True,True,0.006,True,2,20,4,True,True,False,"{""augment_noise_std"":0.006,""augment_train"":true,""balanced_sampler"":true,""batch_size"":12,""compile_model"":false,""cpu_threads"":20,""d_model"":640,""dim_feedforward"":2048,""dropout"":0.25,""label_smoothing"":0.0,""learning_rate"":0.00011212499999999999,""num_heads"":8,""num_layers"":1,""num_workers"":2,""pin_memory"":true,""prefetch_factor"":4,""scheduler"":""cosine_warmup"",""standardize"":true,""use_amp"":true,""use_class_weight"":true,""warmup_epochs"":5,""weight_decay"":0.0007}"
adaptive_large_model_tuning,2,2026-08-16T11:20:29,pose_hands_face,ff_up,3,5,0.6179810950597467,0.030947947999211328,0.601123595505618,0.662199036918138,0.5277248677248676,70.0,640,8,1,3072,0.25,12,0.00011212499999999999,0.0007,0.0,cosine_warmup,5,True,True,True,0.006,True,2,20,4,True,True,False,"{""augment_noise_std"":0.006,""augment_train"":true,""balanced_sampler"":true,""batch_size"":12,""compile_model"":false,""cpu_threads"":20,""d_model"":640,""dim_feedforward"":3072,""dropout"":0.25,""label_smoothing"":0.0,""learning_rate"":0.00011212499999999999,""num_heads"":8,""num_layers"":1,""num_workers"":2,""pin_memory"":true,""prefetch_factor"":4,""scheduler"":""cosine_warmup"",""standardize"":true,""use_amp"":true,""use_class_weight"":true,""warmup_epochs"":5,""weight_decay"":0.0007}"
adaptive_large_model_tuning,2,2026-08-16T11:20:29,pose_hands_face,width_up,1,5,0.6309523809523809,0.012843292793306399,0.628143392188336,0.6468967362225788,0.5517989417989417,77.0,768,8,1,2560,0.25,8,0.00011212499999999999,0.0007,0.0,cosine_warmup,5,True,True,True,0.006,True,2,20,4,True,True,False,"{""augment_noise_std"":0.006,""augment_train"":true,""balanced_sampler"":true,""batch_size"":8,""compile_model"":false,""cpu_threads"":20,""d_model"":768,""dim_feedforward"":2560,""dropout"":0.25,""label_smoothing"":0.0,""learning_rate"":0.00011212499999999999,""num_heads"":8,""num_layers"":1,""num_workers"":2,""pin_memory"":true,""prefetch_factor"":4,""scheduler"":""cosine_warmup"",""standardize"":true,""use_amp"":true,""use_class_weight"":true,""warmup_epochs"":5,""weight_decay"":0.0007}"
adaptive_large_model_tuning,2,2026-08-16T11:20:29,pose_hands_mouth,capacity_ref,3,5,0.626987693953986,0.022047837514459698,0.6266720171214553,0.6550026752273943,0.5927777777777778,70.0,640,8,1,2560,0.25,12,0.000125,0.001,0.0,cosine,5,True,True,True,0.006,True,2,20,4,True,True,False,"{""augment_noise_std"":0.006,""augment_train"":true,""balanced_sampler"":true,""batch_size"":12,""compile_model"":false,""cpu_threads"":20,""d_model"":640,""dim_feedforward"":2560,""dropout"":0.25,""label_smoothing"":0.0,""learning_rate"":0.000125,""num_heads"":8,""num_layers"":1,""num_workers"":2,""pin_memory"":true,""prefetch_factor"":4,""scheduler"":""cosine"",""standardize"":true,""use_amp"":true,""use_class_weight"":true,""warmup_epochs"":5,""weight_decay"":0.001}"
adaptive_large_model_tuning,2,2026-08-16T11:20:29,pose_hands_mouth,depth_up,5,5,0.5684091314428393,0.03666089905657898,0.5744783306581059,0.610700909577314,0.5025925925925926,38.0,640,8,2,2560,0.25,8,0.000125,0.001,0.0,cosine,5,True,True,True,0.006,True,2,20,4,True,True,False,"{""augment_noise_std"":0.006,""augment_train"":true,""balanced_sampler"":true,""batch_size"":8,""compile_model"":false,""cpu_threads"":20,""d_model"":640,""dim_feedforward"":2560,""dropout"":0.25,""label_smoothing"":0.0,""learning_rate"":0.000125,""num_heads"":8,""num_layers"":2,""num_workers"":2,""pin_memory"":true,""prefetch_factor"":4,""scheduler"":""cosine"",""standardize"":true,""use_amp"":true,""use_class_weight"":true,""warmup_epochs"":5,""weight_decay"":0.001}"
adaptive_large_model_tuning,2,2026-08-16T11:20:29,pose_hands_mouth,ff_down,1,5,0.6412380628110965,0.014191004390500049,0.6406099518459069,0.6639022650258606,0.5967724867724867,71.0,640,8,1,2048,0.25,12,0.000125,0.001,0.0,cosine,5,True,True,True,0.006,True,2,20,4,True,True,False,"{""augment_noise_std"":0.006,""augment_train"":true,""balanced_sampler"":true,""batch_size"":12,""compile_model"":false,""cpu_threads"":20,""d_model"":640,""dim_feedforward"":2048,""dropout"":0.25,""label_smoothing"":0.0,""learning_rate"":0.000125,""num_heads"":8,""num_layers"":1,""num_workers"":2,""pin_memory"":true,""prefetch_factor"":4,""scheduler"":""cosine"",""standardize"":true,""use_amp"":true,""use_class_weight"":true,""warmup_epochs"":5,""weight_decay"":0.001}"
adaptive_large_model_tuning,2,2026-08-16T11:20:29,pose_hands_mouth,ff_up,2,5,0.6302282860709827,0.03208227555252041,0.6162921348314607,0.6739432851792402,0.6046340388007054,75.0,640,8,1,3072,0.25,12,0.000125,0.001,0.0,cosine,5,True,True,True,0.006,True,2,20,4,True,True,False,"{""augment_noise_std"":0.006,""augment_train"":true,""balanced_sampler"":true,""batch_size"":12,""compile_model"":false,""cpu_threads"":20,""d_model"":640,""dim_feedforward"":3072,""dropout"":0.25,""label_smoothing"":0.0,""learning_rate"":0.000125,""num_heads"":8,""num_layers"":1,""num_workers"":2,""pin_memory"":true,""prefetch_factor"":4,""scheduler"":""cosine"",""standardize"":true,""use_amp"":true,""use_class_weight"":true,""warmup_epochs"":5,""weight_decay"":0.001}"
adaptive_large_model_tuning,2,2026-08-16T11:20:29,pose_hands_mouth,width_up,4,5,0.6253023006955591,0.01502118622715411,0.6253076511503478,0.6419475655430712,0.5402910052910053,47.0,768,8,1,2560,0.25,8,0.000125,0.001,0.0,cosine,5,True,True,True,0.006,True,2,20,4,True,True,False,"{""augment_noise_std"":0.006,""augment_train"":true,""balanced_sampler"":true,""batch_size"":8,""compile_model"":false,""cpu_threads"":20,""d_model"":768,""dim_feedforward"":2560,""dropout"":0.25,""label_smoothing"":0.0,""learning_rate"":0.000125,""num_heads"":8,""num_layers"":1,""num_workers"":2,""pin_memory"":true,""prefetch_factor"":4,""scheduler"":""cosine"",""standardize"":true,""use_amp"":true,""use_class_weight"":true,""warmup_epochs"":5,""weight_decay"":0.001}"
adaptive_large_model_tuning,3,2026-08-16T18:24:55,hands,lr_0.65,5,5,0.6434760121276976,0.014012146872592713,0.6408774745853397,0.6644997324772606,0.5942857142857142,78.0,1024,16,3,3584,0.3,6,7.8e-05,0.003,0.05,cosine,5,True,False,True,0.006,True,2,20,4,True,True,False,"{""augment_noise_std"":0.006,""augment_train"":true,""balanced_sampler"":false,""batch_size"":6,""compile_model"":false,""cpu_threads"":20,""d_model"":1024,""dim_feedforward"":3584,""dropout"":0.3,""label_smoothing"":0.05,""learning_rate"":7.8e-05,""num_heads"":16,""num_layers"":3,""num_workers"":2,""pin_memory"":true,""prefetch_factor"":4,""scheduler"":""cosine"",""standardize"":true,""use_amp"":true,""use_class_weight"":true,""warmup_epochs"":5,""weight_decay"":0.003}"
adaptive_large_model_tuning,3,2026-08-16T18:24:55,hands,lr_0.80,3,5,0.662693062243624,0.022358292505898082,0.6735330836454432,0.6866506153023006,0.5882980599647266,60.0,1024,16,3,3584,0.3,6,9.6e-05,0.003,0.05,cosine,5,True,False,True,0.006,True,2,20,4,True,True,False,"{""augment_noise_std"":0.006,""augment_train"":true,""balanced_sampler"":false,""batch_size"":6,""compile_model"":false,""cpu_threads"":20,""d_model"":1024,""dim_feedforward"":3584,""dropout"":0.3,""label_smoothing"":0.05,""learning_rate"":9.6e-05,""num_heads"":16,""num_layers"":3,""num_workers"":2,""pin_memory"":true,""prefetch_factor"":4,""scheduler"":""cosine"",""standardize"":true,""use_amp"":true,""use_class_weight"":true,""warmup_epochs"":5,""weight_decay"":0.003}"
adaptive_large_model_tuning,3,2026-08-16T18:24:55,hands,lr_1.00,4,5,0.65964151952916,0.02172030614523621,0.665008025682183,0.6872659176029963,0.5943915343915344,74.0,1024,16,3,3584,0.3,6,0.00011999999999999999,0.003,0.05,cosine,5,True,False,True,0.006,True,2,20,4,True,True,False,"{""augment_noise_std"":0.006,""augment_train"":true,""balanced_sampler"":false,""batch_size"":6,""compile_model"":false,""cpu_threads"":20,""d_model"":1024,""dim_feedforward"":3584,""dropout"":0.3,""label_smoothing"":0.05,""learning_rate"":0.00011999999999999999,""num_heads"":16,""num_layers"":3,""num_workers"":2,""pin_memory"":true,""prefetch_factor"":4,""scheduler"":""cosine"",""standardize"":true,""use_amp"":true,""use_class_weight"":true,""warmup_epochs"":5,""weight_decay"":0.003}"
adaptive_large_model_tuning,3,2026-08-16T18:24:55,hands,lr_1.20,1,5,0.6677403245942571,0.024604638387692092,0.6670590333511681,0.699250936329588,0.5949338624338624,101.0,1024,16,3,3584,0.3,6,0.00014399999999999998,0.003,0.05,cosine,5,True,False,True,0.006,True,2,20,4,True,True,False,"{""augment_noise_std"":0.006,""augment_train"":true,""balanced_sampler"":false,""batch_size"":6,""compile_model"":false,""cpu_threads"":20,""d_model"":1024,""dim_feedforward"":3584,""dropout"":0.3,""label_smoothing"":0.05,""learning_rate"":0.00014399999999999998,""num_heads"":16,""num_layers"":3,""num_workers"":2,""pin_memory"":true,""prefetch_factor"":4,""scheduler"":""cosine"",""standardize"":true,""use_amp"":true,""use_class_weight"":true,""warmup_epochs"":5,""weight_decay"":0.003}"
adaptive_large_model_tuning,3,2026-08-16T18:24:55,hands,lr_1.40,2,5,0.6654449794899233,0.025415301666817252,0.660781166399144,0.7075173889780633,0.6307407407407407,99.0,1024,16,3,3584,0.3,6,0.00016799999999999996,0.003,0.05,cosine,5,True,False,True,0.006,True,2,20,4,True,True,False,"{""augment_noise_std"":0.006,""augment_train"":true,""balanced_sampler"":false,""batch_size"":6,""compile_model"":false,""cpu_threads"":20,""d_model"":1024,""dim_feedforward"":3584,""dropout"":0.3,""label_smoothing"":0.05,""learning_rate"":0.00016799999999999996,""num_heads"":16,""num_layers"":3,""num_workers"":2,""pin_memory"":true,""prefetch_factor"":4,""scheduler"":""cosine"",""standardize"":true,""use_amp"":true,""use_class_weight"":true,""warmup_epochs"":5,""weight_decay"":0.003}"
adaptive_large_model_tuning,3,2026-08-16T18:24:55,pose,lr_0.65,4,5,0.24402299323647636,0.009472104291083932,0.24315759147219823,0.2544497948992331,0.17396825396825394,47.0,768,12,3,3584,0.25,8,0.00011122312500000002,0.0007,0.0,cosine,5,True,True,True,0.006,True,2,20,4,True,True,False,"{""augment_noise_std"":0.006,""augment_train"":true,""balanced_sampler"":true,""batch_size"":8,""compile_model"":false,""cpu_threads"":20,""d_model"":768,""dim_feedforward"":3584,""dropout"":0.25,""label_smoothing"":0.0,""learning_rate"":0.00011122312500000002,""num_heads"":12,""num_layers"":3,""num_workers"":2,""pin_memory"":true,""prefetch_factor"":4,""scheduler"":""cosine"",""standardize"":true,""use_amp"":true,""use_class_weight"":true,""warmup_epochs"":5,""weight_decay"":0.0007}"
adaptive_large_model_tuning,3,2026-08-16T18:24:55,pose,lr_0.80,2,5,0.24897141560062908,0.012833704925403823,0.2521936864633494,0.26415195291599786,0.1637193362193362,48.0,768,12,3,3584,0.25,8,0.00013689000000000003,0.0007,0.0,cosine,5,True,True,True,0.006,True,2,20,4,True,True,False,"{""augment_noise_std"":0.006,""augment_train"":true,""balanced_sampler"":true,""batch_size"":8,""compile_model"":false,""cpu_threads"":20,""d_model"":768,""dim_feedforward"":3584,""dropout"":0.25,""label_smoothing"":0.0,""learning_rate"":0.00013689000000000003,""num_heads"":12,""num_layers"":3,""num_workers"":2,""pin_memory"":true,""prefetch_factor"":4,""scheduler"":""cosine"",""standardize"":true,""use_amp"":true,""use_class_weight"":true,""warmup_epochs"":5,""weight_decay"":0.0007}"
adaptive_large_model_tuning,3,2026-08-16T18:24:55,pose,lr_1.00,5,5,0.24112375764061156,0.00958716128344389,0.24546103085428927,0.2501256546200366,0.17665564373897708,58.0,768,12,3,3584,0.25,8,0.00017111250000000002,0.0007,0.0,cosine,5,True,True,True,0.006,True,2,20,4,True,True,False,"{""augment_noise_std"":0.006,""augment_train"":true,""balanced_sampler"":true,""batch_size"":8,""compile_model"":false,""cpu_threads"":20,""d_model"":768,""dim_feedforward"":3584,""dropout"":0.25,""label_smoothing"":0.0,""learning_rate"":0.00017111250000000002,""num_heads"":12,""num_layers"":3,""num_workers"":2,""pin_memory"":true,""prefetch_factor"":4,""scheduler"":""cosine"",""standardize"":true,""use_amp"":true,""use_class_weight"":true,""warmup_epochs"":5,""weight_decay"":0.0007}"
adaptive_large_model_tuning,3,2026-08-16T18:24:55,pose,lr_1.20,1,5,0.2512594646302511,0.01845087097741935,0.24476547173176388,0.27572677010879254,0.1779805996472663,56.0,768,12,3,3584,0.25,8,0.000205335,0.0007,0.0,cosine,5,True,True,True,0.006,True,2,20,4,True,True,False,"{""augment_noise_std"":0.006,""augment_train"":true,""balanced_sampler"":true,""batch_size"":8,""compile_model"":false,""cpu_threads"":20,""d_model"":768,""dim_feedforward"":3584,""dropout"":0.25,""label_smoothing"":0.0,""learning_rate"":0.000205335,""num_heads"":12,""num_layers"":3,""num_workers"":2,""pin_memory"":true,""prefetch_factor"":4,""scheduler"":""cosine"",""standardize"":true,""use_amp"":true,""use_class_weight"":true,""warmup_epochs"":5,""weight_decay"":0.0007}"
adaptive_large_model_tuning,3,2026-08-16T18:24:55,pose,lr_1.40,3,5,0.24542714464062776,0.027391185613091333,0.23807740324594254,0.2933297663634742,0.18830467372134038,50.0,768,12,3,3584,0.25,8,0.0002395575,0.0007,0.0,cosine,5,True,True,True,0.006,True,2,20,4,True,True,False,"{""augment_noise_std"":0.006,""augment_train"":true,""balanced_sampler"":true,""batch_size"":8,""compile_model"":false,""cpu_threads"":20,""d_model"":768,""dim_feedforward"":3584,""dropout"":0.25,""label_smoothing"":0.0,""learning_rate"":0.0002395575,""num_heads"":12,""num_layers"":3,""num_workers"":2,""pin_memory"":true,""prefetch_factor"":4,""scheduler"":""cosine"",""standardize"":true,""use_amp"":true,""use_class_weight"":true,""warmup_epochs"":5,""weight_decay"":0.0007}"
adaptive_large_model_tuning,3,2026-08-16T18:24:55,pose_hands,lr_0.65,2,5,0.6631460674157303,0.015471682165430965,0.6658105939004816,0.6831460674157303,0.6370767195767195,95.0,512,8,2,2048,0.35,16,5.2000000000000004e-05,0.002,0.0,cosine,5,False,True,True,0.006,True,2,20,4,True,True,False,"{""augment_noise_std"":0.006,""augment_train"":true,""balanced_sampler"":true,""batch_size"":16,""compile_model"":false,""cpu_threads"":20,""d_model"":512,""dim_feedforward"":2048,""dropout"":0.35,""label_smoothing"":0.0,""learning_rate"":5.2000000000000004e-05,""num_heads"":8,""num_layers"":2,""num_workers"":2,""pin_memory"":true,""prefetch_factor"":4,""scheduler"":""cosine"",""standardize"":true,""use_amp"":true,""use_class_weight"":false,""warmup_epochs"":5,""weight_decay"":0.002}"
adaptive_large_model_tuning,3,2026-08-16T18:24:55,pose_hands,lr_0.80,3,5,0.6629677189227751,0.022335019771196347,0.6561441055823078,0.6888710540395933,0.6401190476190476,76.0,512,8,2,2048,0.35,16,6.400000000000001e-05,0.002,0.0,cosine,5,False,True,True,0.006,True,2,20,4,True,True,False,"{""augment_noise_std"":0.006,""augment_train"":true,""balanced_sampler"":true,""batch_size"":16,""compile_model"":false,""cpu_threads"":20,""d_model"":512,""dim_feedforward"":2048,""dropout"":0.35,""label_smoothing"":0.0,""learning_rate"":6.400000000000001e-05,""num_heads"":8,""num_layers"":2,""num_workers"":2,""pin_memory"":true,""prefetch_factor"":4,""scheduler"":""cosine"",""standardize"":true,""use_amp"":true,""use_class_weight"":false,""warmup_epochs"":5,""weight_decay"":0.002}"
adaptive_large_model_tuning,3,2026-08-16T18:24:55,pose_hands,lr_1.00,5,5,0.6606420545746388,0.015658874025349163,0.6543071161048688,0.6824772605671482,0.6268253968253968,77.0,512,8,2,2048,0.35,16,8e-05,0.002,0.0,cosine,5,False,True,True,0.006,True,2,20,4,True,True,False,"{""augment_noise_std"":0.006,""augment_train"":true,""balanced_sampler"":true,""batch_size"":16,""compile_model"":false,""cpu_threads"":20,""d_model"":512,""dim_feedforward"":2048,""dropout"":0.35,""label_smoothing"":0.0,""learning_rate"":8e-05,""num_heads"":8,""num_layers"":2,""num_workers"":2,""pin_memory"":true,""prefetch_factor"":4,""scheduler"":""cosine"",""standardize"":true,""use_amp"":true,""use_class_weight"":false,""warmup_epochs"":5,""weight_decay"":0.002}"
adaptive_large_model_tuning,3,2026-08-16T18:24:55,pose_hands,lr_1.20,1,5,0.6727875869448903,0.015135007661301502,0.6767255216693419,0.6902086677367576,0.6384259259259258,82.0,512,8,2,2048,0.35,16,9.6e-05,0.002,0.0,cosine,5,False,True,True,0.006,True,2,20,4,True,True,False,"{""augment_noise_std"":0.006,""augment_train"":true,""balanced_sampler"":true,""batch_size"":16,""compile_model"":false,""cpu_threads"":20,""d_model"":512,""dim_feedforward"":2048,""dropout"":0.35,""label_smoothing"":0.0,""learning_rate"":9.6e-05,""num_heads"":8,""num_layers"":2,""num_workers"":2,""pin_memory"":true,""prefetch_factor"":4,""scheduler"":""cosine"",""standardize"":true,""use_amp"":true,""use_class_weight"":false,""warmup_epochs"":5,""weight_decay"":0.002}"
adaptive_large_model_tuning,3,2026-08-16T18:24:55,pose_hands,lr_1.40,4,5,0.6625361155698235,0.02491363305982493,0.6464419475655431,0.6945425361155698,0.6273280423280423,81.0,512,8,2,2048,0.35,16,0.000112,0.002,0.0,cosine,5,False,True,True,0.006,True,2,20,4,True,True,False,"{""augment_noise_std"":0.006,""augment_train"":true,""balanced_sampler"":true,""batch_size"":16,""compile_model"":false,""cpu_threads"":20,""d_model"":512,""dim_feedforward"":2048,""dropout"":0.35,""label_smoothing"":0.0,""learning_rate"":0.000112,""num_heads"":8,""num_layers"":2,""num_workers"":2,""pin_memory"":true,""prefetch_factor"":4,""scheduler"":""cosine"",""standardize"":true,""use_amp"":true,""use_class_weight"":false,""warmup_epochs"":5,""weight_decay"":0.002}"
adaptive_large_model_tuning,3,2026-08-16T18:24:55,pose_hands_eyebrows,lr_0.65,1,5,0.6534902800071339,0.025922302811379118,0.6654360620652755,0.674175138220082,0.6225992063492063,61.0,512,8,1,2048,0.25,16,0.00010400000000000001,0.001,0.0,cosine,5,True,False,True,0.006,True,2,20,4,True,True,False,"{""augment_noise_std"":0.006,""augment_train"":true,""balanced_sampler"":false,""batch_size"":16,""compile_model"":false,""cpu_threads"":20,""d_model"":512,""dim_feedforward"":2048,""dropout"":0.25,""label_smoothing"":0.0,""learning_rate"":0.00010400000000000001,""num_heads"":8,""num_layers"":1,""num_workers"":2,""pin_memory"":true,""prefetch_factor"":4,""scheduler"":""cosine"",""standardize"":true,""use_amp"":true,""use_class_weight"":true,""warmup_epochs"":5,""weight_decay"":0.001}"
adaptive_large_model_tuning,3,2026-08-16T18:24:55,pose_hands_eyebrows,lr_0.80,2,5,0.6456322454075263,0.026941001263468312,0.6489031567683252,0.6812734082397004,0.617037037037037,60.0,512,8,1,2048,0.25,16,0.00012800000000000002,0.001,0.0,cosine,5,True,False,True,0.006,True,2,20,4,True,True,False,"{""augment_noise_std"":0.006,""augment_train"":true,""balanced_sampler"":false,""batch_size"":16,""compile_model"":false,""cpu_threads"":20,""d_model"":512,""dim_feedforward"":2048,""dropout"":0.25,""label_smoothing"":0.0,""learning_rate"":0.00012800000000000002,""num_heads"":8,""num_layers"":1,""num_workers"":2,""pin_memory"":true,""prefetch_factor"":4,""scheduler"":""cosine"",""standardize"":true,""use_amp"":true,""use_class_weight"":true,""warmup_epochs"":5,""weight_decay"":0.001}"
adaptive_large_model_tuning,3,2026-08-16T18:24:55,pose_hands_eyebrows,lr_1.00,5,5,0.64035848047084,0.026839186445974994,0.6393436775459247,0.6841626538255752,0.6026587301587302,61.0,512,8,1,2048,0.25,16,0.00016,0.001,0.0,cosine,5,True,False,True,0.006,True,2,20,4,True,True,False,"{""augment_noise_std"":0.006,""augment_train"":true,""balanced_sampler"":false,""batch_size"":16,""compile_model"":false,""cpu_threads"":20,""d_model"":512,""dim_feedforward"":2048,""dropout"":0.25,""label_smoothing"":0.0,""learning_rate"":0.00016,""num_heads"":8,""num_layers"":1,""num_workers"":2,""pin_memory"":true,""prefetch_factor"":4,""scheduler"":""cosine"",""standardize"":true,""use_amp"":true,""use_class_weight"":true,""warmup_epochs"":5,""weight_decay"":0.001}"
adaptive_large_model_tuning,3,2026-08-16T18:24:55,pose_hands_eyebrows,lr_1.20,4,5,0.6425860531478509,0.02038425028305187,0.6413768503656144,0.6690743713215623,0.6085846560846561,69.0,512,8,1,2048,0.25,16,0.000192,0.001,0.0,cosine,5,True,False,True,0.006,True,2,20,4,True,True,False,"{""augment_noise_std"":0.006,""augment_train"":true,""balanced_sampler"":false,""batch_size"":16,""compile_model"":false,""cpu_threads"":20,""d_model"":512,""dim_feedforward"":2048,""dropout"":0.25,""label_smoothing"":0.0,""learning_rate"":0.000192,""num_heads"":8,""num_layers"":1,""num_workers"":2,""pin_memory"":true,""prefetch_factor"":4,""scheduler"":""cosine"",""standardize"":true,""use_amp"":true,""use_class_weight"":true,""warmup_epochs"":5,""weight_decay"":0.001}"
adaptive_large_model_tuning,3,2026-08-16T18:24:55,pose_hands_eyebrows,lr_1.40,3,5,0.6435009809167112,0.023377972567799388,0.6513643659711075,0.6667201712145532,0.6009920634920635,57.0,512,8,1,2048,0.25,16,0.000224,0.001,0.0,cosine,5,True,False,True,0.006,True,2,20,4,True,True,False,"{""augment_noise_std"":0.006,""augment_train"":true,""balanced_sampler"":false,""batch_size"":16,""compile_model"":false,""cpu_threads"":20,""d_model"":512,""dim_feedforward"":2048,""dropout"":0.25,""label_smoothing"":0.0,""learning_rate"":0.000224,""num_heads"":8,""num_layers"":1,""num_workers"":2,""pin_memory"":true,""prefetch_factor"":4,""scheduler"":""cosine"",""standardize"":true,""use_amp"":true,""use_class_weight"":true,""warmup_epochs"":5,""weight_decay"":0.001}"
adaptive_large_model_tuning,3,2026-08-16T18:24:55,pose_hands_eyes,lr_0.65,1,5,0.6379775280898876,0.013014666456099548,0.6331728196896735,0.6586944890315677,0.5955357142857143,76.0,640,8,1,3072,0.25,12,7.8e-05,0.002,0.0,cosine,5,True,True,True,0.01,True,2,20,4,True,True,False,"{""augment_noise_std"":0.01,""augment_train"":true,""balanced_sampler"":true,""batch_size"":12,""compile_model"":false,""cpu_threads"":20,""d_model"":640,""dim_feedforward"":3072,""dropout"":0.25,""label_smoothing"":0.0,""learning_rate"":7.8e-05,""num_heads"":8,""num_layers"":1,""num_workers"":2,""pin_memory"":true,""prefetch_factor"":4,""scheduler"":""cosine"",""standardize"":true,""use_amp"":true,""use_class_weight"":true,""warmup_epochs"":5,""weight_decay"":0.002}"
adaptive_large_model_tuning,3,2026-08-16T18:24:55,pose_hands_eyes,lr_0.80,2,5,0.6289013732833957,0.025591896367158647,0.6390048154093099,0.6520599250936329,0.585026455026455,53.0,640,8,1,3072,0.25,12,9.6e-05,0.002,0.0,cosine,5,True,True,True,0.01,True,2,20,4,True,True,False,"{""augment_noise_std"":0.01,""augment_train"":true,""balanced_sampler"":true,""batch_size"":12,""compile_model"":false,""cpu_threads"":20,""d_model"":640,""dim_feedforward"":3072,""dropout"":0.25,""label_smoothing"":0.0,""learning_rate"":9.6e-05,""num_heads"":8,""num_layers"":1,""num_workers"":2,""pin_memory"":true,""prefetch_factor"":4,""scheduler"":""cosine"",""standardize"":true,""use_amp"":true,""use_class_weight"":true,""warmup_epochs"":5,""weight_decay"":0.002}"
adaptive_large_model_tuning,3,2026-08-16T18:24:55,pose_hands_eyes,lr_1.00,3,5,0.6262332798287854,0.03319178680737453,0.634242910647405,0.6575173889780631,0.5866380070546737,76.0,640,8,1,3072,0.25,12,0.00011999999999999999,0.002,0.0,cosine,5,True,True,True,0.01,True,2,20,4,True,True,False,"{""augment_noise_std"":0.01,""augment_train"":true,""balanced_sampler"":true,""batch_size"":12,""compile_model"":false,""cpu_threads"":20,""d_model"":640,""dim_feedforward"":3072,""dropout"":0.25,""label_smoothing"":0.0,""learning_rate"":0.00011999999999999999,""num_heads"":8,""num_layers"":1,""num_workers"":2,""pin_memory"":true,""prefetch_factor"":4,""scheduler"":""cosine"",""standardize"":true,""use_amp"":true,""use_class_weight"":true,""warmup_epochs"":5,""weight_decay"":0.002}"
adaptive_large_model_tuning,3,2026-08-16T18:24:55,pose_hands_eyes,lr_1.20,4,5,0.6179436418762262,0.025830021577333624,0.6073836276083467,0.6537988228999465,0.5645502645502645,65.0,640,8,1,3072,0.25,12,0.00014399999999999998,0.002,0.0,cosine,5,True,True,True,0.01,True,2,20,4,True,True,False,"{""augment_noise_std"":0.01,""augment_train"":true,""balanced_sampler"":true,""batch_size"":12,""compile_model"":false,""cpu_threads"":20,""d_model"":640,""dim_feedforward"":3072,""dropout"":0.25,""label_smoothing"":0.0,""learning_rate"":0.00014399999999999998,""num_heads"":8,""num_layers"":1,""num_workers"":2,""pin_memory"":true,""prefetch_factor"":4,""scheduler"":""cosine"",""standardize"":true,""use_amp"":true,""use_class_weight"":true,""warmup_epochs"":5,""weight_decay"":0.002}"
adaptive_large_model_tuning,3,2026-08-16T18:24:55,pose_hands_eyes,lr_1.40,5,5,0.604465846263599,0.02078250859963889,0.5967897271268057,0.6374531835205992,0.5613271604938271,65.0,640,8,1,3072,0.25,12,0.00016799999999999996,0.002,0.0,cosine,5,True,True,True,0.01,True,2,20,4,True,True,False,"{""augment_noise_std"":0.01,""augment_train"":true,""balanced_sampler"":true,""batch_size"":12,""compile_model"":false,""cpu_threads"":20,""d_model"":640,""dim_feedforward"":3072,""dropout"":0.25,""label_smoothing"":0.0,""learning_rate"":0.00016799999999999996,""num_heads"":8,""num_layers"":1,""num_workers"":2,""pin_memory"":true,""prefetch_factor"":4,""scheduler"":""cosine"",""standardize"":true,""use_amp"":true,""use_class_weight"":true,""warmup_epochs"":5,""weight_decay"":0.002}"
adaptive_large_model_tuning,3,2026-08-16T18:24:55,pose_hands_face,lr_0.65,1,5,0.6287265917602997,0.024523106343617377,0.6301498127340823,0.6544408774745853,0.5694444444444444,81.0,768,8,1,2560,0.25,8,7.288125e-05,0.0007,0.0,cosine_warmup,5,True,True,True,0.006,True,2,20,4,True,True,False,"{""augment_noise_std"":0.006,""augment_train"":true,""balanced_sampler"":true,""batch_size"":8,""compile_model"":false,""cpu_threads"":20,""d_model"":768,""dim_feedforward"":2560,""dropout"":0.25,""label_smoothing"":0.0,""learning_rate"":7.288125e-05,""num_heads"":8,""num_layers"":1,""num_workers"":2,""pin_memory"":true,""prefetch_factor"":4,""scheduler"":""cosine_warmup"",""standardize"":true,""use_amp"":true,""use_class_weight"":true,""warmup_epochs"":5,""weight_decay"":0.0007}"
adaptive_large_model_tuning,3,2026-08-16T18:24:55,pose_hands_face,lr_0.80,2,5,0.6239308007847334,0.03313410794416167,0.6302835741037989,0.6637952559300873,0.5722354497354497,69.0,768,8,1,2560,0.25,8,8.97e-05,0.0007,0.0,cosine_warmup,5,True,True,True,0.006,True,2,20,4,True,True,False,"{""augment_noise_std"":0.006,""augment_train"":true,""balanced_sampler"":true,""batch_size"":8,""compile_model"":false,""cpu_threads"":20,""d_model"":768,""dim_feedforward"":2560,""dropout"":0.25,""label_smoothing"":0.0,""learning_rate"":8.97e-05,""num_heads"":8,""num_layers"":1,""num_workers"":2,""pin_memory"":true,""prefetch_factor"":4,""scheduler"":""cosine_warmup"",""standardize"":true,""use_amp"":true,""use_class_weight"":true,""warmup_epochs"":5,""weight_decay"":0.0007}"
adaptive_large_model_tuning,3,2026-08-16T18:24:55,pose_hands_face,lr_1.00,4,5,0.6163563402889246,0.02802049187358384,0.6318619582664526,0.6395398608881756,0.5262169312169312,81.0,768,8,1,2560,0.25,8,0.00011212499999999999,0.0007,0.0,cosine_warmup,5,True,True,True,0.006,True,2,20,4,True,True,False,"{""augment_noise_std"":0.006,""augment_train"":true,""balanced_sampler"":true,""batch_size"":8,""compile_model"":false,""cpu_threads"":20,""d_model"":768,""dim_feedforward"":2560,""dropout"":0.25,""label_smoothing"":0.0,""learning_rate"":0.00011212499999999999,""num_heads"":8,""num_layers"":1,""num_workers"":2,""pin_memory"":true,""prefetch_factor"":4,""scheduler"":""cosine_warmup"",""standardize"":true,""use_amp"":true,""use_class_weight"":true,""warmup_epochs"":5,""weight_decay"":0.0007}"
adaptive_large_model_tuning,3,2026-08-16T18:24:55,pose_hands_face,lr_1.20,5,5,0.615295166755841,0.013575512224249365,0.615569823434992,0.6304708400214019,0.5396649029982363,62.0,768,8,1,2560,0.25,8,0.00013455,0.0007,0.0,cosine_warmup,5,True,True,True,0.006,True,2,20,4,True,True,False,"{""augment_noise_std"":0.006,""augment_train"":true,""balanced_sampler"":true,""batch_size"":8,""compile_model"":false,""cpu_threads"":20,""d_model"":768,""dim_feedforward"":2560,""dropout"":0.25,""label_smoothing"":0.0,""learning_rate"":0.00013455,""num_heads"":8,""num_layers"":1,""num_workers"":2,""pin_memory"":true,""prefetch_factor"":4,""scheduler"":""cosine_warmup"",""standardize"":true,""use_amp"":true,""use_class_weight"":true,""warmup_epochs"":5,""weight_decay"":0.0007}"
adaptive_large_model_tuning,3,2026-08-16T18:24:55,pose_hands_face,lr_1.40,3,5,0.6170251471375067,0.022863528506959076,0.6256554307116104,0.637613697164259,0.49451058201058196,62.0,768,8,1,2560,0.25,8,0.00015697499999999998,0.0007,0.0,cosine_warmup,5,True,True,True,0.006,True,2,20,4,True,True,False,"{""augment_noise_std"":0.006,""augment_train"":true,""balanced_sampler"":true,""batch_size"":8,""compile_model"":false,""cpu_threads"":20,""d_model"":768,""dim_feedforward"":2560,""dropout"":0.25,""label_smoothing"":0.0,""learning_rate"":0.00015697499999999998,""num_heads"":8,""num_layers"":1,""num_workers"":2,""pin_memory"":true,""prefetch_factor"":4,""scheduler"":""cosine_warmup"",""standardize"":true,""use_amp"":true,""use_class_weight"":true,""warmup_epochs"":5,""weight_decay"":0.0007}"
adaptive_large_model_tuning,3,2026-08-16T18:24:55,pose_hands_mouth,lr_0.65,2,5,0.6254984840378098,0.010919126310673162,0.6280363830925629,0.6369181380417336,0.5859391534391535,86.0,640,8,1,2048,0.25,12,8.125000000000001e-05,0.001,0.0,cosine,5,True,True,True,0.006,True,2,20,4,True,True,False,"{""augment_noise_std"":0.006,""augment_train"":true,""balanced_sampler"":true,""batch_size"":12,""compile_model"":false,""cpu_threads"":20,""d_model"":640,""dim_feedforward"":2048,""dropout"":0.25,""label_smoothing"":0.0,""learning_rate"":8.125000000000001e-05,""num_heads"":8,""num_layers"":1,""num_workers"":2,""pin_memory"":true,""prefetch_factor"":4,""scheduler"":""cosine"",""standardize"":true,""use_amp"":true,""use_class_weight"":true,""warmup_epochs"":5,""weight_decay"":0.001}"
adaptive_large_model_tuning,3,2026-08-16T18:24:55,pose_hands_mouth,lr_0.80,1,5,0.625912252541466,0.005285033425060424,0.6269127875869448,0.6333333333333333,0.5920899470899471,82.0,640,8,1,2048,0.25,12,0.0001,0.001,0.0,cosine,5,True,True,True,0.006,True,2,20,4,True,True,False,"{""augment_noise_std"":0.006,""augment_train"":true,""balanced_sampler"":true,""batch_size"":12,""compile_model"":false,""cpu_threads"":20,""d_model"":640,""dim_feedforward"":2048,""dropout"":0.25,""label_smoothing"":0.0,""learning_rate"":0.0001,""num_heads"":8,""num_layers"":1,""num_workers"":2,""pin_memory"":true,""prefetch_factor"":4,""scheduler"":""cosine"",""standardize"":true,""use_amp"":true,""use_class_weight"":true,""warmup_epochs"":5,""weight_decay"":0.001}"
adaptive_large_model_tuning,3,2026-08-16T18:24:55,pose_hands_mouth,lr_1.00,4,5,0.6145568039950062,0.020206503112939162,0.6079721776350989,0.6436507936507936,0.5825308641975309,84.0,640,8,1,2048,0.25,12,0.000125,0.001,0.0,cosine,5,True,True,True,0.006,True,2,20,4,True,True,False,"{""augment_noise_std"":0.006,""augment_train"":true,""balanced_sampler"":true,""batch_size"":12,""compile_model"":false,""cpu_threads"":20,""d_model"":640,""dim_feedforward"":2048,""dropout"":0.25,""label_smoothing"":0.0,""learning_rate"":0.000125,""num_heads"":8,""num_layers"":1,""num_workers"":2,""pin_memory"":true,""prefetch_factor"":4,""scheduler"":""cosine"",""standardize"":true,""use_amp"":true,""use_class_weight"":true,""warmup_epochs"":5,""weight_decay"":0.001}"
adaptive_large_model_tuning,3,2026-08-16T18:24:55,pose_hands_mouth,lr_1.20,3,5,0.6184023217731083,0.03214739150003087,0.633493846976993,0.6470304975922954,0.576931216931217,63.0,640,8,1,2048,0.25,12,0.00015,0.001,0.0,cosine,5,True,True,True,0.006,True,2,20,4,True,True,False,"{""augment_noise_std"":0.006,""augment_train"":true,""balanced_sampler"":true,""batch_size"":12,""compile_model"":false,""cpu_threads"":20,""d_model"":640,""dim_feedforward"":2048,""dropout"":0.25,""label_smoothing"":0.0,""learning_rate"":0.00015,""num_heads"":8,""num_layers"":1,""num_workers"":2,""pin_memory"":true,""prefetch_factor"":4,""scheduler"":""cosine"",""standardize"":true,""use_amp"":true,""use_class_weight"":true,""warmup_epochs"":5,""weight_decay"":0.001}"
adaptive_large_model_tuning,3,2026-08-16T18:24:55,pose_hands_mouth,lr_1.40,5,5,0.604597824148386,0.024776237217482195,0.600303192438024,0.6410914927768862,0.5240608465608466,51.0,640,8,1,2048,0.25,12,0.000175,0.001,0.0,cosine,5,True,True,True,0.006,True,2,20,4,True,True,False,"{""augment_noise_std"":0.006,""augment_train"":true,""balanced_sampler"":true,""batch_size"":12,""compile_model"":false,""cpu_threads"":20,""d_model"":640,""dim_feedforward"":2048,""dropout"":0.25,""label_smoothing"":0.0,""learning_rate"":0.000175,""num_heads"":8,""num_layers"":1,""num_workers"":2,""pin_memory"":true,""prefetch_factor"":4,""scheduler"":""cosine"",""standardize"":true,""use_amp"":true,""use_class_weight"":true,""warmup_epochs"":5,""weight_decay"":0.001}"
adaptive_large_model_tuning,4,2026-08-17T05:46:31,hands,dropout_high,1,5,0.6758587479935795,0.030358949127079815,0.6792937399678972,0.7022471910112359,0.6100661375661376,108.0,1024,16,3,3584,0.38,6,0.00014399999999999998,0.003,0.05,cosine,5,True,False,True,0.006,True,2,20,4,True,True,False,"{""augment_noise_std"":0.006,""augment_train"":true,""balanced_sampler"":false,""batch_size"":6,""compile_model"":false,""cpu_threads"":20,""d_model"":1024,""dim_feedforward"":3584,""dropout"":0.38,""label_smoothing"":0.05,""learning_rate"":0.00014399999999999998,""num_heads"":16,""num_layers"":3,""num_workers"":2,""pin_memory"":true,""prefetch_factor"":4,""scheduler"":""cosine"",""standardize"":true,""use_amp"":true,""use_class_weight"":true,""warmup_epochs"":5,""weight_decay"":0.003}"
adaptive_large_model_tuning,4,2026-08-17T05:46:31,hands,dropout_low,4,5,0.6570506023315013,0.030704571244707428,0.6561262707330123,0.6905564472980203,0.567473544973545,66.0,1024,16,3,3584,0.21999999999999997,6,0.00014399999999999998,0.003,0.05,cosine,5,True,False,True,0.006,True,2,20,4,True,True,False,"{""augment_noise_std"":0.006,""augment_train"":true,""balanced_sampler"":false,""batch_size"":6,""compile_model"":false,""cpu_threads"":20,""d_model"":1024,""dim_feedforward"":3584,""dropout"":0.21999999999999997,""label_smoothing"":0.05,""learning_rate"":0.00014399999999999998,""num_heads"":16,""num_layers"":3,""num_workers"":2,""pin_memory"":true,""prefetch_factor"":4,""scheduler"":""cosine"",""standardize"":true,""use_amp"":true,""use_class_weight"":true,""warmup_epochs"":5,""weight_decay"":0.003}"
adaptive_large_model_tuning,4,2026-08-17T05:46:31,hands,regularization_ref,2,5,0.6690618869270555,0.01118035180097427,0.6645532370251471,0.6889245585874799,0.5988359788359788,97.0,1024,16,3,3584,0.3,6,0.00014399999999999998,0.003,0.05,cosine,5,True,False,True,0.006,True,2,20,4,True,True,False,"{""augment_noise_std"":0.006,""augment_train"":true,""balanced_sampler"":false,""batch_size"":6,""compile_model"":false,""cpu_threads"":20,""d_model"":1024,""dim_feedforward"":3584,""dropout"":0.3,""label_smoothing"":0.05,""learning_rate"":0.00014399999999999998,""num_heads"":16,""num_layers"":3,""num_workers"":2,""pin_memory"":true,""prefetch_factor"":4,""scheduler"":""cosine"",""standardize"":true,""use_amp"":true,""use_class_weight"":true,""warmup_epochs"":5,""weight_decay"":0.003}"
adaptive_large_model_tuning,4,2026-08-17T05:46:31,hands,wd_high,5,5,0.6528250401284109,0.02174061033212888,0.6598715890850723,0.6799892990904227,0.5831216931216932,81.0,1024,16,3,3584,0.3,6,0.00014399999999999998,0.0075,0.05,cosine,5,True,False,True,0.006,True,2,20,4,True,True,False,"{""augment_noise_std"":0.006,""augment_train"":true,""balanced_sampler"":false,""batch_size"":6,""compile_model"":false,""cpu_threads"":20,""d_model"":1024,""dim_feedforward"":3584,""dropout"":0.3,""label_smoothing"":0.05,""learning_rate"":0.00014399999999999998,""num_heads"":16,""num_layers"":3,""num_workers"":2,""pin_memory"":true,""prefetch_factor"":4,""scheduler"":""cosine"",""standardize"":true,""use_amp"":true,""use_class_weight"":true,""warmup_epochs"":5,""weight_decay"":0.0075}"
adaptive_large_model_tuning,4,2026-08-17T05:46:31,hands,wd_low,3,5,0.6611931514178706,0.019241279890899254,0.6693062243624042,0.6807026930622437,0.5843783068783068,81.0,1024,16,3,3584,0.3,6,0.00014399999999999998,0.0012000000000000001,0.05,cosine,5,True,False,True,0.006,True,2,20,4,True,True,False,"{""augment_noise_std"":0.006,""augment_train"":true,""balanced_sampler"":false,""batch_size"":6,""compile_model"":false,""cpu_threads"":20,""d_model"":1024,""dim_feedforward"":3584,""dropout"":0.3,""label_smoothing"":0.05,""learning_rate"":0.00014399999999999998,""num_heads"":16,""num_layers"":3,""num_workers"":2,""pin_memory"":true,""prefetch_factor"":4,""scheduler"":""cosine"",""standardize"":true,""use_amp"":true,""use_class_weight"":true,""warmup_epochs"":5,""weight_decay"":0.0012000000000000001}"
adaptive_large_model_tuning,4,2026-08-17T05:46:31,pose,dropout_high,5,5,0.22887164021995482,0.011414773585634854,0.23269127875869453,0.23960471488561377,0.1816820987654321,55.0,768,12,3,3584,0.33,8,0.000205335,0.0007,0.0,cosine,5,True,True,True,0.006,True,2,20,4,True,True,False,"{""augment_noise_std"":0.006,""augment_train"":true,""balanced_sampler"":true,""batch_size"":8,""compile_model"":false,""cpu_threads"":20,""d_model"":768,""dim_feedforward"":3584,""dropout"":0.33,""label_smoothing"":0.0,""learning_rate"":0.000205335,""num_heads"":12,""num_layers"":3,""num_workers"":2,""pin_memory"":true,""prefetch_factor"":4,""scheduler"":""cosine"",""standardize"":true,""use_amp"":true,""use_class_weight"":true,""warmup_epochs"":5,""weight_decay"":0.0007}"
adaptive_large_model_tuning,4,2026-08-17T05:46:31,pose,dropout_low,4,5,0.233270911360799,0.01837985599700258,0.23697164258962009,0.2576511503477796,0.17702821869488536,51.0,768,12,3,3584,0.16999999999999998,8,0.000205335,0.0007,0.0,cosine,5,True,True,True,0.006,True,2,20,4,True,True,False,"{""augment_noise_std"":0.006,""augment_train"":true,""balanced_sampler"":true,""batch_size"":8,""compile_model"":false,""cpu_threads"":20,""d_model"":768,""dim_feedforward"":3584,""dropout"":0.16999999999999998,""label_smoothing"":0.0,""learning_rate"":0.000205335,""num_heads"":12,""num_layers"":3,""num_workers"":2,""pin_memory"":true,""prefetch_factor"":4,""scheduler"":""cosine"",""standardize"":true,""use_amp"":true,""use_class_weight"":true,""warmup_epochs"":5,""weight_decay"":0.0007}"
adaptive_large_model_tuning,4,2026-08-17T05:46:31,pose,regularization_ref,3,5,0.23796504369538077,0.013706127518051513,0.23743534867130375,0.25532370251471376,0.16243626743626743,55.0,768,12,3,3584,0.25,8,0.000205335,0.0007,0.0,cosine,5,True,True,True,0.006,True,2,20,4,True,True,False,"{""augment_noise_std"":0.006,""augment_train"":true,""balanced_sampler"":true,""batch_size"":8,""compile_model"":false,""cpu_threads"":20,""d_model"":768,""dim_feedforward"":3584,""dropout"":0.25,""label_smoothing"":0.0,""learning_rate"":0.000205335,""num_heads"":12,""num_layers"":3,""num_workers"":2,""pin_memory"":true,""prefetch_factor"":4,""scheduler"":""cosine"",""standardize"":true,""use_amp"":true,""use_class_weight"":true,""warmup_epochs"":5,""weight_decay"":0.0007}"
adaptive_large_model_tuning,4,2026-08-17T05:46:31,pose,wd_high,1,5,0.24663278045300516,0.016133942311727444,0.24986623863028357,0.26734439093989654,0.1676653439153439,52.0,768,12,3,3584,0.25,8,0.000205335,0.00175,0.0,cosine,5,True,True,True,0.006,True,2,20,4,True,True,False,"{""augment_noise_std"":0.006,""augment_train"":true,""balanced_sampler"":true,""batch_size"":8,""compile_model"":false,""cpu_threads"":20,""d_model"":768,""dim_feedforward"":3584,""dropout"":0.25,""label_smoothing"":0.0,""learning_rate"":0.000205335,""num_heads"":12,""num_layers"":3,""num_workers"":2,""pin_memory"":true,""prefetch_factor"":4,""scheduler"":""cosine"",""standardize"":true,""use_amp"":true,""use_class_weight"":true,""warmup_epochs"":5,""weight_decay"":0.00175}"
adaptive_large_model_tuning,4,2026-08-17T05:46:31,pose,wd_low,2,5,0.2435664023866271,0.009692962435150875,0.2456126270733012,0.25466827180310325,0.17061748436748436,40.0,768,12,3,3584,0.25,8,0.000205335,0.00028000000000000003,0.0,cosine,5,True,True,True,0.006,True,2,20,4,True,True,False,"{""augment_noise_std"":0.006,""augment_train"":true,""balanced_sampler"":true,""batch_size"":8,""compile_model"":false,""cpu_threads"":20,""d_model"":768,""dim_feedforward"":3584,""dropout"":0.25,""label_smoothing"":0.0,""learning_rate"":0.000205335,""num_heads"":12,""num_layers"":3,""num_workers"":2,""pin_memory"":true,""prefetch_factor"":4,""scheduler"":""cosine"",""standardize"":true,""use_amp"":true,""use_class_weight"":true,""warmup_epochs"":5,""weight_decay"":0.00028000000000000003}"
adaptive_large_model_tuning,4,2026-08-17T05:46:31,pose_hands,dropout_high,1,5,0.6618869270554664,0.020624841753371634,0.6574282147315854,0.6860353130016051,0.6370039682539682,68.0,512,8,2,2048,0.43,16,9.6e-05,0.002,0.0,cosine,5,False,True,True,0.006,True,2,20,4,True,True,False,"{""augment_noise_std"":0.006,""augment_train"":true,""balanced_sampler"":true,""batch_size"":16,""compile_model"":false,""cpu_threads"":20,""d_model"":512,""dim_feedforward"":2048,""dropout"":0.43,""label_smoothing"":0.0,""learning_rate"":9.6e-05,""num_heads"":8,""num_layers"":2,""num_workers"":2,""pin_memory"":true,""prefetch_factor"":4,""scheduler"":""cosine"",""standardize"":true,""use_amp"":true,""use_class_weight"":false,""warmup_epochs"":5,""weight_decay"":0.002}"
adaptive_large_model_tuning,4,2026-08-17T05:46:31,pose_hands,dropout_low,5,5,0.6582593187087569,0.013075373485004106,0.6566880684858212,0.6765115034777957,0.6331481481481481,49.0,512,8,2,2048,0.26999999999999996,16,9.6e-05,0.002,0.0,cosine,5,False,True,True,0.006,True,2,20,4,True,True,False,"{""augment_noise_std"":0.006,""augment_train"":true,""balanced_sampler"":true,""batch_size"":16,""compile_model"":false,""cpu_threads"":20,""d_model"":512,""dim_feedforward"":2048,""dropout"":0.26999999999999996,""label_smoothing"":0.0,""learning_rate"":9.6e-05,""num_heads"":8,""num_layers"":2,""num_workers"":2,""pin_memory"":true,""prefetch_factor"":4,""scheduler"":""cosine"",""standardize"":true,""use_amp"":true,""use_class_weight"":false,""warmup_epochs"":5,""weight_decay"":0.002}"
adaptive_large_model_tuning,4,2026-08-17T05:46:31,pose_hands,regularization_ref,2,5,0.6591332263242377,0.002736955055857548,0.6597645799892992,0.6623863028357411,0.6091798941798942,78.0,512,8,2,2048,0.35,16,9.6e-05,0.002,0.0,cosine,5,False,True,True,0.006,True,2,20,4,True,True,False,"{""augment_noise_std"":0.006,""augment_train"":true,""balanced_sampler"":true,""batch_size"":16,""compile_model"":false,""cpu_threads"":20,""d_model"":512,""dim_feedforward"":2048,""dropout"":0.35,""label_smoothing"":0.0,""learning_rate"":9.6e-05,""num_heads"":8,""num_layers"":2,""num_workers"":2,""pin_memory"":true,""prefetch_factor"":4,""scheduler"":""cosine"",""standardize"":true,""use_amp"":true,""use_class_weight"":false,""warmup_epochs"":5,""weight_decay"":0.002}"
adaptive_large_model_tuning,4,2026-08-17T05:46:31,pose_hands,wd_high,4,5,0.658940609951846,0.0026136848423022906,0.6597645799892992,0.6623863028357411,0.6091798941798942,78.0,512,8,2,2048,0.35,16,9.6e-05,0.005,0.0,cosine,5,False,True,True,0.006,True,2,20,4,True,True,False,"{""augment_noise_std"":0.006,""augment_train"":true,""balanced_sampler"":true,""batch_size"":16,""compile_model"":false,""cpu_threads"":20,""d_model"":512,""dim_feedforward"":2048,""dropout"":0.35,""label_smoothing"":0.0,""learning_rate"":9.6e-05,""num_heads"":8,""num_layers"":2,""num_workers"":2,""pin_memory"":true,""prefetch_factor"":4,""scheduler"":""cosine"",""standardize"":true,""use_amp"":true,""use_class_weight"":false,""warmup_epochs"":5,""weight_decay"":0.005}"
adaptive_large_model_tuning,4,2026-08-17T05:46:31,pose_hands,wd_low,3,5,0.6591332263242377,0.002736955055857548,0.6597645799892992,0.6623863028357411,0.6091798941798942,78.0,512,8,2,2048,0.35,16,9.6e-05,0.0008,0.0,cosine,5,False,True,True,0.006,True,2,20,4,True,True,False,"{""augment_noise_std"":0.006,""augment_train"":true,""balanced_sampler"":true,""batch_size"":16,""compile_model"":false,""cpu_threads"":20,""d_model"":512,""dim_feedforward"":2048,""dropout"":0.35,""label_smoothing"":0.0,""learning_rate"":9.6e-05,""num_heads"":8,""num_layers"":2,""num_workers"":2,""pin_memory"":true,""prefetch_factor"":4,""scheduler"":""cosine"",""standardize"":true,""use_amp"":true,""use_class_weight"":false,""warmup_epochs"":5,""weight_decay"":0.0008}"
adaptive_large_model_tuning,4,2026-08-17T05:46:31,pose_hands_eyebrows,dropout_high,1,5,0.6596058498305689,0.018945788403565318,0.6678437667201712,0.6804173354735152,0.6363403880070546,80.0,512,8,1,2048,0.33,16,0.00010400000000000001,0.001,0.0,cosine,5,True,False,True,0.006,True,2,20,4,True,True,False,"{""augment_noise_std"":0.006,""augment_train"":true,""balanced_sampler"":false,""batch_size"":16,""compile_model"":false,""cpu_threads"":20,""d_model"":512,""dim_feedforward"":2048,""dropout"":0.33,""label_smoothing"":0.0,""learning_rate"":0.00010400000000000001,""num_heads"":8,""num_layers"":1,""num_workers"":2,""pin_memory"":true,""prefetch_factor"":4,""scheduler"":""cosine"",""standardize"":true,""use_amp"":true,""use_class_weight"":true,""warmup_epochs"":5,""weight_decay"":0.001}"
adaptive_large_model_tuning,4,2026-08-17T05:46:31,pose_hands_eyebrows,dropout_low,5,5,0.6430087390761549,0.02482574506351875,0.6339753879079721,0.6811842339932228,0.6146340388007054,85.0,512,8,1,2048,0.16999999999999998,16,0.00010400000000000001,0.001,0.0,cosine,5,True,False,True,0.006,True,2,20,4,True,True,False,"{""augment_noise_std"":0.006,""augment_train"":true,""balanced_sampler"":false,""batch_size"":16,""compile_model"":false,""cpu_threads"":20,""d_model"":512,""dim_feedforward"":2048,""dropout"":0.16999999999999998,""label_smoothing"":0.0,""learning_rate"":0.00010400000000000001,""num_heads"":8,""num_layers"":1,""num_workers"":2,""pin_memory"":true,""prefetch_factor"":4,""scheduler"":""cosine"",""standardize"":true,""use_amp"":true,""use_class_weight"":true,""warmup_epochs"":5,""weight_decay"":0.001}"
adaptive_large_model_tuning,4,2026-08-17T05:46:31,pose_hands_eyebrows,regularization_ref,4,5,0.6550329944711967,0.01853076202188924,0.6564472980203317,0.6830390583199573,0.6115806878306878,80.0,512,8,1,2048,0.25,16,0.00010400000000000001,0.001,0.0,cosine,5,True,False,True,0.006,True,2,20,4,True,True,False,"{""augment_noise_std"":0.006,""augment_train"":true,""balanced_sampler"":false,""batch_size"":16,""compile_model"":false,""cpu_threads"":20,""d_model"":512,""dim_feedforward"":2048,""dropout"":0.25,""label_smoothing"":0.0,""learning_rate"":0.00010400000000000001,""num_heads"":8,""num_layers"":1,""num_workers"":2,""pin_memory"":true,""prefetch_factor"":4,""scheduler"":""cosine"",""standardize"":true,""use_amp"":true,""use_class_weight"":true,""warmup_epochs"":5,""weight_decay"":0.001}"
adaptive_large_model_tuning,4,2026-08-17T05:46:31,pose_hands_eyebrows,wd_high,3,5,0.6552791153914749,0.018719951347991263,0.6564472980203317,0.6830390583199573,0.6115806878306878,80.0,512,8,1,2048,0.25,16,0.00010400000000000001,0.0025,0.0,cosine,5,True,False,True,0.006,True,2,20,4,True,True,False,"{""augment_noise_std"":0.006,""augment_train"":true,""balanced_sampler"":false,""batch_size"":16,""compile_model"":false,""cpu_threads"":20,""d_model"":512,""dim_feedforward"":2048,""dropout"":0.25,""label_smoothing"":0.0,""learning_rate"":0.00010400000000000001,""num_heads"":8,""num_layers"":1,""num_workers"":2,""pin_memory"":true,""prefetch_factor"":4,""scheduler"":""cosine"",""standardize"":true,""use_amp"":true,""use_class_weight"":true,""warmup_epochs"":5,""weight_decay"":0.0025}"
adaptive_large_model_tuning,4,2026-08-17T05:46:31,pose_hands_eyebrows,wd_low,2,5,0.6553540217585161,0.018636975477386932,0.6564472980203317,0.6830390583199573,0.6115806878306878,80.0,512,8,1,2048,0.25,16,0.00010400000000000001,0.0004,0.0,cosine,5,True,False,True,0.006,True,2,20,4,True,True,False,"{""augment_noise_std"":0.006,""augment_train"":true,""balanced_sampler"":false,""batch_size"":16,""compile_model"":false,""cpu_threads"":20,""d_model"":512,""dim_feedforward"":2048,""dropout"":0.25,""label_smoothing"":0.0,""learning_rate"":0.00010400000000000001,""num_heads"":8,""num_layers"":1,""num_workers"":2,""pin_memory"":true,""prefetch_factor"":4,""scheduler"":""cosine"",""standardize"":true,""use_amp"":true,""use_class_weight"":true,""warmup_epochs"":5,""weight_decay"":0.0004}"
adaptive_large_model_tuning,4,2026-08-17T05:46:31,pose_hands_eyes,dropout_high,1,5,0.641501694310683,0.029794454265982193,0.6383092562867843,0.6789727126805778,0.60244708994709,67.0,640,8,1,3072,0.33,12,7.8e-05,0.002,0.0,cosine,5,True,True,True,0.01,True,2,20,4,True,True,False,"{""augment_noise_std"":0.01,""augment_train"":true,""balanced_sampler"":true,""batch_size"":12,""compile_model"":false,""cpu_threads"":20,""d_model"":640,""dim_feedforward"":3072,""dropout"":0.33,""label_smoothing"":0.0,""learning_rate"":7.8e-05,""num_heads"":8,""num_layers"":1,""num_workers"":2,""pin_memory"":true,""prefetch_factor"":4,""scheduler"":""cosine"",""standardize"":true,""use_amp"":true,""use_class_weight"":true,""warmup_epochs"":5,""weight_decay"":0.002}"
adaptive_large_model_tuning,4,2026-08-17T05:46:31,pose_hands_eyes,dropout_low,5,5,0.6336900303192438,0.014152021749133532,0.6327358658819332,0.6497592295345105,0.5587169312169312,56.0,640,8,1,3072,0.16999999999999998,12,7.8e-05,0.002,0.0,cosine,5,True,True,True,0.01,True,2,20,4,True,True,False,"{""augment_noise_std"":0.01,""augment_train"":true,""balanced_sampler"":true,""batch_size"":12,""compile_model"":false,""cpu_threads"":20,""d_model"":640,""dim_feedforward"":3072,""dropout"":0.16999999999999998,""label_smoothing"":0.0,""learning_rate"":7.8e-05,""num_heads"":8,""num_layers"":1,""num_workers"":2,""pin_memory"":true,""prefetch_factor"":4,""scheduler"":""cosine"",""standardize"":true,""use_amp"":true,""use_class_weight"":true,""warmup_epochs"":5,""weight_decay"":0.002}"
adaptive_large_model_tuning,4,2026-08-17T05:46:31,pose_hands_eyes,regularization_ref,2,5,0.6402104512216872,0.01439665032489625,0.6387907972177634,0.6628856786160157,0.5875529100529101,64.0,640,8,1,3072,0.25,12,7.8e-05,0.002,0.0,cosine,5,True,True,True,0.01,True,2,20,4,True,True,False,"{""augment_noise_std"":0.01,""augment_train"":true,""balanced_sampler"":true,""batch_size"":12,""compile_model"":false,""cpu_threads"":20,""d_model"":640,""dim_feedforward"":3072,""dropout"":0.25,""label_smoothing"":0.0,""learning_rate"":7.8e-05,""num_heads"":8,""num_layers"":1,""num_workers"":2,""pin_memory"":true,""prefetch_factor"":4,""scheduler"":""cosine"",""standardize"":true,""use_amp"":true,""use_class_weight"":true,""warmup_epochs"":5,""weight_decay"":0.002}"
adaptive_large_model_tuning,4,2026-08-17T05:46:31,pose_hands_eyes,wd_high,4,5,0.6402104512216872,0.01439665032489625,0.6387907972177634,0.6628856786160157,0.5875529100529101,64.0,640,8,1,3072,0.25,12,7.8e-05,0.005,0.0,cosine,5,True,True,True,0.01,True,2,20,4,True,True,False,"{""augment_noise_std"":0.01,""augment_train"":true,""balanced_sampler"":true,""batch_size"":12,""compile_model"":false,""cpu_threads"":20,""d_model"":640,""dim_feedforward"":3072,""dropout"":0.25,""label_smoothing"":0.0,""learning_rate"":7.8e-05,""num_heads"":8,""num_layers"":1,""num_workers"":2,""pin_memory"":true,""prefetch_factor"":4,""scheduler"":""cosine"",""standardize"":true,""use_amp"":true,""use_class_weight"":true,""warmup_epochs"":5,""weight_decay"":0.005}"
adaptive_large_model_tuning,4,2026-08-17T05:46:31,pose_hands_eyes,wd_low,3,5,0.6402104512216872,0.01439665032489625,0.6387907972177634,0.6628856786160157,0.5875529100529101,64.0,640,8,1,3072,0.25,12,7.8e-05,0.0008,0.0,cosine,5,True,True,True,0.01,True,2,20,4,True,True,False,"{""augment_noise_std"":0.01,""augment_train"":true,""balanced_sampler"":true,""batch_size"":12,""compile_model"":false,""cpu_threads"":20,""d_model"":640,""dim_feedforward"":3072,""dropout"":0.25,""label_smoothing"":0.0,""learning_rate"":7.8e-05,""num_heads"":8,""num_layers"":1,""num_workers"":2,""pin_memory"":true,""prefetch_factor"":4,""scheduler"":""cosine"",""standardize"":true,""use_amp"":true,""use_class_weight"":true,""warmup_epochs"":5,""weight_decay"":0.0008}"
adaptive_large_model_tuning,4,2026-08-17T05:46:31,pose_hands_face,dropout_high,1,5,0.6346088493279505,0.0032644801216981946,0.6342339932227573,0.6397003745318351,0.5395502645502646,66.0,768,8,1,2560,0.33,8,7.288125e-05,0.0007,0.0,cosine_warmup,5,True,True,True,0.006,True,2,20,4,True,True,False,"{""augment_noise_std"":0.006,""augment_train"":true,""balanced_sampler"":true,""batch_size"":8,""compile_model"":false,""cpu_threads"":20,""d_model"":768,""dim_feedforward"":2560,""dropout"":0.33,""label_smoothing"":0.0,""learning_rate"":7.288125e-05,""num_heads"":8,""num_layers"":1,""num_workers"":2,""pin_memory"":true,""prefetch_factor"":4,""scheduler"":""cosine_warmup"",""standardize"":true,""use_amp"":true,""use_class_weight"":true,""warmup_epochs"":5,""weight_decay"":0.0007}"
adaptive_large_model_tuning,4,2026-08-17T05:46:31,pose_hands_face,dropout_low,5,5,0.6051257356875335,0.00992059263792458,0.604494382022472,0.6188603531300161,0.5111904761904762,71.0,768,8,1,2560,0.16999999999999998,8,7.288125e-05,0.0007,0.0,cosine_warmup,5,True,True,True,0.006,True,2,20,4,True,True,False,"{""augment_noise_std"":0.006,""augment_train"":true,""balanced_sampler"":true,""batch_size"":8,""compile_model"":false,""cpu_threads"":20,""d_model"":768,""dim_feedforward"":2560,""dropout"":0.16999999999999998,""label_smoothing"":0.0,""learning_rate"":7.288125e-05,""num_heads"":8,""num_layers"":1,""num_workers"":2,""pin_memory"":true,""prefetch_factor"":4,""scheduler"":""cosine_warmup"",""standardize"":true,""use_amp"":true,""use_class_weight"":true,""warmup_epochs"":5,""weight_decay"":0.0007}"
adaptive_large_model_tuning,4,2026-08-17T05:46:31,pose_hands_face,regularization_ref,2,5,0.6236632780453005,0.004850905246628325,0.6253611556982343,0.6291778134474764,0.5318121693121693,68.0,768,8,1,2560,0.25,8,7.288125e-05,0.0007,0.0,cosine_warmup,5,True,True,True,0.006,True,2,20,4,True,True,False,"{""augment_noise_std"":0.006,""augment_train"":true,""balanced_sampler"":true,""batch_size"":8,""compile_model"":false,""cpu_threads"":20,""d_model"":768,""dim_feedforward"":2560,""dropout"":0.25,""label_smoothing"":0.0,""learning_rate"":7.288125e-05,""num_heads"":8,""num_layers"":1,""num_workers"":2,""pin_memory"":true,""prefetch_factor"":4,""scheduler"":""cosine_warmup"",""standardize"":true,""use_amp"":true,""use_class_weight"":true,""warmup_epochs"":5,""weight_decay"":0.0007}"
adaptive_large_model_tuning,4,2026-08-17T05:46:31,pose_hands_face,wd_high,4,5,0.6208739076154806,0.007845913360284297,0.6169609416800428,0.6321740681291241,0.5195767195767196,70.0,768,8,1,2560,0.25,8,7.288125e-05,0.00175,0.0,cosine_warmup,5,True,True,True,0.006,True,2,20,4,True,True,False,"{""augment_noise_std"":0.006,""augment_train"":true,""balanced_sampler"":true,""batch_size"":8,""compile_model"":false,""cpu_threads"":20,""d_model"":768,""dim_feedforward"":2560,""dropout"":0.25,""label_smoothing"":0.0,""learning_rate"":7.288125e-05,""num_heads"":8,""num_layers"":1,""num_workers"":2,""pin_memory"":true,""prefetch_factor"":4,""scheduler"":""cosine_warmup"",""standardize"":true,""use_amp"":true,""use_class_weight"":true,""warmup_epochs"":5,""weight_decay"":0.00175}"
adaptive_large_model_tuning,4,2026-08-17T05:46:31,pose_hands_face,wd_low,3,5,0.6222186552523631,0.006899360218100843,0.6191011235955056,0.6301408953094346,0.5289417989417989,68.0,768,8,1,2560,0.25,8,7.288125e-05,0.00028000000000000003,0.0,cosine_warmup,5,True,True,True,0.006,True,2,20,4,True,True,False,"{""augment_noise_std"":0.006,""augment_train"":true,""balanced_sampler"":true,""batch_size"":8,""compile_model"":false,""cpu_threads"":20,""d_model"":768,""dim_feedforward"":2560,""dropout"":0.25,""label_smoothing"":0.0,""learning_rate"":7.288125e-05,""num_heads"":8,""num_layers"":1,""num_workers"":2,""pin_memory"":true,""prefetch_factor"":4,""scheduler"":""cosine_warmup"",""standardize"":true,""use_amp"":true,""use_class_weight"":true,""warmup_epochs"":5,""weight_decay"":0.00028000000000000003}"
adaptive_large_model_tuning,4,2026-08-17T05:46:31,pose_hands_mouth,dropout_high,1,5,0.6501533797039415,0.03182808274610366,0.6368111289459604,0.703852327447833,0.6049206349206349,82.0,640,8,1,2048,0.33,12,0.0001,0.001,0.0,cosine,5,True,True,True,0.006,True,2,20,4,True,True,False,"{""augment_noise_std"":0.006,""augment_train"":true,""balanced_sampler"":true,""batch_size"":12,""compile_model"":false,""cpu_threads"":20,""d_model"":640,""dim_feedforward"":2048,""dropout"":0.33,""label_smoothing"":0.0,""learning_rate"":0.0001,""num_heads"":8,""num_layers"":1,""num_workers"":2,""pin_memory"":true,""prefetch_factor"":4,""scheduler"":""cosine"",""standardize"":true,""use_amp"":true,""use_class_weight"":true,""warmup_epochs"":5,""weight_decay"":0.001}"
adaptive_large_model_tuning,4,2026-08-17T05:46:31,pose_hands_mouth,dropout_low,5,5,0.6263331549848403,0.021354323896588603,0.6227572677010879,0.6615837346174425,0.5914814814814815,46.0,640,8,1,2048,0.16999999999999998,12,0.0001,0.001,0.0,cosine,5,True,True,True,0.006,True,2,20,4,True,True,False,"{""augment_noise_std"":0.006,""augment_train"":true,""balanced_sampler"":true,""batch_size"":12,""compile_model"":false,""cpu_threads"":20,""d_model"":640,""dim_feedforward"":2048,""dropout"":0.16999999999999998,""label_smoothing"":0.0,""learning_rate"":0.0001,""num_heads"":8,""num_layers"":1,""num_workers"":2,""pin_memory"":true,""prefetch_factor"":4,""scheduler"":""cosine"",""standardize"":true,""use_amp"":true,""use_class_weight"":true,""warmup_epochs"":5,""weight_decay"":0.001}"
adaptive_large_model_tuning,4,2026-08-17T05:46:31,pose_hands_mouth,regularization_ref,2,5,0.6326145889067237,0.01809031587924786,0.6402532548599963,0.6506688068485822,0.5561309523809523,57.0,640,8,1,2048,0.25,12,0.0001,0.001,0.0,cosine,5,True,True,True,0.006,True,2,20,4,True,True,False,"{""augment_noise_std"":0.006,""augment_train"":true,""balanced_sampler"":true,""batch_size"":12,""compile_model"":false,""cpu_threads"":20,""d_model"":640,""dim_feedforward"":2048,""dropout"":0.25,""label_smoothing"":0.0,""learning_rate"":0.0001,""num_heads"":8,""num_layers"":1,""num_workers"":2,""pin_memory"":true,""prefetch_factor"":4,""scheduler"":""cosine"",""standardize"":true,""use_amp"":true,""use_class_weight"":true,""warmup_epochs"":5,""weight_decay"":0.001}"
adaptive_large_model_tuning,4,2026-08-17T05:46:31,pose_hands_mouth,wd_high,3,5,0.6325075798109506,0.020780497964201484,0.6405742821473158,0.6506688068485822,0.5747420634920635,55.0,640,8,1,2048,0.25,12,0.0001,0.0025,0.0,cosine,5,True,True,True,0.006,True,2,20,4,True,True,False,"{""augment_noise_std"":0.006,""augment_train"":true,""balanced_sampler"":true,""batch_size"":12,""compile_model"":false,""cpu_threads"":20,""d_model"":640,""dim_feedforward"":2048,""dropout"":0.25,""label_smoothing"":0.0,""learning_rate"":0.0001,""num_heads"":8,""num_layers"":1,""num_workers"":2,""pin_memory"":true,""prefetch_factor"":4,""scheduler"":""cosine"",""standardize"":true,""use_amp"":true,""use_class_weight"":true,""warmup_epochs"":5,""weight_decay"":0.0025}"
adaptive_large_model_tuning,4,2026-08-17T05:46:31,pose_hands_mouth,wd_low,4,5,0.6318102372034956,0.021507466192664408,0.6402532548599963,0.6506688068485822,0.5561375661375662,57.0,640,8,1,2048,0.25,12,0.0001,0.0004,0.0,cosine,5,True,True,True,0.006,True,2,20,4,True,True,False,"{""augment_noise_std"":0.006,""augment_train"":true,""balanced_sampler"":true,""batch_size"":12,""compile_model"":false,""cpu_threads"":20,""d_model"":640,""dim_feedforward"":2048,""dropout"":0.25,""label_smoothing"":0.0,""learning_rate"":0.0001,""num_heads"":8,""num_layers"":1,""num_workers"":2,""pin_memory"":true,""prefetch_factor"":4,""scheduler"":""cosine"",""standardize"":true,""use_amp"":true,""use_class_weight"":true,""warmup_epochs"":5,""weight_decay"":0.0004}"
adaptive_large_model_tuning,5,2026-08-17T21:20:01,hands,portfolio_r1_wide1024,1,5,0.6857018013197789,0.010489748970371492,0.6852327447833066,0.7002675227394329,0.623042328042328,96.0,1024,16,3,4096,0.3,6,0.00011999999999999999,0.003,0.05,cosine,5,True,False,True,0.006,True,2,20,4,True,True,False,"{""augment_noise_std"":0.006,""augment_train"":true,""balanced_sampler"":false,""batch_size"":6,""compile_model"":false,""cpu_threads"":20,""d_model"":1024,""dim_feedforward"":4096,""dropout"":0.3,""label_smoothing"":0.05,""learning_rate"":0.00011999999999999999,""num_heads"":16,""num_layers"":3,""num_workers"":2,""pin_memory"":true,""prefetch_factor"":4,""scheduler"":""cosine"",""standardize"":true,""use_amp"":true,""use_class_weight"":true,""warmup_epochs"":5,""weight_decay"":0.003}"
adaptive_large_model_tuning,5,2026-08-17T21:20:01,hands,portfolio_r1_wide640,4,5,0.647701087925807,0.020937910265115562,0.6444711967183877,0.6744783306581059,0.6075396825396825,43.0,640,8,3,2560,0.3,12,0.00011999999999999999,0.003,0.05,cosine,5,True,False,True,0.006,True,2,20,4,True,True,False,"{""augment_noise_std"":0.006,""augment_train"":true,""balanced_sampler"":false,""batch_size"":12,""compile_model"":false,""cpu_threads"":20,""d_model"":640,""dim_feedforward"":2560,""dropout"":0.3,""label_smoothing"":0.05,""learning_rate"":0.00011999999999999999,""num_heads"":8,""num_layers"":3,""num_workers"":2,""pin_memory"":true,""prefetch_factor"":4,""scheduler"":""cosine"",""standardize"":true,""use_amp"":true,""use_class_weight"":true,""warmup_epochs"":5,""weight_decay"":0.003}"
adaptive_large_model_tuning,5,2026-08-17T21:20:01,hands,portfolio_r2_depth_down,2,5,0.6803959336543607,0.012748664153947386,0.6803370786516854,0.6969769930444089,0.6630952380952381,75.0,1024,16,2,4096,0.3,8,0.00011999999999999999,0.003,0.05,cosine,5,True,False,True,0.006,True,2,20,4,True,True,False,"{""augment_noise_std"":0.006,""augment_train"":true,""balanced_sampler"":false,""batch_size"":8,""compile_model"":false,""cpu_threads"":20,""d_model"":1024,""dim_feedforward"":4096,""dropout"":0.3,""label_smoothing"":0.05,""learning_rate"":0.00011999999999999999,""num_heads"":16,""num_layers"":2,""num_workers"":2,""pin_memory"":true,""prefetch_factor"":4,""scheduler"":""cosine"",""standardize"":true,""use_amp"":true,""use_class_weight"":true,""warmup_epochs"":5,""weight_decay"":0.003}"
adaptive_large_model_tuning,5,2026-08-17T21:20:01,hands,portfolio_r2_ff_down,5,5,0.6439379347244516,0.01510144656433879,0.649250936329588,0.656179775280899,0.6224338624338625,82.0,1024,16,3,3584,0.3,6,0.00011999999999999999,0.003,0.05,cosine,5,True,False,True,0.006,True,2,20,4,True,True,False,"{""augment_noise_std"":0.006,""augment_train"":true,""balanced_sampler"":false,""batch_size"":6,""compile_model"":false,""cpu_threads"":20,""d_model"":1024,""dim_feedforward"":3584,""dropout"":0.3,""label_smoothing"":0.05,""learning_rate"":0.00011999999999999999,""num_heads"":16,""num_layers"":3,""num_workers"":2,""pin_memory"":true,""prefetch_factor"":4,""scheduler"":""cosine"",""standardize"":true,""use_amp"":true,""use_class_weight"":true,""warmup_epochs"":5,""weight_decay"":0.003}"
adaptive_large_model_tuning,5,2026-08-17T21:20:01,hands,portfolio_r4_dropout_high,3,5,0.669677189227751,0.034264606092348805,0.6750668806848582,0.7106474050294275,0.6049250440917108,98.0,1024,16,3,3584,0.38,6,0.00014399999999999998,0.003,0.05,cosine,5,True,False,True,0.006,True,2,20,4,True,True,False,"{""augment_noise_std"":0.006,""augment_train"":true,""balanced_sampler"":false,""batch_size"":6,""compile_model"":false,""cpu_threads"":20,""d_model"":1024,""dim_feedforward"":3584,""dropout"":0.38,""label_smoothing"":0.05,""learning_rate"":0.00014399999999999998,""num_heads"":16,""num_layers"":3,""num_workers"":2,""pin_memory"":true,""prefetch_factor"":4,""scheduler"":""cosine"",""standardize"":true,""use_amp"":true,""use_class_weight"":true,""warmup_epochs"":5,""weight_decay"":0.003}"
adaptive_large_model_tuning,5,2026-08-17T21:20:01,pose,portfolio_r2_ff_down,3,5,0.24558441558441557,0.009887154834114698,0.2494114499732477,0.2541660586604407,0.17292328042328042,62.0,768,12,3,2560,0.25,8,0.00017111250000000002,0.0007,0.0,cosine,5,True,True,True,0.006,True,2,20,4,True,True,False,"{""augment_noise_std"":0.006,""augment_train"":true,""balanced_sampler"":true,""batch_size"":8,""compile_model"":false,""cpu_threads"":20,""d_model"":768,""dim_feedforward"":2560,""dropout"":0.25,""label_smoothing"":0.0,""learning_rate"":0.00017111250000000002,""num_heads"":12,""num_layers"":3,""num_workers"":2,""pin_memory"":true,""prefetch_factor"":4,""scheduler"":""cosine"",""standardize"":true,""use_amp"":true,""use_class_weight"":true,""warmup_epochs"":5,""weight_decay"":0.0007}"
adaptive_large_model_tuning,5,2026-08-17T21:20:01,pose,portfolio_r2_ff_up,1,5,0.25179661786403357,0.008167794394375335,0.25193589182353227,0.2634766606676719,0.19511243386243385,60.0,768,12,3,3584,0.25,8,0.00017111250000000002,0.0007,0.0,cosine,5,True,True,True,0.006,True,2,20,4,True,True,False,"{""augment_noise_std"":0.006,""augment_train"":true,""balanced_sampler"":true,""batch_size"":8,""compile_model"":false,""cpu_threads"":20,""d_model"":768,""dim_feedforward"":3584,""dropout"":0.25,""label_smoothing"":0.0,""learning_rate"":0.00017111250000000002,""num_heads"":12,""num_layers"":3,""num_workers"":2,""pin_memory"":true,""prefetch_factor"":4,""scheduler"":""cosine"",""standardize"":true,""use_amp"":true,""use_class_weight"":true,""warmup_epochs"":5,""weight_decay"":0.0007}"
adaptive_large_model_tuning,5,2026-08-17T21:20:01,pose,portfolio_r3_lr_0.80,4,5,0.24257891920813268,0.014951871993816705,0.2428393080078473,0.26492776886035313,0.17960317460317457,36.0,768,12,3,3584,0.25,8,0.00013689000000000003,0.0007,0.0,cosine,5,True,True,True,0.006,True,2,20,4,True,True,False,"{""augment_noise_std"":0.006,""augment_train"":true,""balanced_sampler"":true,""batch_size"":8,""compile_model"":false,""cpu_threads"":20,""d_model"":768,""dim_feedforward"":3584,""dropout"":0.25,""label_smoothing"":0.0,""learning_rate"":0.00013689000000000003,""num_heads"":12,""num_layers"":3,""num_workers"":2,""pin_memory"":true,""prefetch_factor"":4,""scheduler"":""cosine"",""standardize"":true,""use_amp"":true,""use_class_weight"":true,""warmup_epochs"":5,""weight_decay"":0.0007}"
adaptive_large_model_tuning,5,2026-08-17T21:20:01,pose,portfolio_r3_lr_1.20,2,5,0.2479688226879238,0.017332430773102144,0.24234155357750864,0.2744345542098351,0.19574481074481073,45.0,768,12,3,3584,0.25,8,0.000205335,0.0007,0.0,cosine,5,True,True,True,0.006,True,2,20,4,True,True,False,"{""augment_noise_std"":0.006,""augment_train"":true,""balanced_sampler"":true,""batch_size"":8,""compile_model"":false,""cpu_threads"":20,""d_model"":768,""dim_feedforward"":3584,""dropout"":0.25,""label_smoothing"":0.0,""learning_rate"":0.000205335,""num_heads"":12,""num_layers"":3,""num_workers"":2,""pin_memory"":true,""prefetch_factor"":4,""scheduler"":""cosine"",""standardize"":true,""use_amp"":true,""use_class_weight"":true,""warmup_epochs"":5,""weight_decay"":0.0007}"
adaptive_large_model_tuning,5,2026-08-17T21:20:01,pose,portfolio_r4_wd_high,5,5,0.24064221670963243,0.015138282200116728,0.2455947922240057,0.25527992606644295,0.18335978835978836,62.0,768,12,3,3584,0.25,8,0.000205335,0.00175,0.0,cosine,5,True,True,True,0.006,True,2,20,4,True,True,False,"{""augment_noise_std"":0.006,""augment_train"":true,""balanced_sampler"":true,""batch_size"":8,""compile_model"":false,""cpu_threads"":20,""d_model"":768,""dim_feedforward"":3584,""dropout"":0.25,""label_smoothing"":0.0,""learning_rate"":0.000205335,""num_heads"":12,""num_layers"":3,""num_workers"":2,""pin_memory"":true,""prefetch_factor"":4,""scheduler"":""cosine"",""standardize"":true,""use_amp"":true,""use_class_weight"":true,""warmup_epochs"":5,""weight_decay"":0.00175}"
adaptive_large_model_tuning,5,2026-08-17T21:20:01,pose_hands,portfolio_r2_depth_down,3,5,0.6619332976636347,0.026849663998502145,0.6527198145175673,0.7021401819154629,0.6337962962962963,85.0,512,8,2,2048,0.35,16,8e-05,0.002,0.0,cosine,5,False,True,True,0.006,True,2,20,4,True,True,False,"{""augment_noise_std"":0.006,""augment_train"":true,""balanced_sampler"":true,""batch_size"":16,""compile_model"":false,""cpu_threads"":20,""d_model"":512,""dim_feedforward"":2048,""dropout"":0.35,""label_smoothing"":0.0,""learning_rate"":8e-05,""num_heads"":8,""num_layers"":2,""num_workers"":2,""pin_memory"":true,""prefetch_factor"":4,""scheduler"":""cosine"",""standardize"":true,""use_amp"":true,""use_class_weight"":false,""warmup_epochs"":5,""weight_decay"":0.002}"
adaptive_large_model_tuning,5,2026-08-17T21:20:01,pose_hands,portfolio_r3_lr_0.65,5,5,0.6553647226680934,0.023482504765319708,0.6529427501337614,0.6883895131086142,0.6347222222222222,79.0,512,8,2,2048,0.35,16,5.2000000000000004e-05,0.002,0.0,cosine,5,False,True,True,0.006,True,2,20,4,True,True,False,"{""augment_noise_std"":0.006,""augment_train"":true,""balanced_sampler"":true,""batch_size"":16,""compile_model"":false,""cpu_threads"":20,""d_model"":512,""dim_feedforward"":2048,""dropout"":0.35,""label_smoothing"":0.0,""learning_rate"":5.2000000000000004e-05,""num_heads"":8,""num_layers"":2,""num_workers"":2,""pin_memory"":true,""prefetch_factor"":4,""scheduler"":""cosine"",""standardize"":true,""use_amp"":true,""use_class_weight"":false,""warmup_epochs"":5,""weight_decay"":0.002}"
adaptive_large_model_tuning,5,2026-08-17T21:20:01,pose_hands,portfolio_r3_lr_0.80,4,5,0.6594881398252185,0.025415110806740807,0.6656768325307652,0.6946495452113429,0.6297089947089947,63.0,512,8,2,2048,0.35,16,6.400000000000001e-05,0.002,0.0,cosine,5,False,True,True,0.006,True,2,20,4,True,True,False,"{""augment_noise_std"":0.006,""augment_train"":true,""balanced_sampler"":true,""batch_size"":16,""compile_model"":false,""cpu_threads"":20,""d_model"":512,""dim_feedforward"":2048,""dropout"":0.35,""label_smoothing"":0.0,""learning_rate"":6.400000000000001e-05,""num_heads"":8,""num_layers"":2,""num_workers"":2,""pin_memory"":true,""prefetch_factor"":4,""scheduler"":""cosine"",""standardize"":true,""use_amp"":true,""use_class_weight"":false,""warmup_epochs"":5,""weight_decay"":0.002}"
adaptive_large_model_tuning,5,2026-08-17T21:20:01,pose_hands,portfolio_r3_lr_1.20,2,5,0.6641269841269841,0.022974154971000978,0.6539771713929018,0.6989031567683253,0.6374603174603174,67.0,512,8,2,2048,0.35,16,9.6e-05,0.002,0.0,cosine,5,False,True,True,0.006,True,2,20,4,True,True,False,"{""augment_noise_std"":0.006,""augment_train"":true,""balanced_sampler"":true,""batch_size"":16,""compile_model"":false,""cpu_threads"":20,""d_model"":512,""dim_feedforward"":2048,""dropout"":0.35,""label_smoothing"":0.0,""learning_rate"":9.6e-05,""num_heads"":8,""num_layers"":2,""num_workers"":2,""pin_memory"":true,""prefetch_factor"":4,""scheduler"":""cosine"",""standardize"":true,""use_amp"":true,""use_class_weight"":false,""warmup_epochs"":5,""weight_decay"":0.002}"
adaptive_large_model_tuning,5,2026-08-17T21:20:01,pose_hands,portfolio_r3_lr_1.40,1,5,0.6696397360442304,0.021786735378175815,0.6774745853397539,0.6968610665239878,0.607742504409171,56.0,512,8,2,2048,0.35,16,0.000112,0.002,0.0,cosine,5,False,True,True,0.006,True,2,20,4,True,True,False,"{""augment_noise_std"":0.006,""augment_train"":true,""balanced_sampler"":true,""batch_size"":16,""compile_model"":false,""cpu_threads"":20,""d_model"":512,""dim_feedforward"":2048,""dropout"":0.35,""label_smoothing"":0.0,""learning_rate"":0.000112,""num_heads"":8,""num_layers"":2,""num_workers"":2,""pin_memory"":true,""prefetch_factor"":4,""scheduler"":""cosine"",""standardize"":true,""use_amp"":true,""use_class_weight"":false,""warmup_epochs"":5,""weight_decay"":0.002}"
adaptive_large_model_tuning,5,2026-08-17T21:20:01,pose_hands_eyebrows,portfolio_r2_capacity_ref,1,5,0.6617264134118066,0.015451471833143467,0.6690743713215623,0.6707865168539325,0.634265873015873,117.0,512,8,1,2048,0.25,16,0.00016,0.001,0.0,cosine,5,True,False,True,0.006,True,2,20,4,True,True,False,"{""augment_noise_std"":0.006,""augment_train"":true,""balanced_sampler"":false,""batch_size"":16,""compile_model"":false,""cpu_threads"":20,""d_model"":512,""dim_feedforward"":2048,""dropout"":0.25,""label_smoothing"":0.0,""learning_rate"":0.00016,""num_heads"":8,""num_layers"":1,""num_workers"":2,""pin_memory"":true,""prefetch_factor"":4,""scheduler"":""cosine"",""standardize"":true,""use_amp"":true,""use_class_weight"":true,""warmup_epochs"":5,""weight_decay"":0.001}"
adaptive_large_model_tuning,5,2026-08-17T21:20:01,pose_hands_eyebrows,portfolio_r4_dropout_high,4,5,0.658912074192973,0.021928961320330044,0.6591760299625468,0.6904226859283038,0.6319312169312169,91.0,512,8,1,2048,0.33,16,0.00010400000000000001,0.001,0.0,cosine,5,True,False,True,0.006,True,2,20,4,True,True,False,"{""augment_noise_std"":0.006,""augment_train"":true,""balanced_sampler"":false,""batch_size"":16,""compile_model"":false,""cpu_threads"":20,""d_model"":512,""dim_feedforward"":2048,""dropout"":0.33,""label_smoothing"":0.0,""learning_rate"":0.00010400000000000001,""num_heads"":8,""num_layers"":1,""num_workers"":2,""pin_memory"":true,""prefetch_factor"":4,""scheduler"":""cosine"",""standardize"":true,""use_amp"":true,""use_class_weight"":true,""warmup_epochs"":5,""weight_decay"":0.001}"
adaptive_large_model_tuning,5,2026-08-17T21:20:01,pose_hands_eyebrows,portfolio_r4_regularization_ref,3,5,0.659625468164794,0.010018260469869148,0.6551631888710541,0.6746923488496522,0.647173721340388,81.0,512,8,1,2048,0.25,16,0.00010400000000000001,0.001,0.0,cosine,5,True,False,True,0.006,True,2,20,4,True,True,False,"{""augment_noise_std"":0.006,""augment_train"":true,""balanced_sampler"":false,""batch_size"":16,""compile_model"":false,""cpu_threads"":20,""d_model"":512,""dim_feedforward"":2048,""dropout"":0.25,""label_smoothing"":0.0,""learning_rate"":0.00010400000000000001,""num_heads"":8,""num_layers"":1,""num_workers"":2,""pin_memory"":true,""prefetch_factor"":4,""scheduler"":""cosine"",""standardize"":true,""use_amp"":true,""use_class_weight"":true,""warmup_epochs"":5,""weight_decay"":0.001}"
adaptive_large_model_tuning,5,2026-08-17T21:20:01,pose_hands_eyebrows,portfolio_r4_wd_high,2,5,0.6600107009095773,0.011350633909191046,0.6551631888710541,0.6797217763509898,0.6443430335097001,87.0,512,8,1,2048,0.25,16,0.00010400000000000001,0.0025,0.0,cosine,5,True,False,True,0.006,True,2,20,4,True,True,False,"{""augment_noise_std"":0.006,""augment_train"":true,""balanced_sampler"":false,""batch_size"":16,""compile_model"":false,""cpu_threads"":20,""d_model"":512,""dim_feedforward"":2048,""dropout"":0.25,""label_smoothing"":0.0,""learning_rate"":0.00010400000000000001,""num_heads"":8,""num_layers"":1,""num_workers"":2,""pin_memory"":true,""prefetch_factor"":4,""scheduler"":""cosine"",""standardize"":true,""use_amp"":true,""use_class_weight"":true,""warmup_epochs"":5,""weight_decay"":0.0025}"
adaptive_large_model_tuning,5,2026-08-17T21:20:01,pose_hands_eyebrows,portfolio_r4_wd_low,5,5,0.6588550026752273,0.009421815144160716,0.6551631888710541,0.6746923488496522,0.6449823633156967,81.0,512,8,1,2048,0.25,16,0.00010400000000000001,0.0004,0.0,cosine,5,True,False,True,0.006,True,2,20,4,True,True,False,"{""augment_noise_std"":0.006,""augment_train"":true,""balanced_sampler"":false,""batch_size"":16,""compile_model"":false,""cpu_threads"":20,""d_model"":512,""dim_feedforward"":2048,""dropout"":0.25,""label_smoothing"":0.0,""learning_rate"":0.00010400000000000001,""num_heads"":8,""num_layers"":1,""num_workers"":2,""pin_memory"":true,""prefetch_factor"":4,""scheduler"":""cosine"",""standardize"":true,""use_amp"":true,""use_class_weight"":true,""warmup_epochs"":5,""weight_decay"":0.0004}"
adaptive_large_model_tuning,5,2026-08-17T21:20:01,pose_hands_eyes,portfolio_r1_wide512,1,5,0.6516211878009631,0.02077965779807652,0.6439183163902266,0.6744248261102193,0.6104629629629629,64.0,512,8,1,2048,0.25,16,0.00011999999999999999,0.002,0.0,cosine,5,True,True,True,0.01,True,2,20,4,True,True,False,"{""augment_noise_std"":0.01,""augment_train"":true,""balanced_sampler"":true,""batch_size"":16,""compile_model"":false,""cpu_threads"":20,""d_model"":512,""dim_feedforward"":2048,""dropout"":0.25,""label_smoothing"":0.0,""learning_rate"":0.00011999999999999999,""num_heads"":8,""num_layers"":1,""num_workers"":2,""pin_memory"":true,""prefetch_factor"":4,""scheduler"":""cosine"",""standardize"":true,""use_amp"":true,""use_class_weight"":true,""warmup_epochs"":5,""weight_decay"":0.002}"
adaptive_large_model_tuning,5,2026-08-17T21:20:01,pose_hands_eyes,portfolio_r1_wide640,3,5,0.6400267522739432,0.018655855089444544,0.6312199036918138,0.662011771000535,0.5872883597883598,95.0,640,8,1,2560,0.25,12,0.00011999999999999999,0.002,0.0,cosine,5,True,True,True,0.01,True,2,20,4,True,True,False,"{""augment_noise_std"":0.01,""augment_train"":true,""balanced_sampler"":true,""batch_size"":12,""compile_model"":false,""cpu_threads"":20,""d_model"":640,""dim_feedforward"":2560,""dropout"":0.25,""label_smoothing"":0.0,""learning_rate"":0.00011999999999999999,""num_heads"":8,""num_layers"":1,""num_workers"":2,""pin_memory"":true,""prefetch_factor"":4,""scheduler"":""cosine"",""standardize"":true,""use_amp"":true,""use_class_weight"":true,""warmup_epochs"":5,""weight_decay"":0.002}"
adaptive_large_model_tuning,5,2026-08-17T21:20:01,pose_hands_eyes,portfolio_r4_dropout_high,2,5,0.6400820403067594,0.02668233188068428,0.6509006598894239,0.6715266630996968,0.596931216931217,84.0,640,8,1,3072,0.33,12,7.8e-05,0.002,0.0,cosine,5,True,True,True,0.01,True,2,20,4,True,True,False,"{""augment_noise_std"":0.01,""augment_train"":true,""balanced_sampler"":true,""batch_size"":12,""compile_model"":false,""cpu_threads"":20,""d_model"":640,""dim_feedforward"":3072,""dropout"":0.33,""label_smoothing"":0.0,""learning_rate"":7.8e-05,""num_heads"":8,""num_layers"":1,""num_workers"":2,""pin_memory"":true,""prefetch_factor"":4,""scheduler"":""cosine"",""standardize"":true,""use_amp"":true,""use_class_weight"":true,""warmup_epochs"":5,""weight_decay"":0.002}"
adaptive_large_model_tuning,5,2026-08-17T21:20:01,pose_hands_eyes,portfolio_r4_regularization_ref,5,5,0.636128378487929,0.023113678896147228,0.6408239700374532,0.6670590333511681,0.5945634920634921,102.0,640,8,1,3072,0.25,12,7.8e-05,0.002,0.0,cosine,5,True,True,True,0.01,True,2,20,4,True,True,False,"{""augment_noise_std"":0.01,""augment_train"":true,""balanced_sampler"":true,""batch_size"":12,""compile_model"":false,""cpu_threads"":20,""d_model"":640,""dim_feedforward"":3072,""dropout"":0.25,""label_smoothing"":0.0,""learning_rate"":7.8e-05,""num_heads"":8,""num_layers"":1,""num_workers"":2,""pin_memory"":true,""prefetch_factor"":4,""scheduler"":""cosine"",""standardize"":true,""use_amp"":true,""use_class_weight"":true,""warmup_epochs"":5,""weight_decay"":0.002}"
adaptive_large_model_tuning,5,2026-08-17T21:20:01,pose_hands_eyes,portfolio_r4_wd_low,4,5,0.6363031600110252,0.023161318002770017,0.6408434262366847,0.6670590333511681,0.5956216931216931,87.0,640,8,1,3072,0.25,12,7.8e-05,0.0008,0.0,cosine,5,True,True,True,0.01,True,2,20,4,True,True,False,"{""augment_noise_std"":0.01,""augment_train"":true,""balanced_sampler"":true,""batch_size"":12,""compile_model"":false,""cpu_threads"":20,""d_model"":640,""dim_feedforward"":3072,""dropout"":0.25,""label_smoothing"":0.0,""learning_rate"":7.8e-05,""num_heads"":8,""num_layers"":1,""num_workers"":2,""pin_memory"":true,""prefetch_factor"":4,""scheduler"":""cosine"",""standardize"":true,""use_amp"":true,""use_class_weight"":true,""warmup_epochs"":5,""weight_decay"":0.0008}"
adaptive_large_model_tuning,5,2026-08-17T21:20:01,pose_hands_face,portfolio_r2_capacity_ref,4,5,0.6082914214374888,0.03175681436267188,0.6106474050294274,0.6347512038523275,0.5445965608465608,86.0,640,8,1,2560,0.25,12,0.00011212499999999999,0.0007,0.0,cosine_warmup,5,True,True,True,0.006,True,2,20,4,True,True,False,"{""augment_noise_std"":0.006,""augment_train"":true,""balanced_sampler"":true,""batch_size"":12,""compile_model"":false,""cpu_threads"":20,""d_model"":640,""dim_feedforward"":2560,""dropout"":0.25,""label_smoothing"":0.0,""learning_rate"":0.00011212499999999999,""num_heads"":8,""num_layers"":1,""num_workers"":2,""pin_memory"":true,""prefetch_factor"":4,""scheduler"":""cosine_warmup"",""standardize"":true,""use_amp"":true,""use_class_weight"":true,""warmup_epochs"":5,""weight_decay"":0.0007}"
adaptive_large_model_tuning,5,2026-08-17T21:20:01,pose_hands_face,portfolio_r2_width_up,5,5,0.6023649010165864,0.03197201518522304,0.6135901551631888,0.6294007490636704,0.5201455026455026,90.0,768,8,1,2560,0.25,8,0.00011212499999999999,0.0007,0.0,cosine_warmup,5,True,True,True,0.006,True,2,20,4,True,True,False,"{""augment_noise_std"":0.006,""augment_train"":true,""balanced_sampler"":true,""batch_size"":8,""compile_model"":false,""cpu_threads"":20,""d_model"":768,""dim_feedforward"":2560,""dropout"":0.25,""label_smoothing"":0.0,""learning_rate"":0.00011212499999999999,""num_heads"":8,""num_layers"":1,""num_workers"":2,""pin_memory"":true,""prefetch_factor"":4,""scheduler"":""cosine_warmup"",""standardize"":true,""use_amp"":true,""use_class_weight"":true,""warmup_epochs"":5,""weight_decay"":0.0007}"
adaptive_large_model_tuning,5,2026-08-17T21:20:01,pose_hands_face,portfolio_r3_lr_0.65,1,5,0.6260567148207598,0.03562495354310413,0.6236668450151596,0.659015516318887,0.5374867724867725,96.0,768,8,1,2560,0.25,8,7.288125e-05,0.0007,0.0,cosine_warmup,5,True,True,True,0.006,True,2,20,4,True,True,False,"{""augment_noise_std"":0.006,""augment_train"":true,""balanced_sampler"":true,""batch_size"":8,""compile_model"":false,""cpu_threads"":20,""d_model"":768,""dim_feedforward"":2560,""dropout"":0.25,""label_smoothing"":0.0,""learning_rate"":7.288125e-05,""num_heads"":8,""num_layers"":1,""num_workers"":2,""pin_memory"":true,""prefetch_factor"":4,""scheduler"":""cosine_warmup"",""standardize"":true,""use_amp"":true,""use_class_weight"":true,""warmup_epochs"":5,""weight_decay"":0.0007}"
adaptive_large_model_tuning,5,2026-08-17T21:20:01,pose_hands_face,portfolio_r3_lr_0.80,3,5,0.610684858212948,0.03207171790050847,0.6189673622257892,0.6334403424291064,0.5046825396825396,81.0,768,8,1,2560,0.25,8,8.97e-05,0.0007,0.0,cosine_warmup,5,True,True,True,0.006,True,2,20,4,True,True,False,"{""augment_noise_std"":0.006,""augment_train"":true,""balanced_sampler"":true,""batch_size"":8,""compile_model"":false,""cpu_threads"":20,""d_model"":768,""dim_feedforward"":2560,""dropout"":0.25,""label_smoothing"":0.0,""learning_rate"":8.97e-05,""num_heads"":8,""num_layers"":1,""num_workers"":2,""pin_memory"":true,""prefetch_factor"":4,""scheduler"":""cosine_warmup"",""standardize"":true,""use_amp"":true,""use_class_weight"":true,""warmup_epochs"":5,""weight_decay"":0.0007}"
adaptive_large_model_tuning,5,2026-08-17T21:20:01,pose_hands_face,portfolio_r4_dropout_high,2,5,0.6198180845371857,0.010947898669906241,0.6250401284109149,0.6310861423220974,0.5608862433862434,121.0,768,8,1,2560,0.33,8,7.288125e-05,0.0007,0.0,cosine_warmup,5,True,True,True,0.006,True,2,20,4,True,True,False,"{""augment_noise_std"":0.006,""augment_train"":true,""balanced_sampler"":true,""batch_size"":8,""compile_model"":false,""cpu_threads"":20,""d_model"":768,""dim_feedforward"":2560,""dropout"":0.33,""label_smoothing"":0.0,""learning_rate"":7.288125e-05,""num_heads"":8,""num_layers"":1,""num_workers"":2,""pin_memory"":true,""prefetch_factor"":4,""scheduler"":""cosine_warmup"",""standardize"":true,""use_amp"":true,""use_class_weight"":true,""warmup_epochs"":5,""weight_decay"":0.0007}"
adaptive_large_model_tuning,5,2026-08-17T21:20:01,pose_hands_mouth,portfolio_r1_wide512,4,5,0.6435295166755841,0.03689056859758825,0.6424826110219369,0.6751738897806313,0.6142724867724868,79.0,512,8,1,2048,0.25,16,0.000125,0.001,0.0,cosine,5,True,True,True,0.006,True,2,20,4,True,True,False,"{""augment_noise_std"":0.006,""augment_train"":true,""balanced_sampler"":true,""batch_size"":16,""compile_model"":false,""cpu_threads"":20,""d_model"":512,""dim_feedforward"":2048,""dropout"":0.25,""label_smoothing"":0.0,""learning_rate"":0.000125,""num_heads"":8,""num_layers"":1,""num_workers"":2,""pin_memory"":true,""prefetch_factor"":4,""scheduler"":""cosine"",""standardize"":true,""use_amp"":true,""use_class_weight"":true,""warmup_epochs"":5,""weight_decay"":0.001}"
adaptive_large_model_tuning,5,2026-08-17T21:20:01,pose_hands_mouth,portfolio_r1_wide640,3,5,0.6461886927055466,0.01636821119820192,0.6493846976993044,0.6593900481540931,0.5901455026455026,93.0,640,8,1,2560,0.25,12,0.000125,0.001,0.0,cosine,5,True,True,True,0.006,True,2,20,4,True,True,False,"{""augment_noise_std"":0.006,""augment_train"":true,""balanced_sampler"":true,""batch_size"":12,""compile_model"":false,""cpu_threads"":20,""d_model"":640,""dim_feedforward"":2560,""dropout"":0.25,""label_smoothing"":0.0,""learning_rate"":0.000125,""num_heads"":8,""num_layers"":1,""num_workers"":2,""pin_memory"":true,""prefetch_factor"":4,""scheduler"":""cosine"",""standardize"":true,""use_amp"":true,""use_class_weight"":true,""warmup_epochs"":5,""weight_decay"":0.001}"
adaptive_large_model_tuning,5,2026-08-17T21:20:01,pose_hands_mouth,portfolio_r2_ff_down,5,5,0.627924023542001,0.016916486883911053,0.6301765650080257,0.6524879614767255,0.5681415343915344,83.0,640,8,1,2048,0.25,12,0.000125,0.001,0.0,cosine,5,True,True,True,0.006,True,2,20,4,True,True,False,"{""augment_noise_std"":0.006,""augment_train"":true,""balanced_sampler"":true,""batch_size"":12,""compile_model"":false,""cpu_threads"":20,""d_model"":640,""dim_feedforward"":2048,""dropout"":0.25,""label_smoothing"":0.0,""learning_rate"":0.000125,""num_heads"":8,""num_layers"":1,""num_workers"":2,""pin_memory"":true,""prefetch_factor"":4,""scheduler"":""cosine"",""standardize"":true,""use_amp"":true,""use_class_weight"":true,""warmup_epochs"":5,""weight_decay"":0.001}"
adaptive_large_model_tuning,5,2026-08-17T21:20:01,pose_hands_mouth,portfolio_r4_dropout_high,1,5,0.6666470483324416,0.02340056640010781,0.672712680577849,0.6834849295523453,0.5865542328042328,76.0,640,8,1,2048,0.33,12,0.0001,0.001,0.0,cosine,5,True,True,True,0.006,True,2,20,4,True,True,False,"{""augment_noise_std"":0.006,""augment_train"":true,""balanced_sampler"":true,""batch_size"":12,""compile_model"":false,""cpu_threads"":20,""d_model"":640,""dim_feedforward"":2048,""dropout"":0.33,""label_smoothing"":0.0,""learning_rate"":0.0001,""num_heads"":8,""num_layers"":1,""num_workers"":2,""pin_memory"":true,""prefetch_factor"":4,""scheduler"":""cosine"",""standardize"":true,""use_amp"":true,""use_class_weight"":true,""warmup_epochs"":5,""weight_decay"":0.001}"
adaptive_large_model_tuning,5,2026-08-17T21:20:01,pose_hands_mouth,portfolio_r4_regularization_ref,2,5,0.6504155519885857,0.020043793592415423,0.6446227929373997,0.6726591760299625,0.5993187830687831,93.0,640,8,1,2048,0.25,12,0.0001,0.001,0.0,cosine,5,True,True,True,0.006,True,2,20,4,True,True,False,"{""augment_noise_std"":0.006,""augment_train"":true,""balanced_sampler"":true,""batch_size"":12,""compile_model"":false,""cpu_threads"":20,""d_model"":640,""dim_feedforward"":2048,""dropout"":0.25,""label_smoothing"":0.0,""learning_rate"":0.0001,""num_heads"":8,""num_layers"":1,""num_workers"":2,""pin_memory"":true,""prefetch_factor"":4,""scheduler"":""cosine"",""standardize"":true,""use_amp"":true,""use_class_weight"":true,""warmup_epochs"":5,""weight_decay"":0.001}"
