video_id,gloss,label,split
00336,abdomen,1283,train
00338,abdomen,1283,train
00341,abdomen,1283,train
00377,able,1284,train
00381,able,1284,train
00384,able,1284,train
00414,about,180,train
00415,about,180,train
00416,about,180,train
00426,about,180,train
00430,above,1040,train
00433,above,1040,train
00435,above,1040,train
00583,accent,1600,train
00584,accent,1600,train
00585,accent,1600,train
00586,accent,1600,train
00593,accept,471,train
00594,accept,471,train
00597,accept,471,train
00599,accept,471,train
00603,accept,471,train
00623,accident,51,train
00624,accident,51,train
00628,accident,51,train
00629,accident,51,train
00631,accident,51,train
00632,accident,51,train
00633,accident,51,train
00639,accident,51,train
00663,accomplish,1041,train
00666,accomplish,1041,train
00668,accomplish,1041,train
00690,accountant,1285,train
00694,accountant,1285,train
00835,across,804,train
00836,across,804,train
00839,across,804,train
00842,across,804,train
00847,act,1601,train
00849,act,1601,train
00851,act,1601,train
00854,action,1286,train
00855,action,1286,train
00858,action,1286,train
00869,active,1287,train
00871,active,1287,train
00874,active,1287,train
00890,activity,1288,train
00891,activity,1288,train
00894,activity,1288,train
00899,actor,805,train
00901,actor,805,train
00904,actor,805,train
00946,adapt,1602,train
00947,adapt,1602,train
00949,adapt,1602,train
00951,adapt,1602,train
00962,add,631,train
00963,add,631,train
00964,add,631,train
00965,add,631,train
00967,add,631,train
01012,address,1289,train
01018,address,1289,train
01024,address,1289,train
01065,adjective,1603,train
01066,adjective,1603,train
01068,adjective,1603,train
01076,adjust,1604,train
01079,adjust,1604,train
01101,admire,1605,train
01103,admire,1605,train
01107,admire,1605,train
01118,admit,1606,train
01120,admit,1606,train
01122,admit,1606,train
01127,admit,1606,train
01157,adopt,1042,train
01160,adopt,1042,train
01162,adopt,1042,train
01206,adult,472,train
01207,adult,472,train
01208,adult,472,train
01209,adult,472,train
01214,adult,472,train
01217,adult,472,train
01227,advanced,1607,train
01229,advanced,1607,train
01231,advanced,1607,train
01252,advantage,1043,train
01265,adverb,1608,train
01266,adverb,1608,train
01268,adverb,1608,train
01320,affect,1290,train
01321,affect,1290,train
01327,affect,1290,train
01374,afraid,1291,train
01376,afraid,1291,train
01381,afraid,1291,train
01383,africa,76,train
01384,africa,76,train
01385,africa,76,train
01387,africa,76,train
01388,africa,76,train
01418,after,473,train
01419,after,473,train
01428,after,473,train
01433,afternoon,350,train
01434,afternoon,350,train
01435,afternoon,350,train
01442,afternoon,350,train
01460,again,139,train
01461,again,139,train
01463,again,139,train
01464,again,139,train
01466,again,139,train
01471,again,139,train
01473,against,1292,train
01474,against,1292,train
01479,against,1292,train
01485,age,351,train
01486,age,351,train
01495,age,351,train
01505,agenda,1293,train
01507,agenda,1293,train
01515,agenda,1293,train
01552,ago,474,train
01556,ago,474,train
01557,ago,474,train
01558,ago,474,train
01561,ago,474,train
01564,ago,474,train
01575,agree,806,train
01577,agree,806,train
01579,agree,806,train
01582,agree,806,train
01584,agreement,1609,train
01585,agreement,1609,train
01586,agreement,1609,train
01587,agreement,1609,train
01599,ahead,1294,train
01602,ahead,1294,train
01605,ahead,1294,train
01610,a,1281,train
01612,a,1281,train
01615,a,1281,train
01624,aid,1610,train
01626,aid,1610,train
01627,aid,1610,train
01643,aim,1295,train
01646,aim,1295,train
01652,aim,1295,train
01653,aim,1295,train
01724,airplane,632,train
01726,airplane,632,train
01727,airplane,632,train
01730,airplane,632,train
01734,airplane,632,train
01804,alarm,807,train
01808,alarm,807,train
01832,alcohol,1296,train
01836,alcohol,1296,train
01839,alcohol,1296,train
01875,algebra,1297,train
01876,algebra,1297,train
01880,algebra,1297,train
01922,all day,1298,train
01923,all day,1298,train
01924,all day,1298,train
01926,all day,1298,train
01927,all day,1298,train
01955,allergy,808,train
01956,allergy,808,train
01957,allergy,808,train
01960,allergy,808,train
01962,allergy,808,train
01987,all,18,train
01988,all,18,train
01991,all,18,train
01992,all,18,train
02003,all,18,train
02010,alligator,1611,train
02012,alligator,1611,train
02014,alligator,1611,train
02045,allow,475,train
02046,allow,475,train
02052,allow,475,train
02091,almost,809,train
02093,almost,809,train
02095,almost,809,train
02103,alone,352,train
02104,alone,352,train
02106,alone,352,train
02109,alone,352,train
02110,alone,352,train
02112,alone,352,train
02124,a lot,1282,train
02125,a lot,1282,train
02126,a lot,1282,train
02129,a lot,1282,train
02131,a lot,1282,train
02151,alphabet,1044,train
02160,already,633,train
02162,already,633,train
02163,already,633,train
02165,already,633,train
02168,already,633,train
02177,also,634,train
02178,also,634,train
02228,always,256,train
02233,always,256,train
02238,always,256,train
02269,amazing,1299,train
02276,amazing,1299,train
02285,amazing,1299,train
02349,america,476,train
02350,america,476,train
02351,america,476,train
02356,america,476,train
02431,amputate,1612,train
02434,amputate,1612,train
02435,amputate,1612,train
02474,analyze,635,train
02476,analyze,635,train
02477,analyze,635,train
02478,analyze,635,train
02487,anatomy,1613,train
02490,anatomy,1613,train
02492,anatomy,1613,train
02519,and,636,train
02521,and,636,train
02525,and,636,train
02540,angel,477,train
02541,angel,477,train
02542,angel,477,train
02548,angel,477,train
02558,angle,1300,train
02559,angle,1300,train
02560,angle,1300,train
02563,angle,1300,train
02565,angry,637,train
02566,angry,637,train
02567,angry,637,train
02569,angry,637,train
02583,animal,257,train
02584,animal,257,train
02589,animal,257,train
02592,animal,257,train
02609,anniversary,1045,train
02610,anniversary,1045,train
02611,anniversary,1045,train
02614,anniversary,1045,train
02616,anniversary,1045,train
02620,announce,810,train
02622,announce,810,train
02625,announce,810,train
02643,annoy,1614,train
02644,annoy,1614,train
02645,annoy,1614,train
02653,annoy,1614,train
02697,another,1046,train
02706,another,1046,train
02710,answer,478,train
02711,answer,478,train
02712,answer,478,train
02713,answer,478,train
02718,answer,478,train
02826,any,479,train
02828,any,479,train
02833,any,479,train
02852,anyway,1615,train
02854,anyway,1615,train
02856,anyway,1615,train
02864,apart,1301,train
02865,apart,1301,train
02870,apart,1301,train
02872,apartment,811,train
02873,apartment,811,train
02875,apartment,811,train
02877,apartment,811,train
02880,apartment,811,train
02911,apostrophe,1302,train
02912,apostrophe,1302,train
02913,apostrophe,1302,train
02915,apostrophe,1302,train
02952,appear,638,train
02953,appear,638,train
02954,appear,638,train
02970,appetite,1303,train
02971,appetite,1303,train
02975,appetite,1303,train
03000,apple,52,train
03001,apple,52,train
03002,apple,52,train
03003,apple,52,train
03005,apple,52,train
03008,apple,52,train
03055,appointment,353,train
03056,appointment,353,train
03057,appointment,353,train
03059,appointment,353,train
03062,appointment,353,train
03063,appointment,353,train
03069,appreciate,1304,train
03070,appreciate,1304,train
03073,appreciate,1304,train
03074,appreciate,1304,train
03090,approach,1616,train
03092,approach,1616,train
03093,approach,1616,train
03096,approach,1616,train
03101,appropriate,1047,train
03102,appropriate,1047,train
03103,appropriate,1047,train
03108,appropriate,1047,train
03118,approve,181,train
03119,approve,181,train
03121,approve,181,train
03122,approve,181,train
03124,approve,181,train
03131,approve,181,train
03155,april,1305,train
03156,april,1305,train
03161,april,1305,train
03202,archery,1306,train
03204,archery,1306,train
03207,archery,1306,train
03234,area,480,train
03235,area,480,train
03238,area,480,train
03240,area,480,train
03246,area,480,train
03267,argue,258,train
03268,argue,258,train
03270,argue,258,train
03273,argue,258,train
03274,argue,258,train
03277,argue,258,train
03282,argue,258,train
03315,arizona,1617,train
03316,arizona,1617,train
03318,arizona,1617,train
03337,arm,639,train
03338,arm,639,train
03339,arm,639,train
03342,arm,639,train
03344,arm,639,train
03361,army,640,train
03364,army,640,train
03368,army,640,train
03377,around,1307,train
03378,around,1307,train
03389,around,1307,train
03417,arrest,641,train
03418,arrest,641,train
03430,arrest,641,train
03437,arrive,182,train
03438,arrive,182,train
03439,arrive,182,train
03448,arrogant,1048,train
03449,arrogant,1048,train
03457,arrogant,1048,train
03478,art,481,train
03479,art,481,train
03484,art,481,train
03490,article,1308,train
03491,article,1308,train
03515,artist,1049,train
03516,artist,1049,train
03517,artist,1049,train
03522,artist,1049,train
03564,asia,642,train
03565,asia,642,train
03568,asia,642,train
03571,asia,642,train
03595,ask,643,train
03597,ask,643,train
03598,ask,643,train
03605,ask,643,train
03634,asl,482,train
03635,asl,482,train
03642,asl,482,train
03757,assistant,1309,train
03758,assistant,1309,train
03763,assistant,1309,train
03766,assist,1618,train
03768,assist,1618,train
03769,assist,1618,train
03771,assist,1618,train
03800,assume,1619,train
03802,assume,1619,train
03805,assume,1619,train
04000,attend,1310,train
04002,attend,1310,train
04007,attend,1310,train
04011,attention,812,train
04012,attention,812,train
04015,attention,812,train
04017,attention,812,train
04041,attitude,644,train
04044,attitude,644,train
04045,attitude,644,train
04048,attitude,644,train
04051,attorney,1620,train
04053,attorney,1620,train
04055,attorney,1620,train
04062,attract,645,train
04063,attract,645,train
04072,attract,645,train
04073,attract,645,train
04076,attract,645,train
04101,auction,1311,train
04102,auction,1311,train
04106,auction,1311,train
04115,audience,813,train
04118,audience,813,train
04119,audience,813,train
04123,audience,813,train
04130,audiologist,1621,train
04132,audiologist,1621,train
04134,audiologist,1621,train
04137,audiology,1622,train
04139,audiology,1622,train
04141,audiology,1622,train
04156,august,814,train
04159,august,814,train
04163,august,814,train
04164,august,814,train
04168,aunt,483,train
04169,aunt,483,train
04170,aunt,483,train
04171,aunt,483,train
04176,aunt,483,train
04186,australia,354,train
04187,australia,354,train
04188,australia,354,train
04189,australia,354,train
04190,australia,354,train
04193,australia,354,train
04202,austria,1623,train
04203,austria,1623,train
04219,author,1624,train
04221,author,1624,train
04223,author,1624,train
04227,authority,1312,train
04228,authority,1312,train
04232,authority,1312,train
04289,autumn,815,train
04291,autumn,815,train
04294,autumn,815,train
04296,autumn,815,train
04302,available,1625,train
04304,available,1625,train
04307,available,1625,train
04325,average,1313,train
04326,average,1313,train
04330,average,1313,train
04332,average,1313,train
04343,avoid,355,train
04344,avoid,355,train
04345,avoid,355,train
04347,avoid,355,train
04352,avoid,355,train
04355,awake,1314,train
04356,awake,1314,train
04361,awake,1314,train
04369,award,1626,train
04372,award,1626,train
04376,aware,1627,train
04378,aware,1627,train
04380,aware,1627,train
04389,away,816,train
04424,awful,484,train
04425,awful,484,train
04426,awful,484,train
04430,awful,484,train
04434,awful,484,train
04437,awkward,485,train
04438,awkward,485,train
04439,awkward,485,train
04443,awkward,485,train
04446,awkward,485,train
04505,baby,259,train
04506,baby,259,train
04511,baby,259,train
04514,baby,259,train
04532,babysitter,1316,train
04533,babysitter,1316,train
04537,babysitter,1316,train
04581,background,1050,train
04592,back,260,train
04604,back,260,train
04616,backpack,105,train
04618,backpack,105,train
04619,backpack,105,train
04624,backpack,105,train
04631,backpack,105,train
04679,bacon,486,train
04680,bacon,486,train
04681,bacon,486,train
04687,bacon,486,train
04708,bad,140,train
04709,bad,140,train
04712,bad,140,train
04713,bad,140,train
04718,bad,140,train
04723,bad,140,train
04768,bake,261,train
04772,bake,261,train
04775,bake,261,train
04795,balance,183,train
04797,balance,183,train
04798,balance,183,train
04799,balance,183,train
04801,balance,183,train
04803,balance,183,train
04821,bald,646,train
04824,bald,646,train
04831,bald,646,train
04849,ball,141,train
04850,ball,141,train
04851,ball,141,train
04852,ball,141,train
04854,ball,141,train
04864,ball,141,train
04867,balloon,356,train
04868,balloon,356,train
04870,balloon,356,train
04873,balloon,356,train
04875,balloon,356,train
04897,banana,184,train
04898,banana,184,train
04899,banana,184,train
04900,banana,184,train
04903,banana,184,train
04972,bank,1628,train
04974,bank,1628,train
05018,baptize,1629,train
05019,baptize,1629,train
05020,baptize,1629,train
05025,baptize,1629,train
05062,barely,647,train
05063,barely,647,train
05064,barely,647,train
05065,barely,647,train
05066,barely,647,train
05069,barely,647,train
05087,bar,106,train
05090,bar,106,train
05095,bar,106,train
05097,bar,106,train
05098,bar,106,train
05103,bar,106,train
05110,bark,487,train
05113,bark,487,train
05118,bark,487,train
05172,baseball,648,train
05175,baseball,648,train
05178,baseball,648,train
05194,basement,357,train
05196,basement,357,train
05204,basement,357,train
05216,basic,1630,train
05217,basic,1630,train
05219,basic,1630,train
05229,basketball,77,train
05230,basketball,77,train
05231,basketball,77,train
05233,basketball,77,train
05234,basketball,77,train
05238,basketball,77,train
05243,basketball,77,train
05275,bath,262,train
05280,bath,262,train
05285,bath,262,train
05297,bathroom,142,train
05298,bathroom,142,train
05300,bathroom,142,train
05310,bathroom,142,train
05358,battery,1631,train
05362,battery,1631,train
05369,battle,1317,train
05374,battle,1317,train
05467,beard,185,train
05468,beard,185,train
05470,beard,185,train
05472,beard,185,train
05473,beard,185,train
05479,beard,185,train
05484,bear,358,train
05486,bear,358,train
05487,bear,358,train
05489,bear,358,train
05556,beautiful,817,train
05557,beautiful,817,train
05559,beautiful,817,train
05562,beautiful,817,train
05565,beautiful,817,train
05596,because,186,train
05598,because,186,train
05599,because,186,train
05601,because,186,train
05609,because,186,train
05617,become,818,train
05619,become,818,train
05622,become,818,train
05629,bed,32,train
05630,bed,32,train
05631,bed,32,train
05632,bed,32,train
05633,bed,32,train
05634,bed,32,train
05636,bed,32,train
05637,bed,32,train
05638,bed,32,train
05644,bed,32,train
05652,bedroom,488,train
05656,bedroom,488,train
05661,bedroom,488,train
05680,bee,1051,train
05685,bee,1051,train
05688,bee,1051,train
05705,beer,489,train
05706,beer,489,train
05712,beer,489,train
05715,beer,489,train
05728,before,3,train
05729,before,3,train
05730,before,3,train
05731,before,3,train
05732,before,3,train
05733,before,3,train
05734,before,3,train
05740,before,3,train
05742,before,3,train
05743,before,3,train
05749,before,3,train
05762,beg,649,train
05763,beg,649,train
05767,beg,649,train
05779,beginning,1318,train
05780,beginning,1318,train
05781,beginning,1318,train
05783,beginning,1318,train
05784,beginning,1318,train
05792,behavior,1052,train
05793,behavior,1052,train
05796,behavior,1052,train
05798,behavior,1052,train
05803,behind,263,train
05804,behind,263,train
05816,behind,263,train
05846,belief,1319,train
05847,belief,1319,train
05848,belief,1319,train
05851,belief,1319,train
05853,believe,359,train
05854,believe,359,train
05856,believe,359,train
05873,bell,1053,train
05874,bell,1053,train
05875,bell,1053,train
05878,bell,1053,train
05881,bell,1053,train
05912,below,819,train
05915,below,819,train
05920,below,819,train
05923,belt,490,train
05924,belt,490,train
05925,belt,490,train
05931,belt,490,train
05960,benefit,650,train
05962,benefit,650,train
05964,benefit,650,train
05965,benefit,650,train
05967,benefit,650,train
05987,berry,1632,train
05988,berry,1632,train
05989,berry,1632,train
05992,berry,1632,train
05998,beside,1633,train
05999,beside,1633,train
06001,beside,1633,train
06002,beside,1633,train
06021,best,820,train
06022,best,820,train
06029,best,820,train
06045,bet,821,train
06047,bet,821,train
06049,bet,821,train
06052,bet,821,train
06066,better,360,train
06067,better,360,train
06069,better,360,train
06075,better,360,train
06081,between,1634,train
06082,between,1634,train
06083,between,1634,train
06085,between,1634,train
06087,between,1634,train
06124,b,1315,train
06138,bible,1320,train
06140,bible,1320,train
06159,bicycle,822,train
06160,bicycle,822,train
06163,bicycle,822,train
06165,bicycle,822,train
06192,big,491,train
06199,big,491,train
06202,big,491,train
06215,bike,1321,train
06218,bike,1321,train
06299,binoculars,1635,train
06300,binoculars,1635,train
06302,binoculars,1635,train
06314,biology,823,train
06317,biology,823,train
06319,biology,823,train
06331,bird,53,train
06332,bird,53,train
06333,bird,53,train
06334,bird,53,train
06337,bird,53,train
06343,bird,53,train
06359,birthday,78,train
06363,birthday,78,train
06365,birthday,78,train
06371,birthday,78,train
06375,birth,1054,train
06379,birth,1054,train
06409,bite,651,train
06410,bite,651,train
06411,bite,651,train
06428,bitter,492,train
06429,bitter,492,train
06435,bitter,492,train
06436,bitter,492,train
06439,bitter,492,train
06471,black,19,train
06472,black,19,train
06473,black,19,train
06474,black,19,train
06477,black,19,train
06478,black,19,train
06486,black,19,train
06529,blame,652,train
06532,blame,652,train
06533,blame,652,train
06536,blame,652,train
06551,blanket,143,train
06552,blanket,143,train
06554,blanket,143,train
06555,blanket,143,train
06559,blanket,143,train
06563,blanket,143,train
06614,blend,1322,train
06615,blend,1322,train
06620,blend,1322,train
06625,bless,1055,train
06626,bless,1055,train
06629,bless,1055,train
06631,bless,1055,train
06649,blind,361,train
06650,blind,361,train
06651,blind,361,train
06658,blind,361,train
06733,blood,1056,train
06736,blood,1056,train
06738,blood,1056,train
06789,blow,1636,train
06792,blow,1636,train
06794,blow,1636,train
06832,blue,33,train
06833,blue,33,train
06834,blue,33,train
06835,blue,33,train
06839,blue,33,train
06925,boast,1637,train
06928,boast,1637,train
06931,boat,653,train
06932,boat,653,train
06933,boat,653,train
06937,boat,653,train
06951,body,654,train
06968,boil,1638,train
06969,boil,1638,train
06972,boil,1638,train
07033,bone,1323,train
07038,bone,1323,train
07068,book,0,train
07069,book,0,train
07070,book,0,train
07074,book,0,train
07118,bookshelf,1639,train
07121,bookshelf,1639,train
07127,bookstore,1640,train
07128,bookstore,1640,train
07130,bookstore,1640,train
07131,bookstore,1640,train
07191,bored,362,train
07196,bored,362,train
07197,bored,362,train
07198,bored,362,train
07203,bored,362,train
07227,borrow,655,train
07230,borrow,655,train
07231,borrow,655,train
07234,borrow,655,train
07237,boss,656,train
07238,boss,656,train
07239,boss,656,train
07243,boss,656,train
07245,boss,656,train
07247,boss,656,train
07260,bother,657,train
07262,bother,657,train
07264,bother,657,train
07265,bother,657,train
07271,both,493,train
07272,both,493,train
07277,both,493,train
07288,bottle,658,train
07290,bottle,658,train
07297,bottom,659,train
07298,bottom,659,train
07299,bottom,659,train
07301,bottom,659,train
07304,bottom,659,train
07309,bottom,659,train
07371,bowl,363,train
07373,bowl,363,train
07382,bowl,363,train
07389,bowling,34,train
07390,bowling,34,train
07391,bowling,34,train
07392,bowling,34,train
07393,bowling,34,train
07394,bowling,34,train
07397,bowling,34,train
07399,bowling,34,train
07417,box,364,train
07418,box,364,train
07421,box,364,train
07424,box,364,train
07431,boxing,1641,train
07433,boxing,1641,train
07435,boxing,1641,train
07440,boyfriend,824,train
07443,boyfriend,824,train
07451,boyfriend,824,train
07452,boy,187,train
07455,boy,187,train
07458,boy,187,train
07470,bracelet,365,train
07471,bracelet,365,train
07473,bracelet,365,train
07479,bracelet,365,train
07492,brag,660,train
07493,brag,660,train
07495,brag,660,train
07498,brag,660,train
07499,bra,1324,train
07500,bra,1324,train
07502,bra,1324,train
07509,braid,1642,train
07510,braid,1642,train
07515,braid,1642,train
07528,brain,1643,train
07530,brain,1643,train
07532,brain,1643,train
07575,brave,1058,train
07578,brave,1058,train
07580,brave,1058,train
07595,bread,366,train
07596,bread,366,train
07597,bread,366,train
07598,bread,366,train
07600,bread,366,train
07604,bread,366,train
07612,breakdown,1644,train
07618,breakdown,1644,train
07626,breakfast,1645,train
07628,breakfast,1645,train
07630,breakfast,1645,train
07632,break,825,train
07634,break,825,train
07637,break,825,train
07642,break,825,train
07676,breathe,1059,train
07677,breathe,1059,train
07680,breathe,1059,train
07682,breathe,1059,train
07702,breeze,1646,train
07703,breeze,1646,train
07706,breeze,1646,train
07718,bribe,1647,train
07721,bribe,1647,train
07751,bridge,826,train
07757,bridge,826,train
07767,brief,1325,train
07769,brief,1325,train
07772,brief,1325,train
07779,bright,1060,train
07781,bright,1060,train
07787,bright,1060,train
07806,bring,264,train
07807,bring,264,train
07808,bring,264,train
07815,bring,264,train
07862,brochure,1648,train
07864,brochure,1648,train
07866,brochure,1648,train
07875,broke,1326,train
07886,broke,1326,train
07932,brother,107,train
07933,brother,107,train
07934,brother,107,train
07935,brother,107,train
07936,brother,107,train
07937,brother,107,train
07940,brother,107,train
07943,brother,107,train
07960,brown,79,train
07961,brown,79,train
07962,brown,79,train
07963,brown,79,train
07966,brown,79,train
08001,brush,827,train
08005,brush,827,train
08012,brush,827,train
08089,buffalo,1649,train
08093,buffalo,1649,train
08095,buffalo,1649,train
08107,bug,1327,train
08120,build,661,train
08123,build,661,train
08127,build,661,train
08132,building,828,train
08135,building,828,train
08166,bull,1061,train
08167,bull,1061,train
08168,bull,1061,train
08174,bull,1061,train
08182,bully,1328,train
08183,bully,1328,train
08187,bully,1328,train
08303,burp,1650,train
08305,burp,1650,train
08308,burp,1650,train
08340,bush,1651,train
08341,bush,1651,train
08343,bush,1651,train
08345,bush,1651,train
08346,bus,662,train
08349,bus,662,train
08368,business,188,train
08369,business,188,train
08370,business,188,train
08372,business,188,train
08411,busy,829,train
08412,busy,829,train
08417,busy,829,train
08424,but,80,train
08431,but,80,train
08437,but,80,train
08442,butterfly,1062,train
08445,butterfly,1062,train
08447,butterfly,1062,train
08450,butter,663,train
08452,butter,663,train
08455,butter,663,train
08468,button,1329,train
08470,button,1329,train
08474,button,1329,train
08482,buy,144,train
08483,buy,144,train
08485,buy,144,train
08486,buy,144,train
08488,buy,144,train
08492,buy,144,train
08512,bye,1652,train
08514,bye,1652,train
08515,bye,1652,train
08517,bye,1652,train
08533,cabbage,1330,train
08535,cabbage,1330,train
08538,cabbage,1330,train
08543,cabinet,1331,train
08544,cabinet,1331,train
08545,cabinet,1331,train
08547,cabinet,1331,train
08587,cafeteria,367,train
08588,cafeteria,367,train
08589,cafeteria,367,train
08595,cafeteria,367,train
08612,cake,494,train
08613,cake,494,train
08614,cake,494,train
08618,cake,494,train
08626,calculate,1332,train
08627,calculate,1332,train
08628,calculate,1332,train
08631,calculate,1332,train
08633,calculate,1332,train
08636,calculator,1333,train
08637,calculator,1333,train
08641,calculator,1333,train
08644,calculus,1334,train
08645,calculus,1334,train
08649,calculus,1334,train
08670,california,495,train
08671,california,495,train
08676,california,495,train
08677,california,495,train
08680,california,495,train
08689,call,145,train
08690,call,145,train
08691,call,145,train
08692,call,145,train
08702,call,145,train
08713,call,145,train
08745,calm,664,train
08746,calm,664,train
08748,calm,664,train
08749,calm,664,train
08774,camel,1653,train
08780,camel,1653,train
08784,camera,830,train
08791,camera,830,train
08818,camp,831,train
08820,camp,831,train
08823,camp,831,train
08825,camping,1335,train
08827,camping,1335,train
08830,camping,1335,train
08841,canada,496,train
08842,canada,496,train
08843,canada,496,train
08849,canada,496,train
08860,cancel,665,train
08862,cancel,665,train
08863,cancel,665,train
08865,cancel,665,train
08868,cancel,665,train
08890,candidate,1654,train
08891,candidate,1654,train
08893,candidate,1654,train
08894,candidate,1654,train
08898,candle,666,train
08900,candle,666,train
08902,candle,666,train
08905,candle,666,train
08916,candy,8,train
08917,candy,8,train
08919,candy,8,train
08920,candy,8,train
08921,candy,8,train
08924,candy,8,train
08935,can,35,train
08936,can,35,train
08937,can,35,train
08938,can,35,train
08942,can,35,train
08944,can,35,train
08955,can,35,train
08967,cannot,1655,train
08968,cannot,1655,train
08972,cannot,1655,train
08974,cannot,1655,train
08979,canoe,1336,train
08980,canoe,1336,train
08985,canoe,1336,train
09081,captain,1656,train
09085,captain,1656,train
09087,caption,832,train
09088,caption,832,train
09091,caption,832,train
09092,caption,832,train
09095,caption,832,train
09127,card,1063,train
09130,card,1063,train
09131,card,1063,train
09137,card,1063,train
09151,cards,667,train
09155,cards,667,train
09181,careful,189,train
09182,careful,189,train
09186,careful,189,train
09197,care,833,train
09198,care,833,train
09199,care,833,train
09200,care,833,train
09209,care,833,train
09216,careless,1337,train
09220,careless,1337,train
09234,car,368,train
09237,car,368,train
09238,car,368,train
09244,car,368,train
09260,carnival,1657,train
09261,carnival,1657,train
09262,carnival,1657,train
09264,carnival,1657,train
09305,carrot,497,train
09306,carrot,497,train
09310,carrot,497,train
09311,carrot,497,train
09320,carry,834,train
09321,carry,834,train
09326,carry,834,train
09457,catch,265,train
09458,catch,265,train
09459,catch,265,train
09461,catch,265,train
09467,catch,265,train
09473,catch,265,train
09488,category,1064,train
09489,category,1064,train
09490,category,1064,train
09493,category,1064,train
09495,category,1064,train
09502,caterpillar,1658,train
09503,caterpillar,1658,train
09507,caterpillar,1658,train
09518,catholic,1065,train
09521,catholic,1065,train
09523,catholic,1065,train
09526,cat,108,train
09528,cat,108,train
09533,cat,108,train
09538,cat,108,train
09572,cause,498,train
09573,cause,498,train
09574,cause,498,train
09580,cause,498,train
09625,ceiling,1338,train
09626,ceiling,1338,train
09627,ceiling,1338,train
09631,ceiling,1338,train
09633,celebrate,835,train
09637,celebrate,835,train
09640,celebrate,835,train
09712,cemetery,1339,train
09713,cemetery,1339,train
09716,cemetery,1339,train
09717,cemetery,1339,train
09721,center,190,train
09722,center,190,train
09723,center,190,train
09726,center,190,train
09732,center,190,train
09735,cent,1066,train
09736,cent,1066,train
09737,cent,1066,train
09740,cent,1066,train
09742,cent,1066,train
09775,cereal,266,train
09776,cereal,266,train
09781,cereal,266,train
09786,cereal,266,train
09807,certificate,836,train
09810,certificate,836,train
09812,certificate,836,train
09835,chain,837,train
09837,chain,837,train
09840,chain,837,train
09842,chain,837,train
09848,chair,4,train
09849,chair,4,train
09850,chair,4,train
09869,chair,4,train
09892,challenge,499,train
09893,challenge,499,train
09894,challenge,499,train
09900,challenge,499,train
09918,champion,267,train
09919,champion,267,train
09920,champion,267,train
09921,champion,267,train
09924,champion,267,train
09926,champion,267,train
09934,chance,838,train
09935,chance,838,train
09949,change,54,train
09953,change,54,train
09954,change,54,train
09956,change,54,train
09960,change,54,train
09963,change,54,train
09966,change,54,train
09967,change,54,train
09970,change,54,train
10005,chapter,1340,train
10007,chapter,1340,train
10008,chapter,1340,train
10013,chapter,1340,train
10015,character,839,train
10016,character,839,train
10019,character,839,train
10021,character,839,train
10089,chase,840,train
10091,chase,840,train
10093,chase,840,train
10096,chase,840,train
10105,chat,191,train
10106,chat,191,train
10107,chat,191,train
10109,chat,191,train
10112,chat,191,train
10135,cheap,500,train
10136,cheap,500,train
10137,cheap,500,train
10141,cheap,500,train
10144,cheap,500,train
10147,cheat,81,train
10148,cheat,81,train
10149,cheat,81,train
10157,cheat,81,train
10158,cheat,81,train
10166,cheat,81,train
10183,check,109,train
10184,check,109,train
10185,check,109,train
10187,check,109,train
10190,check,109,train
10197,check,109,train
10199,check,109,train
10250,cheerleader,1659,train
10251,cheerleader,1659,train
10252,cheerleader,1659,train
10266,cheese,268,train
10267,cheese,268,train
10271,cheese,268,train
10275,cheese,268,train
10297,chemical,1660,train
10298,chemical,1660,train
10300,chemical,1660,train
10301,chemical,1660,train
10308,chemistry,1067,train
10309,chemistry,1067,train
10310,chemistry,1067,train
10313,chemistry,1067,train
10315,chemistry,1067,train
10337,cherry,1068,train
10340,cherry,1068,train
10389,chicago,1661,train
10391,chicago,1661,train
10393,chicago,1661,train
10397,chicken,369,train
10400,chicken,369,train
10405,chicken,369,train
10443,child,370,train
10444,child,370,train
10445,child,370,train
10447,child,370,train
10450,child,370,train
10453,child,370,train
10461,children,192,train
10462,children,192,train
10464,children,192,train
10467,children,192,train
10474,children,192,train
10516,china,1069,train
10517,china,1069,train
10520,china,1069,train
10579,chocolate,501,train
10580,chocolate,501,train
10581,chocolate,501,train
10587,chocolate,501,train
10590,choice,668,train
10592,choice,668,train
10594,choice,668,train
10595,choice,668,train
10598,choice,668,train
10601,choir,1341,train
10602,choir,1341,train
10607,choir,1341,train
10611,choke,1662,train
10612,choke,1662,train
10614,choke,1662,train
10631,choose,371,train
10632,choose,371,train
10634,choose,371,train
10635,choose,371,train
10636,choose,371,train
10637,choose,371,train
10645,chop,1070,train
10647,chop,1070,train
10652,chop,1070,train
10680,christ,1663,train
10682,christ,1663,train
10684,christ,1663,train
10686,christian,1071,train
10687,christian,1071,train
10693,christian,1071,train
10703,christmas,193,train
10705,christmas,193,train
10711,christmas,193,train
10715,christmas,193,train
10769,church,372,train
10770,church,372,train
10771,church,372,train
10777,church,372,train
10786,cigarette,1072,train
10787,cigarette,1072,train
10792,cigarette,1072,train
10813,circle,1342,train
10814,circle,1342,train
10817,circle,1342,train
10892,city,82,train
10893,city,82,train
10894,city,82,train
10895,city,82,train
10967,class,110,train
10968,class,110,train
10969,class,110,train
10970,class,110,train
10972,class,110,train
10973,class,110,train
10976,class,110,train
11007,classroom,841,train
11008,classroom,841,train
11015,classroom,841,train
11034,clean,502,train
11035,clean,502,train
11036,clean,502,train
11037,clean,502,train
11042,clean,502,train
11061,clear,842,train
11064,clear,842,train
11067,clear,842,train
11088,clever,1073,train
11089,clever,1073,train
11094,clever,1073,train
11096,clever,1073,train
11104,click,1664,train
11105,click,1664,train
11143,climb,843,train
11144,climb,843,train
11148,climb,843,train
11198,clock,194,train
11199,clock,194,train
11203,clock,194,train
11214,clock,194,train
11253,close,195,train
11254,close,195,train
11260,close,195,train
11261,close,195,train
11267,close,195,train
11268,close,195,train
11284,closet,1665,train
11285,closet,1665,train
11286,closet,1665,train
11287,closet,1665,train
11309,clothes,6,train
11310,clothes,6,train
11313,clothes,6,train
11330,clothes,6,train
11357,cloud,503,train
11358,cloud,503,train
11359,cloud,503,train
11360,cloud,503,train
11361,cloud,503,train
11362,cloud,503,train
11379,clown,1074,train
11382,clown,1074,train
11384,clown,1074,train
11413,clueless,1666,train
11414,clueless,1666,train
11416,clueless,1666,train
11420,clumsy,1667,train
11422,clumsy,1667,train
11424,clumsy,1667,train
11436,coach,1075,train
11437,coach,1075,train
11438,coach,1075,train
11439,coach,1075,train
11444,coach,1075,train
11470,coat,1076,train
11471,coat,1076,train
11476,coat,1076,train
11498,cochlear implant,1077,train
11499,cochlear implant,1077,train
11504,cochlear implant,1077,train
11527,coconut,1078,train
11528,coconut,1078,train
11534,coconut,1078,train
11558,coffee,146,train
11559,coffee,146,train
11560,coffee,146,train
11563,coffee,146,train
11566,coffee,146,train
11621,cold,147,train
11622,cold,147,train
11623,cold,147,train
11624,cold,147,train
11627,cold,147,train
11633,cold,147,train
11635,cold,147,train
11689,collect,1668,train
11693,collect,1668,train
11708,college,148,train
11709,college,148,train
11711,college,148,train
11713,college,148,train
11718,college,148,train
11767,color,55,train
11768,color,55,train
11769,color,55,train
11770,color,55,train
11773,color,55,train
11780,color,55,train
11821,comb,669,train
11823,comb,669,train
11824,comb,669,train
11828,comb,669,train
11863,come here,1344,train
11864,come here,1344,train
11866,come here,1344,train
11867,come here,1344,train
11872,come here,1344,train
11876,come,1343,train
11877,come,1343,train
11882,come,1343,train
11884,come,1343,train
11904,comfortable,670,train
11906,comfortable,670,train
11908,comfortable,670,train
11911,comfortable,670,train
11931,comma,1669,train
11933,comma,1669,train
11935,comma,1669,train
11944,command,844,train
11948,command,844,train
11952,command,844,train
11972,comment,1670,train
11973,comment,1670,train
11978,comment,1670,train
11997,commit,1671,train
12000,commit,1671,train
12005,committee,1672,train
12006,committee,1672,train
12008,committee,1672,train
12010,committee,1672,train
12013,common,1079,train
12014,common,1079,train
12020,common,1079,train
12024,common sense,1673,train
12025,common sense,1673,train
12027,common sense,1673,train
12028,common sense,1673,train
12060,community,845,train
12063,community,845,train
12066,community,845,train
12069,community,845,train
12072,commute,1080,train
12073,commute,1080,train
12074,commute,1080,train
12079,commute,1080,train
12100,company,1345,train
12104,company,1345,train
12109,company,1345,train
12113,compare,504,train
12114,compare,504,train
12115,compare,504,train
12116,compare,504,train
12122,compare,504,train
12161,compete,1674,train
12164,compete,1674,train
12190,complain,846,train
12191,complain,846,train
12193,complain,846,train
12195,complain,846,train
12198,complain,846,train
12210,complete,1346,train
12212,complete,1346,train
12221,complete,1346,train
12223,complex,505,train
12228,complex,505,train
12292,compromise,847,train
12294,compromise,847,train
12300,compromise,847,train
12311,computer,2,train
12313,computer,2,train
12314,computer,2,train
12316,computer,2,train
12317,computer,2,train
12318,computer,2,train
12319,computer,2,train
12327,computer,2,train
12328,computer,2,train
12338,computer,2,train
12392,concentrate,1675,train
12394,concentrate,1675,train
12402,concept,1347,train
12415,concern,1348,train
12416,concern,1348,train
12418,concern,1348,train
12421,concern,1348,train
12586,conflict,671,train
12588,conflict,671,train
12590,conflict,671,train
12593,conflict,671,train
12604,confront,1349,train
12605,confront,1349,train
12606,confront,1349,train
12609,confront,1349,train
12612,confused,1350,train
12613,confused,1350,train
12614,confused,1350,train
12619,confused,1350,train
12637,congratulations,1676,train
12638,congratulations,1676,train
12641,congratulations,1676,train
12650,congress,1351,train
12651,congress,1351,train
12652,congress,1351,train
12656,congress,1351,train
12675,connect,1352,train
12676,connect,1352,train
12680,connect,1352,train
12696,conquer,1353,train
12700,conquer,1353,train
12702,conquer,1353,train
12704,conquer,1353,train
12758,consider,1677,train
12759,consider,1677,train
12761,consider,1677,train
12810,constitution,1354,train
12811,constitution,1354,train
12812,constitution,1354,train
12814,constitution,1354,train
12815,constitution,1354,train
12823,construct,1678,train
12824,construct,1678,train
12826,construct,1678,train
12855,consume,1679,train
12860,consume,1679,train
12871,contact,506,train
12872,contact,506,train
12873,contact,506,train
12877,contact,506,train
12879,contact,506,train
12943,contest,1680,train
12945,contest,1680,train
12947,contest,1680,train
12968,continue,507,train
12969,continue,507,train
12970,continue,507,train
12977,continue,507,train
12990,contract,1355,train
12994,contract,1355,train
13017,contribute,848,train
13018,contribute,848,train
13020,contribute,848,train
13023,contribute,848,train
13026,contribute,848,train
13042,control,1081,train
13043,control,1081,train
13044,control,1081,train
13049,control,1081,train
13091,conversation,1681,train
13093,conversation,1681,train
13094,conversation,1681,train
13095,conversation,1681,train
13111,convert,1682,train
13114,convert,1682,train
13134,convince,196,train
13136,convince,196,train
13137,convince,196,train
13138,convince,196,train
13143,convince,196,train
13144,convince,196,train
13156,cook,83,train
13157,cook,83,train
13158,cook,83,train
13160,cook,83,train
13161,cook,83,train
13167,cook,83,train
13168,cook,83,train
13172,cookie,373,train
13173,cookie,373,train
13175,cookie,373,train
13179,cookie,373,train
13182,cookie,373,train
13199,cool,20,train
13200,cool,20,train
13201,cool,20,train
13202,cool,20,train
13208,cool,20,train
13209,cool,20,train
13213,cool,20,train
13216,cool,20,train
13217,cool,20,train
13224,cooperate,1683,train
13228,cooperate,1683,train
13244,cop,849,train
13245,cop,849,train
13246,cop,849,train
13250,cop,849,train
13251,cop,849,train
13253,cop,849,train
13267,copy,149,train
13268,copy,149,train
13269,copy,149,train
13273,copy,149,train
13279,copy,149,train
13312,corner,508,train
13313,corner,508,train
13320,corner,508,train
13323,corn,56,train
13326,corn,56,train
13327,corn,56,train
13328,corn,56,train
13329,corn,56,train
13333,corn,56,train
13337,corn,56,train
13350,correct,509,train
13351,correct,509,train
13352,correct,509,train
13354,correct,509,train
13355,correct,509,train
13356,correct,509,train
13416,cost,850,train
13417,cost,850,train
13420,cost,850,train
13424,cost,850,train
13456,couch,851,train
13457,couch,851,train
13464,couch,851,train
13473,cough,269,train
13478,cough,269,train
13499,counsel,1684,train
13500,counsel,1684,train
13501,counsel,1684,train
13503,counsel,1684,train
13508,counselor,1685,train
13509,counselor,1685,train
13510,counselor,1685,train
13512,counselor,1685,train
13530,count,1082,train
13531,count,1082,train
13534,count,1082,train
13536,count,1082,train
13543,country,197,train
13544,country,197,train
13545,country,197,train
13546,country,197,train
13549,country,197,train
13550,country,197,train
13618,court,1356,train
13619,court,1356,train
13621,court,1356,train
13623,court,1356,train
13630,cousin,9,train
13631,cousin,9,train
13632,cousin,9,train
13636,cousin,9,train
13640,cousin,9,train
13642,cousin,9,train
13646,cousin,9,train
13647,cousin,9,train
13648,cousin,9,train
13657,cover,672,train
13659,cover,672,train
13664,cover,672,train
13695,cow,57,train
13697,cow,57,train
13699,cow,57,train
13702,cow,57,train
13732,crab,1357,train
13733,crab,1357,train
13734,crab,1357,train
13737,crab,1357,train
13744,cracker,852,train
13746,cracker,852,train
13748,cracker,852,train
13749,cracker,852,train
13751,cracker,852,train
13799,crash,198,train
13800,crash,198,train
13803,crash,198,train
13804,crash,198,train
13805,crash,198,train
13806,crash,198,train
13812,crash,198,train
13820,crave,1686,train
13822,crave,1686,train
13824,crave,1686,train
13854,crazy,270,train
13858,crazy,270,train
13859,crazy,270,train
13863,crazy,270,train
13878,create,1687,train
13880,create,1687,train
13881,create,1687,train
14013,crocodile,1688,train
14015,crocodile,1688,train
14048,cross,1358,train
14051,cross,1358,train
14057,cross,1358,train
14103,crown,1689,train
14105,crown,1689,train
14107,crown,1689,train
14128,cruel,1359,train
14129,cruel,1359,train
14157,crush,1360,train
14158,crush,1360,train
14162,crush,1360,train
14174,cry,111,train
14175,cry,111,train
14176,cry,111,train
14180,cry,111,train
14182,cry,111,train
14183,cry,111,train
14188,cry,111,train
14204,cuba,1690,train
14254,culture,1083,train
14261,culture,1083,train
14287,cup,374,train
14288,cup,374,train
14298,cup,374,train
14312,curious,853,train
14314,curious,853,train
14316,curious,853,train
14319,curious,853,train
14366,curriculum,854,train
14368,curriculum,854,train
14370,curriculum,854,train
14373,curriculum,854,train
14376,curse,510,train
14378,curse,510,train
14379,curse,510,train
14380,curse,510,train
14385,curse,510,train
14393,curtain,1691,train
14396,curtain,1691,train
14433,customer,1692,train
14437,customer,1692,train
14438,customer,1692,train
14452,cute,150,train
14453,cute,150,train
14454,cute,150,train
14457,cute,150,train
14461,cute,150,train
14467,cut,375,train
14478,cut,375,train
14479,cut,375,train
14482,cut,375,train
14565,dad,855,train
14567,dad,855,train
14569,dad,855,train
14572,dad,855,train
14577,daily,1084,train
14578,daily,1084,train
14584,daily,1084,train
14604,damage,1694,train
14606,damage,1694,train
14608,damage,1694,train
14622,dance,58,train
14623,dance,58,train
14624,dance,58,train
14625,dance,58,train
14627,dance,58,train
14633,dance,58,train
14635,dancer,1695,train
14636,dancer,1695,train
14638,dancer,1695,train
14646,danger,1696,train
14647,danger,1696,train
14648,danger,1696,train
14650,danger,1696,train
14652,dangerous,1697,train
14653,dangerous,1697,train
14656,dangerous,1697,train
14657,dangerous,1697,train
14671,dark,59,train
14674,dark,59,train
14675,dark,59,train
14676,dark,59,train
14680,dark,59,train
14681,dark,59,train
14728,date,1361,train
14729,date,1361,train
14749,daughter,151,train
14751,daughter,151,train
14752,daughter,151,train
14753,daughter,151,train
14755,daughter,151,train
14757,daughter,151,train
14760,daughter,151,train
14774,dawn,1698,train
14777,dawn,1698,train
14778,dawn,1698,train
14792,day,199,train
14794,day,199,train
14795,day,199,train
14796,day,199,train
14835,dead,511,train
14836,dead,511,train
14837,dead,511,train
14845,dead,511,train
14882,deaf,10,train
14884,deaf,10,train
14885,deaf,10,train
14886,deaf,10,train
14893,deaf,10,train
14894,deaf,10,train
14953,death,1699,train
14954,death,1699,train
14955,death,1699,train
14957,death,1699,train
14964,debate,1700,train
14966,debate,1700,train
14968,debate,1700,train
14981,debt,1701,train
14984,debt,1701,train
15019,december,1362,train
15020,december,1362,train
15025,december,1362,train
15032,decide,84,train
15033,decide,84,train
15034,decide,84,train
15035,decide,84,train
15038,decide,84,train
15093,decorate,376,train
15094,decorate,376,train
15095,decorate,376,train
15099,decorate,376,train
15103,decorate,376,train
15111,decrease,1363,train
15112,decrease,1363,train
15116,decrease,1363,train
15120,decrease,1363,train
15141,deduct,1364,train
15142,deduct,1364,train
15145,deduct,1364,train
15146,deduct,1364,train
15157,deep,377,train
15158,deep,377,train
15159,deep,377,train
15166,deep,377,train
15171,deer,378,train
15172,deer,378,train
15173,deer,378,train
15176,deer,378,train
15180,deer,378,train
15185,defeat,1365,train
15187,defeat,1365,train
15196,defeat,1365,train
15199,defeat,1365,train
15213,defend,1085,train
15214,defend,1085,train
15217,defend,1085,train
15219,defend,1085,train
15297,degree,1086,train
15302,degree,1086,train
15319,delay,271,train
15322,delay,271,train
15323,delay,271,train
15325,delay,271,train
15327,delay,271,train
15328,delay,271,train
15330,delay,271,train
15361,delicious,272,train
15362,delicious,272,train
15363,delicious,272,train
15364,delicious,272,train
15365,delicious,272,train
15369,delicious,272,train
15370,delicious,272,train
15402,deliver,1702,train
15405,deliver,1702,train
15406,deliver,1702,train
15422,demand,512,train
15423,demand,512,train
15424,demand,512,train
15428,demand,512,train
15430,demand,512,train
15449,democrat,1703,train
15450,democrat,1703,train
15453,democrat,1703,train
15474,demonstrate,1087,train
15475,demonstrate,1087,train
15476,demonstrate,1087,train
15479,demonstrate,1087,train
15481,demonstrate,1087,train
15528,dentist,379,train
15529,dentist,379,train
15530,dentist,379,train
15533,dentist,379,train
15548,deny,856,train
15549,deny,856,train
15551,deny,856,train
15557,deodorant,673,train
15559,deodorant,673,train
15561,deodorant,673,train
15564,deodorant,673,train
15577,department,1088,train
15584,department,1088,train
15601,depend,513,train
15602,depend,513,train
15603,depend,513,train
15610,depend,513,train
15633,deposit,1366,train
15635,deposit,1366,train
15638,deposit,1366,train
15648,depressed,1367,train
15649,depressed,1367,train
15652,depressed,1367,train
15695,descend,1704,train
15701,descend,1704,train
15702,descend,1704,train
15706,describe,857,train
15708,describe,857,train
15711,describe,857,train
15713,describe,857,train
15723,desert,514,train
15724,desert,514,train
15725,desert,514,train
15728,desert,514,train
15732,desert,514,train
15750,design,1705,train
15751,design,1705,train
15753,design,1705,train
15755,design,1705,train
15773,desk,515,train
15774,desk,515,train
15775,desk,515,train
15776,desk,515,train
15781,desk,515,train
15809,dessert,674,train
15810,dessert,674,train
15811,dessert,674,train
15815,dessert,674,train
15817,dessert,674,train
15826,destroy,675,train
15828,destroy,675,train
15829,destroy,675,train
15831,destroy,675,train
15845,detach,1368,train
15849,detach,1368,train
15850,detach,1368,train
15876,detective,1706,train
15878,detective,1706,train
15880,detective,1706,train
15904,determine,1369,train
15907,determine,1369,train
15933,develop,516,train
15934,develop,516,train
15935,develop,516,train
15941,develop,516,train
15957,devil,1707,train
15958,devil,1707,train
15998,d,1693,train
16000,d,1693,train
16004,diabetes,1370,train
16005,diabetes,1370,train
16009,diabetes,1370,train
16063,diamond,676,train
16065,diamond,676,train
16073,diamond,676,train
16081,diaper,858,train
16082,diaper,858,train
16085,diaper,858,train
16087,diaper,858,train
16097,diarrhea,859,train
16099,diarrhea,859,train
16102,diarrhea,859,train
16104,diarrhea,859,train
16110,dice,1708,train
16114,dice,1708,train
16124,dictionary,517,train
16125,dictionary,517,train
16126,dictionary,517,train
16131,dictionary,517,train
16134,dictionary,517,train
16168,die,1089,train
16191,different,112,train
16192,different,112,train
16193,different,112,train
16194,different,112,train
16195,different,112,train
16198,different,112,train
16203,different,112,train
16213,difficult,1709,train
16216,difficult,1709,train
16220,difficult,1709,train
16231,dig,1090,train
16238,dig,1090,train
16241,dig,1090,train
16269,dime,1371,train
16270,dime,1371,train
16274,dime,1371,train
16315,dining room,1710,train
16316,dining room,1710,train
16317,dining room,1710,train
16319,dining room,1710,train
16322,dinner,1091,train
16323,dinner,1091,train
16324,dinner,1091,train
16327,dinner,1091,train
16330,dinner,1091,train
16335,dinosaur,1092,train
16337,dinosaur,1092,train
16342,dinosaur,1092,train
16351,diploma,1093,train
16352,diploma,1093,train
16358,diploma,1093,train
16383,director,1094,train
16384,director,1094,train
16394,dirt,1372,train
16396,dirt,1372,train
16397,dirt,1372,train
16400,dirt,1372,train
16404,dirty,380,train
16405,dirty,380,train
16406,dirty,380,train
16411,dirty,380,train
16412,dirty,380,train
16428,disagree,860,train
16430,disagree,860,train
16436,disagree,860,train
16439,disappear,273,train
16440,disappear,273,train
16441,disappear,273,train
16443,disappear,273,train
16444,disappear,273,train
16504,discipline,1711,train
16506,discipline,1711,train
16511,discipline,1711,train
16525,disconnect,1095,train
16526,disconnect,1095,train
16531,disconnect,1095,train
16542,discount,1712,train
16544,discount,1712,train
16546,discount,1712,train
16560,discover,1096,train
16561,discover,1096,train
16562,discover,1096,train
16563,discover,1096,train
16567,discover,1096,train
16569,discover,1096,train
16585,discuss,200,train
16586,discuss,200,train
16587,discuss,200,train
16591,discuss,200,train
16592,discuss,200,train
16593,discuss,200,train
16598,discuss,200,train
16635,disgusted,1713,train
16636,disgusted,1713,train
16639,disgusted,1713,train
16641,disgust,1373,train
16642,disgust,1373,train
16643,disgust,1373,train
16646,disgust,1373,train
16704,dismiss,1374,train
16709,dismiss,1374,train
16804,dissolve,861,train
16806,dissolve,861,train
16808,dissolve,861,train
16809,dissolve,861,train
16811,dissolve,861,train
16877,disturb,1714,train
16878,disturb,1714,train
16880,disturb,1714,train
16892,dive,381,train
16893,dive,381,train
16894,dive,381,train
16895,dive,381,train
16897,dive,381,train
16926,divide,862,train
16927,divide,862,train
16930,divide,862,train
16950,division,1715,train
16951,division,1715,train
16955,division,1715,train
16963,divorce,274,train
16965,divorce,274,train
16968,divorce,274,train
16972,divorce,274,train
16976,divorce,274,train
16982,dizzy,1375,train
16984,dizzy,1375,train
17013,doctor,60,train
17014,doctor,60,train
17015,doctor,60,train
17017,doctor,60,train
17019,doctor,60,train
17026,doctor,60,train
17036,document,1376,train
17037,document,1376,train
17038,document,1376,train
17041,document,1376,train
17042,document,1376,train
17084,dog,36,train
17085,dog,36,train
17086,dog,36,train
17087,dog,36,train
17090,dog,36,train
17091,dog,36,train
17124,dollar,677,train
17125,dollar,677,train
17126,dollar,677,train
17127,dollar,677,train
17132,dollar,677,train
17144,doll,518,train
17153,doll,518,train
17158,dolphin,863,train
17159,dolphin,863,train
17160,dolphin,863,train
17166,dolphin,863,train
17209,done,1716,train
17212,done,1716,train
17214,done,1716,train
17298,don't want,1097,train
17300,don't want,1097,train
17302,don't want,1097,train
17306,don't want,1097,train
17325,door,113,train
17326,door,113,train
17327,door,113,train
17336,door,113,train
17354,dorm,1377,train
17355,dorm,1377,train
17356,dorm,1377,train
17359,dorm,1377,train
17361,dormitory,1378,train
17362,dormitory,1378,train
17364,dormitory,1378,train
17365,dormitory,1378,train
17377,double,864,train
17379,double,864,train
17381,double,864,train
17384,double,864,train
17391,doubt,865,train
17395,doubt,865,train
17428,down,382,train
17429,down,382,train
17430,down,382,train
17431,down,382,train
17433,down,382,train
17436,down,382,train
17457,downstairs,1379,train
17458,downstairs,1379,train
17512,drag,1717,train
17514,drag,1717,train
17521,drag,1717,train
17532,dragon,1718,train
17560,drama,1719,train
17562,drama,1719,train
17564,drama,1719,train
17581,drawer,678,train
17583,drawer,678,train
17585,drawer,678,train
17586,drawer,678,train
17589,drawer,678,train
17594,draw,275,train
17596,draw,275,train
17627,dream,679,train
17628,dream,679,train
17633,dream,679,train
17636,dream,679,train
17654,dress,201,train
17657,dress,201,train
17659,dress,201,train
17660,dress,201,train
17709,drink,1,train
17710,drink,1,train
17711,drink,1,train
17712,drink,1,train
17720,drink,1,train
17721,drink,1,train
17722,drink,1,train
17723,drink,1,train
17733,drink,1,train
17758,drive,202,train
17761,drive,202,train
17762,drive,202,train
17773,drive,202,train
17820,drop,203,train
17821,drop,203,train
17823,drop,203,train
17827,drop,203,train
17828,drop,203,train
17878,drug,1720,train
17883,drug,1720,train
17889,drug,1720,train
17900,drum,1098,train
17912,drunk,680,train
17914,drunk,680,train
17915,drunk,680,train
17918,drunk,680,train
17930,dry,383,train
17931,dry,383,train
17932,dry,383,train
17933,dry,383,train
17935,dry,383,train
17939,dry,383,train
17948,duck,681,train
17949,duck,681,train
17951,duck,681,train
17955,duck,681,train
17959,due,1721,train
17960,due,1721,train
17961,due,1721,train
17964,due,1721,train
17965,due,1721,train
17969,dull,1722,train
17974,dull,1722,train
17975,dull,1722,train
17979,dull,1722,train
17988,dumb,866,train
17992,dumb,866,train
17995,dumb,866,train
18028,during,682,train
18030,during,682,train
18032,during,682,train
18040,dusk,1723,train
18042,dusk,1723,train
18043,dusk,1723,train
18059,duty,519,train
18061,duty,519,train
18068,duty,519,train
18071,dvd,1724,train
18073,dvd,1724,train
18092,dye,1725,train
18095,dye,1725,train
18096,dye,1725,train
18109,each,1099,train
18113,each,1099,train
18118,each,1099,train
18139,eagle,683,train
18140,eagle,683,train
18142,eagle,683,train
18144,eagle,683,train
18154,ear,384,train
18155,ear,384,train
18161,ear,384,train
18166,early,684,train
18168,early,684,train
18178,early,684,train
18184,early,684,train
18195,earn,385,train
18196,earn,385,train
18197,earn,385,train
18199,earn,385,train
18204,earn,385,train
18221,earring,386,train
18228,earring,386,train
18241,earth,867,train
18243,earth,867,train
18245,earth,867,train
18246,earth,867,train
18248,earth,867,train
18254,earthquake,868,train
18256,earthquake,868,train
18273,easter,520,train
18275,easter,520,train
18276,easter,520,train
18279,easter,520,train
18280,easter,520,train
18288,east,276,train
18292,east,276,train
18294,east,276,train
18298,east,276,train
18306,easy,277,train
18311,easy,277,train
18315,easy,277,train
18324,eat,61,train
18325,eat,61,train
18329,eat,61,train
18335,eat,61,train
18372,economy,1380,train
18374,economy,1380,train
18377,economy,1380,train
18413,educate,1100,train
18415,educate,1100,train
18416,educate,1100,train
18417,educate,1100,train
18420,educate,1100,train
18422,educate,1100,train
18426,education,1381,train
18427,education,1381,train
18429,education,1381,train
18432,education,1381,train
18479,effort,1382,train
18482,effort,1382,train
18487,egg,278,train
18488,egg,278,train
18494,egg,278,train
18495,egg,278,train
18526,egypt,521,train
18528,egypt,521,train
18532,egypt,521,train
18533,e,1726,train
18535,e,1726,train
18537,e,1726,train
18552,eighteen,1383,train
18554,eighteen,1383,train
18557,eighteen,1383,train
18569,eight,869,train
18570,eight,869,train
18575,eight,869,train
18578,eight,869,train
18644,either,1727,train
18720,electrician,1101,train
18724,electrician,1101,train
18726,electrician,1101,train
18729,electricity,1728,train
18732,electricity,1728,train
18734,electricity,1728,train
18757,elementary,1729,train
18759,elementary,1729,train
18761,elementary,1729,train
18770,elephant,387,train
18771,elephant,387,train
18773,elephant,387,train
18779,elephant,387,train
18788,elevator,522,train
18791,elevator,522,train
18796,elevator,522,train
18858,else,1730,train
18861,else,1730,train
18871,email,523,train
18873,email,523,train
18875,email,523,train
18897,embarrass,870,train
18899,embarrass,870,train
18900,embarrass,870,train
18903,embarrass,870,train
18944,emergency,1731,train
18946,emergency,1731,train
18949,emergency,1731,train
18978,emotion,871,train
18979,emotion,871,train
18981,emotion,871,train
18986,emotion,871,train
19057,empty,1102,train
19087,encourage,872,train
19089,encourage,872,train
19092,encourage,872,train
19094,encourage,872,train
19110,end,524,train
19111,end,524,train
19119,end,524,train
19165,energy,873,train
19167,energy,873,train
19169,energy,873,train
19172,energy,873,train
19184,engage,1384,train
19185,engage,1384,train
19186,engage,1384,train
19192,engagement,1385,train
19193,engagement,1385,train
19194,engagement,1385,train
19197,engagement,1385,train
19200,engineer,1386,train
19202,engineer,1386,train
19203,engineer,1386,train
19207,engineer,1386,train
19213,engine,1732,train
19214,engine,1732,train
19215,engine,1732,train
19217,engine,1732,train
19223,england,1103,train
19226,england,1103,train
19232,english,388,train
19233,english,388,train
19236,english,388,train
19239,english,388,train
19258,enjoy,62,train
19259,enjoy,62,train
19260,enjoy,62,train
19261,enjoy,62,train
19264,enjoy,62,train
19269,enjoy,62,train
19299,enormous,1733,train
19300,enormous,1733,train
19303,enormous,1733,train
19305,enough,874,train
19309,enough,874,train
19312,enough,874,train
19326,enter,525,train
19327,enter,525,train
19328,enter,525,train
19393,envelope,1387,train
19394,envelope,1387,train
19395,envelope,1387,train
19397,envelope,1387,train
19406,environment,279,train
19407,environment,279,train
19408,environment,279,train
19411,environment,279,train
19412,environment,279,train
19414,environment,279,train
19418,environment,279,train
19457,equal,685,train
19459,equal,685,train
19462,equal,685,train
19464,equal,685,train
19504,erase,1388,train
19505,erase,1388,train
19506,erase,1388,train
19509,erase,1388,train
19513,eraser,1734,train
19514,eraser,1734,train
19515,eraser,1734,train
19517,eraser,1734,train
19557,escape,389,train
19558,escape,389,train
19560,escape,389,train
19563,escape,389,train
19567,escape,389,train
19614,establish,1104,train
19615,establish,1104,train
19616,establish,1104,train
19622,establish,1104,train
19655,eternity,1389,train
19656,eternity,1389,train
19657,eternity,1389,train
19660,eternity,1389,train
19685,europe,526,train
19686,europe,526,train
19692,europe,526,train
19695,europe,526,train
19704,evaluate,875,train
19706,evaluate,875,train
19707,evaluate,875,train
19743,evening,1390,train
19748,evening,1390,train
19761,event,527,train
19762,event,527,train
19765,event,527,train
19766,event,527,train
19770,event,527,train
19813,everyday,1391,train
19818,everyday,1391,train
19843,every,686,train
19845,every,686,train
19853,every monday,1735,train
19855,every monday,1735,train
19856,every monday,1735,train
19857,every monday,1735,train
19911,everything,1737,train
19912,everything,1737,train
19915,everything,1737,train
19931,every tuesday,1736,train
19933,every tuesday,1736,train
19934,every tuesday,1736,train
19935,every tuesday,1736,train
19967,evidence,876,train
19968,evidence,876,train
19970,evidence,876,train
19975,evidence,876,train
20009,exact,877,train
20012,exact,877,train
20014,exact,877,train
20022,exaggerate,878,train
20023,exaggerate,878,train
20027,exaggerate,878,train
20030,exaggerate,878,train
20066,example,152,train
20068,example,152,train
20070,example,152,train
20071,example,152,train
20072,example,152,train
20074,example,152,train
20110,except,1738,train
20111,except,1738,train
20113,except,1738,train
20115,except,1738,train
20143,exchange,528,train
20145,exchange,528,train
20147,exchange,528,train
20149,exchange,528,train
20153,excited,687,train
20154,excited,687,train
20157,excited,687,train
20158,excited,687,train
20198,excuse,1105,train
20201,excuse,1105,train
20226,exercise,688,train
20227,exercise,688,train
20229,exercise,688,train
20260,exhibit,1739,train
20262,exhibit,1739,train
20313,expand,1392,train
20315,expand,1392,train
20318,expand,1392,train
20322,expand,1392,train
20334,expect,879,train
20335,expect,879,train
20337,expect,879,train
20339,expect,879,train
20342,expect,879,train
20363,expensive,390,train
20364,expensive,390,train
20366,expensive,390,train
20369,expensive,390,train
20370,expensive,390,train
20373,expensive,390,train
20378,experience,529,train
20379,experience,529,train
20380,experience,529,train
20386,experience,529,train
20392,experiment,689,train
20393,experiment,689,train
20396,experiment,689,train
20401,experiment,689,train
20403,expert,690,train
20404,expert,690,train
20406,expert,690,train
20407,expert,690,train
20411,expert,690,train
20435,explain,391,train
20436,explain,391,train
20437,explain,391,train
20445,explain,391,train
20456,explode,1740,train
20457,explode,1740,train
20459,explode,1740,train
20510,express,1741,train
20511,express,1741,train
20513,express,1741,train
20623,eyeglasses,1106,train
20629,eyeglasses,1106,train
20632,eye,1393,train
20633,eye,1393,train
20636,eye,1393,train
20662,eyes,1394,train
20667,eyes,1394,train
20699,face,530,train
20702,face,530,train
20706,face,530,train
20737,fact,691,train
20739,fact,691,train
20740,fact,691,train
20746,fact,691,train
20766,faculty,1107,train
20767,faculty,1107,train
20770,faculty,1107,train
20793,fail,531,train
20794,fail,531,train
20795,fail,531,train
20801,fail,531,train
20838,fairy,1743,train
20839,fairy,1743,train
20861,fake,1395,train
20862,fake,1395,train
20869,fake,1395,train
20922,fall in love,1108,train
20923,fall in love,1108,train
20924,fall in love,1108,train
20928,fall in love,1108,train
20969,familiar,1744,train
20973,familiar,1744,train
20978,family,37,train
20979,family,37,train
20980,family,37,train
20981,family,37,train
20982,family,37,train
20983,family,37,train
20986,family,37,train
20987,family,37,train
20992,family,37,train
21009,famous,1109,train
21010,famous,1109,train
21013,famous,1109,train
21015,famous,1109,train
21024,fancy,880,train
21026,fancy,880,train
21030,fancy,880,train
21033,fancy,880,train
21069,far,153,train
21071,far,153,train
21072,far,153,train
21073,far,153,train
21074,far,153,train
21075,far,153,train
21077,far,153,train
21087,farmer,1396,train
21089,farmer,1396,train
21092,farmer,1396,train
21099,farm,1110,train
21100,farm,1110,train
21101,farm,1110,train
21103,farm,1110,train
21106,farm,1110,train
21168,fast,392,train
21169,fast,392,train
21172,fast,392,train
21175,fast,392,train
21187,fast,392,train
21205,father,280,train
21207,father,280,train
21209,father,280,train
21212,father,280,train
21231,fat,204,train
21233,fat,204,train
21234,fat,204,train
21236,fat,204,train
21237,fat,204,train
21242,fat,204,train
21243,fat,204,train
21273,fault,281,train
21274,fault,281,train
21275,fault,281,train
21276,fault,281,train
21280,fault,281,train
21303,favorite,881,train
21309,favorite,881,train
21312,favorite,881,train
21327,fear,692,train
21328,fear,692,train
21334,fear,692,train
21356,february,1397,train
21358,february,1397,train
21363,february,1397,train
21371,federal,1398,train
21373,federal,1398,train
21376,federal,1398,train
21395,feedback,693,train
21397,feedback,693,train
21398,feedback,693,train
21399,feedback,693,train
21409,feed,532,train
21411,feed,532,train
21412,feed,532,train
21417,feed,532,train
21432,feel,205,train
21436,feel,205,train
21487,fence,1111,train
21496,fence,1111,train
21525,festival,1745,train
21527,festival,1745,train
21529,festival,1745,train
21551,few,533,train
21557,few,533,train
21568,f,1742,train
21570,f,1742,train
21572,f,1742,train
21694,fight,393,train
21695,fight,393,train
21697,fight,393,train
21706,fight,393,train
21710,fight,393,train
21821,final,1399,train
21822,final,1399,train
21826,final,1399,train
21829,finally,882,train
21831,finally,882,train
21833,finally,882,train
21836,finally,882,train
21839,finance,1746,train
21841,finance,1746,train
21843,finance,1746,train
21852,find,394,train
21854,find,394,train
21858,find,394,train
21859,find,394,train
21863,find,394,train
21869,fine,11,train
21870,fine,11,train
21871,fine,11,train
21878,fine,11,train
21883,fine,11,train
21891,fine,11,train
21923,fingerspell,1747,train
21928,fingerspell,1747,train
21941,finish,21,train
21943,finish,21,train
21945,finish,21,train
21950,finish,21,train
21951,finish,21,train
21994,firefighter,1749,train
21999,firefighter,1749,train
22003,firefighter,1749,train
22010,fire,1748,train
22019,fire,1748,train
22085,first,154,train
22086,first,154,train
22087,first,154,train
22095,first,154,train
22098,first,154,train
22115,fish,38,train
22116,fish,38,train
22120,fish,38,train
22121,fish,38,train
22130,fish,38,train
22132,fishing,395,train
22133,fishing,395,train
22135,fishing,395,train
22141,fishing,395,train
22191,five,1750,train
22192,five,1750,train
22194,five,1750,train
22238,fix,1112,train
22239,fix,1112,train
22247,fix,1112,train
22272,flag,534,train
22273,flag,534,train
22274,flag,534,train
22280,flag,534,train
22358,flatter,1751,train
22359,flatter,1751,train
22362,flatter,1751,train
22409,flexible,1113,train
22410,flexible,1113,train
22411,flexible,1113,train
22416,flexible,1113,train
22455,flirt,1114,train
22456,flirt,1114,train
22459,flirt,1114,train
22462,flirt,1114,train
22481,flood,1115,train
22485,flood,1115,train
22489,flood,1115,train
22493,floor,396,train
22499,floor,396,train
22502,floor,396,train
22511,florida,1400,train
22512,florida,1400,train
22548,flower,282,train
22553,flower,282,train
22558,flower,282,train
22610,flute,1401,train
22611,flute,1401,train
22612,flute,1401,train
22614,flute,1401,train
22615,flute,1401,train
22627,fly,397,train
22635,fly,397,train
22636,fly,397,train
22640,fly,397,train
22643,fly,397,train
22645,fly,397,train
22646,fly,397,train
22694,fold,694,train
22696,fold,694,train
22715,follow,398,train
22716,follow,398,train
22717,follow,398,train
22723,follow,398,train
22743,food,535,train
22744,food,535,train
22745,food,535,train
22746,food,535,train
22750,food,535,train
22772,fool,1752,train
22774,fool,1752,train
22783,fool,1752,train
22803,football,206,train
22804,football,206,train
22805,football,206,train
22806,football,206,train
22844,forbid,1402,train
22848,forbid,1402,train
22911,forest,695,train
22913,forest,695,train
22914,forest,695,train
22917,forest,695,train
22920,forest,695,train
22927,forever,1403,train
22928,forever,1403,train
22930,forever,1403,train
22952,forget,63,train
22953,forget,63,train
22955,forget,63,train
22960,forget,63,train
22967,forget,63,train
22975,forgive,1753,train
22976,forgive,1753,train
22978,forgive,1753,train
22980,forgive,1753,train
22993,for,536,train
22994,for,536,train
23000,for,536,train
23006,fork,1116,train
23009,fork,1116,train
23030,former,1754,train
23031,former,1754,train
23035,former,1754,train
23043,form,537,train
23049,form,537,train
23051,form,537,train
23055,form,537,train
23056,form,537,train
23199,four,1117,train
23202,four,1117,train
23239,fourth,1404,train
23240,fourth,1404,train
23246,fourth,1404,train
23274,fox,883,train
23276,fox,883,train
23277,fox,883,train
23279,fox,883,train
23281,fox,883,train
23330,france,696,train
23331,france,696,train
23335,france,696,train
23338,france,696,train
23412,free,1405,train
23416,free,1405,train
23425,freeway,1755,train
23427,freeway,1755,train
23428,freeway,1755,train
23442,freeze,538,train
23443,freeze,538,train
23444,freeze,538,train
23445,freeze,538,train
23451,freeze,538,train
23471,french fries,1406,train
23474,french fries,1406,train
23475,french fries,1406,train
23479,french,884,train
23482,french,884,train
23489,french,884,train
23545,friday,539,train
23568,friend,155,train
23570,friend,155,train
23572,friend,155,train
23574,friend,155,train
23578,friend,155,train
23580,friendly,283,train
23585,friendly,283,train
23589,friendly,283,train
23627,frog,697,train
23629,frog,697,train
23630,frog,697,train
23632,frog,697,train
23634,frog,697,train
23638,from,399,train
23639,from,399,train
23640,from,399,train
23642,from,399,train
23645,from,399,train
23648,from now on,1756,train
23650,from now on,1756,train
23652,from now on,1756,train
23664,front,540,train
23665,front,540,train
23666,front,540,train
23670,front,540,train
23673,front,540,train
23703,fruit,885,train
23704,fruit,885,train
23709,fruit,885,train
23766,full,85,train
23768,full,85,train
23769,full,85,train
23771,full,85,train
23774,full,85,train
23782,full,85,train
23802,function,886,train
23805,function,886,train
23808,function,886,train
23811,function,886,train
23840,funeral,1119,train
23841,funeral,1119,train
23842,funeral,1119,train
23847,funeral,1119,train
23853,fun,1118,train
23857,fun,1118,train
23859,fun,1118,train
23870,funny,698,train
23873,funny,698,train
23878,funny,698,train
23902,furniture,1120,train
23907,furniture,1120,train
23947,future,207,train
23948,future,207,train
23951,future,207,train
23953,future,207,train
23987,gallaudet,1121,train
23993,gallaudet,1121,train
24015,gamble,1407,train
24016,gamble,1407,train
24022,gamble,1407,train
24025,game,208,train
24029,game,208,train
24033,game,208,train
24044,gang,1758,train
24046,gang,1758,train
24048,gang,1758,train
24057,garage,699,train
24059,garage,699,train
24119,gas,1408,train
24120,gas,1408,train
24122,gas,1408,train
24125,gas,1408,train
24136,gasoline,1409,train
24139,gasoline,1409,train
24166,gather,887,train
24171,gather,887,train
24174,gather,887,train
24194,gay,1759,train
24195,gay,1759,train
24203,gay,1759,train
24249,general,1122,train
24250,general,1122,train
24253,general,1122,train
24258,general,1122,train
24259,general,1122,train
24268,generation,1410,train
24269,generation,1410,train
24274,generation,1410,train
24330,geography,1411,train
24331,geography,1411,train
24332,geography,1411,train
24335,geography,1411,train
24337,geography,1411,train
24345,geometry,1760,train
24347,geometry,1760,train
24349,geometry,1760,train
24370,german,1412,train
24372,german,1412,train
24375,german,1412,train
24378,germany,888,train
24379,germany,888,train
24381,germany,888,train
24385,germany,888,train
24438,get,400,train
24439,get,400,train
24447,get,400,train
24499,get up,1761,train
24500,get up,1761,train
24502,get up,1761,train
24503,get up,1761,train
24515,ghost,1123,train
24516,ghost,1123,train
24519,ghost,1123,train
24522,ghost,1123,train
24523,g,1757,train
24525,g,1757,train
24527,g,1757,train
24548,gift,1762,train
24553,gift,1762,train
24555,gift,1762,train
24581,giraffe,541,train
24582,giraffe,541,train
24583,giraffe,541,train
24589,giraffe,541,train
24594,girlfriend,1413,train
24604,girlfriend,1413,train
24605,girl,209,train
24609,girl,209,train
24611,girl,209,train
24614,girl,209,train
24638,give,64,train
24640,give,64,train
24648,give,64,train
24651,give,64,train
24660,give,64,train
24680,give up,1124,train
24681,give up,1124,train
24685,give up,1124,train
24687,give up,1124,train
24720,glasses,284,train
24721,glasses,284,train
24722,glasses,284,train
24724,glasses,284,train
24726,glasses,284,train
24728,glasses,284,train
24734,glass,1125,train
24736,glass,1125,train
24741,glass,1125,train
24746,glass,1125,train
24822,gloves,889,train
24824,gloves,889,train
24868,goal,700,train
24869,goal,700,train
24872,goal,700,train
24881,goal,700,train
24890,goat,890,train
24895,goat,890,train
24914,god,542,train
24915,god,542,train
24916,god,542,train
24922,god,542,train
24940,go,5,train
24941,go,5,train
24943,go,5,train
24947,go,5,train
24954,go,5,train
24955,go,5,train
24956,go,5,train
24961,go,5,train
24962,go,5,train
24973,go,5,train
24989,gold,1414,train
24990,gold,1414,train
24991,gold,1414,train
24996,gold,1414,train
25013,golf,701,train
25014,golf,701,train
25015,golf,701,train
25025,gone,702,train
25026,gone,702,train
25044,goodbye,891,train
25051,goodbye,891,train
25052,goodbye,891,train
25066,good,156,train
25067,good,156,train
25068,good,156,train
25069,good,156,train
25073,good,156,train
25076,good,156,train
25174,gorilla,1126,train
25184,gossip,703,train
25186,gossip,703,train
25188,gossip,703,train
25191,gossip,703,train
25241,government,210,train
25242,government,210,train
25243,government,210,train
25244,government,210,train
25245,government,210,train
25247,government,210,train
25250,government,210,train
25279,grab,1763,train
25280,grab,1763,train
25282,grab,1763,train
25321,graduate,39,train
25322,graduate,39,train
25323,graduate,39,train
25324,graduate,39,train
25325,graduate,39,train
25326,graduate,39,train
25329,graduate,39,train
25339,graduate,39,train
25353,graduation,1764,train
25354,graduation,1764,train
25356,graduation,1764,train
25371,grammar,543,train
25372,grammar,543,train
25373,grammar,543,train
25377,grammar,543,train
25378,grammar,543,train
25380,grammar,543,train
25406,grandfather,544,train
25407,grandfather,544,train
25408,grandfather,544,train
25413,grandfather,544,train
25423,grandma,1415,train
25427,grandma,1415,train
25430,grandmother,704,train
25431,grandmother,704,train
25432,grandmother,704,train
25436,grandmother,704,train
25482,grapes,705,train
25484,grapes,705,train
25485,grapes,705,train
25486,grapes,705,train
25508,grass,1416,train
25511,grass,1416,train
25524,grateful,1765,train
25526,grateful,1765,train
25527,grateful,1765,train
25528,grateful,1765,train
25573,gray,1127,train
25576,gray,1127,train
25578,gray,1127,train
25621,great,545,train
25623,great,545,train
25624,great,545,train
25627,great,545,train
25631,great,545,train
25642,greece,546,train
25644,greece,546,train
25648,greece,546,train
25685,green,114,train
25686,green,114,train
25687,green,114,train
25689,green,114,train
25695,green,114,train
25714,grey,1766,train
25721,grey,1766,train
25823,group,706,train
25824,group,706,train
25825,group,706,train
25826,group,706,train
25847,grow,892,train
25852,grow,892,train
25876,grow up,1417,train
25917,guess,547,train
25918,guess,547,train
25920,guess,547,train
25922,guess,547,train
25926,guess,547,train
25941,guide,1128,train
25942,guide,1128,train
25946,guide,1128,train
25948,guide,1128,train
25960,guilty,707,train
25961,guilty,707,train
25962,guilty,707,train
25967,guilty,707,train
25976,guitar,548,train
25977,guitar,548,train
25978,guitar,548,train
25982,guitar,548,train
25984,guitar,548,train
26002,gum,893,train
26004,gum,893,train
26006,gum,893,train
26009,gum,893,train
26013,gun,1418,train
26018,gun,1418,train
26067,gymnastics,1767,train
26069,gymnastics,1767,train
26082,habit,1129,train
26083,habit,1129,train
26089,habit,1129,train
26136,haircut,1419,train
26139,haircut,1419,train
26142,haircut,1419,train
26157,hair,115,train
26159,hair,115,train
26162,hair,115,train
26163,hair,115,train
26173,hair,115,train
26216,half,894,train
26224,half,894,train
26251,halloween,285,train
26252,halloween,285,train
26254,halloween,285,train
26259,halloween,285,train
26296,hamburger,708,train
26298,hamburger,708,train
26300,hamburger,708,train
26303,hamburger,708,train
26314,hammer,549,train
26315,hammer,549,train
26463,hang up,1769,train
26464,hang up,1769,train
26484,hanukkah,1770,train
26485,hanukkah,1770,train
26487,hanukkah,1770,train
26494,happen,401,train
26495,happen,401,train
26496,happen,401,train
26497,happen,401,train
26499,happen,401,train
26503,happen,401,train
26524,happy,157,train
26526,happy,157,train
26527,happy,157,train
26530,happy,157,train
26532,happy,157,train
26537,happy,157,train
26573,hard,286,train
26574,hard,286,train
26585,hard of hearing,1420,train
26586,hard of hearing,1420,train
26587,hard of hearing,1420,train
26593,hard of hearing,1420,train
26698,hate,709,train
26701,hate,709,train
26706,hate,709,train
26710,hate,709,train
26712,hat,40,train
26713,hat,40,train
26714,hat,40,train
26715,hat,40,train
26717,hat,40,train
26719,hat,40,train
26739,hat,40,train
26741,hat,40,train
26766,have,116,train
26767,have,116,train
26768,have,116,train
26773,have,116,train
26779,have,116,train
26800,hawaii,895,train
26806,hawaii,895,train
26807,hawaii,895,train
26833,headache,117,train
26834,headache,117,train
26836,headache,117,train
26837,headache,117,train
26840,headache,117,train
26846,headache,117,train
26852,head,710,train
26854,head,710,train
26856,head,710,train
26914,health,1130,train
26915,health,1130,train
26921,health,1130,train
26932,heap,1771,train
26935,heap,1771,train
26937,heap,1771,train
26943,hear,211,train
26944,hear,211,train
26950,hear,211,train
26951,hear,211,train
26956,hear,211,train
26959,hearing aid,1131,train
26962,hearing aid,1131,train
26965,hearing aid,1131,train
26971,hearing,41,train
26972,hearing,41,train
26973,hearing,41,train
26974,hearing,41,train
26975,hearing,41,train
26976,hearing,41,train
26980,hearing,41,train
27019,heart attack,1772,train
27020,heart attack,1772,train
27022,heart attack,1772,train
27023,heart attack,1772,train
27042,heart,287,train
27043,heart,287,train
27046,heart,287,train
27050,heart,287,train
27056,heart,287,train
27057,heart,287,train
27079,heaven,1132,train
27082,heaven,1132,train
27095,heavy,1133,train
27096,heavy,1133,train
27097,heavy,1133,train
27102,heavy,1133,train
27151,helicopter,550,train
27152,helicopter,550,train
27153,helicopter,550,train
27157,helicopter,550,train
27159,helicopter,550,train
27173,hello,402,train
27184,hello,402,train
27186,helmet,1134,train
27187,helmet,1134,train
27190,helmet,1134,train
27192,helmet,1134,train
27206,help,12,train
27207,help,12,train
27208,help,12,train
27214,help,12,train
27215,help,12,train
27216,help,12,train
27217,help,12,train
27221,help,12,train
27264,here,212,train
27265,here,212,train
27268,here,212,train
27275,her,711,train
27279,her,711,train
27280,her,711,train
27282,her,711,train
27284,her,711,train
27285,her,711,train
27313,herself,896,train
27315,herself,896,train
27319,herself,896,train
27355,h,1768,train
27359,h,1768,train
27375,hide,1135,train
27376,hide,1135,train
27377,hide,1135,train
27382,hide,1135,train
27406,high,551,train
27408,high,551,train
27417,high,551,train
27434,high school,1136,train
27436,high school,1136,train
27439,high school,1136,train
27441,high school,1136,train
27446,highway,897,train
27450,highway,897,train
27451,highway,897,train
27452,highway,897,train
27456,highway,897,train
27487,hill,1773,train
27492,hill,1773,train
27542,hippopotamus,1421,train
27556,his,1422,train
27559,his,1422,train
27569,history,552,train
27573,history,552,train
27575,history,552,train
27579,history,552,train
27591,hit,403,train
27593,hit,403,train
27596,hit,403,train
27604,hit,403,train
27633,hockey,1137,train
27634,hockey,1137,train
27637,hockey,1137,train
27661,hold,1138,train
27662,hold,1138,train
27665,hold,1138,train
27666,hold,1138,train
27745,holy,1774,train
27746,holy,1774,train
27748,holy,1774,train
27754,holy,1774,train
27766,home,158,train
27767,home,158,train
27770,home,158,train
27775,home,158,train
27789,homework,898,train
27793,homework,898,train
27796,homework,898,train
27823,honest,1139,train
27824,honest,1139,train
27827,honest,1139,train
27829,honest,1139,train
27840,honey,1423,train
27841,honey,1423,train
27874,honor,899,train
27876,honor,899,train
27880,honor,899,train
27920,hope,213,train
27921,hope,213,train
27923,hope,213,train
27925,hope,213,train
27926,hope,213,train
27929,hope,213,train
27934,hope,213,train
27942,hop,1775,train
27943,hop,1775,train
27945,hop,1775,train
27994,horse,712,train
27995,horse,712,train
27999,horse,712,train
28033,hospital,404,train
28035,hospital,404,train
28041,hospital,404,train
28044,hospital,404,train
28057,host,1776,train
28058,host,1776,train
28067,host,1776,train
28069,host,1776,train
28082,hot dog,1777,train
28087,hot dog,1777,train
28091,hot dog,1777,train
28096,hot dog,1777,train
28107,hot,22,train
28108,hot,22,train
28109,hot,22,train
28110,hot,22,train
28111,hot,22,train
28115,hot,22,train
28116,hot,22,train
28125,hot,22,train
28138,hour,288,train
28139,hour,288,train
28140,hour,288,train
28143,hour,288,train
28144,hour,288,train
28145,hour,288,train
28159,house,214,train
28164,house,214,train
28169,house,214,train
28202,how,86,train
28204,how,86,train
28205,how,86,train
28210,how,86,train
28211,how,86,train
28214,how,86,train
28260,hug,1140,train
28261,hug,1140,train
28267,hug,1140,train
28291,human,1778,train
28292,human,1778,train
28296,human,1778,train
28309,humble,289,train
28310,humble,289,train
28311,humble,289,train
28312,humble,289,train
28314,humble,289,train
28315,humble,289,train
28376,hungry,553,train
28377,hungry,553,train
28378,hungry,553,train
28385,hungry,553,train
28395,hunt,1141,train
28397,hunt,1141,train
28414,hurricane,1424,train
28415,hurricane,1424,train
28417,hurricane,1424,train
28420,hurricane,1424,train
28423,hurry,290,train
28424,hurry,290,train
28425,hurry,290,train
28426,hurry,290,train
28430,hurry,290,train
28440,hurt,554,train
28441,hurt,554,train
28445,hurt,554,train
28446,hurt,554,train
28463,husband,215,train
28466,husband,215,train
28469,husband,215,train
28582,ice cream,900,train
28583,ice cream,900,train
28585,ice cream,900,train
28588,ice cream,900,train
28590,ice cream,900,train
28648,idea,405,train
28650,idea,405,train
28655,idea,405,train
28658,idea,405,train
28675,identify,1425,train
28680,identify,1425,train
28683,identify,1425,train
28736,if,901,train
28739,if,901,train
28749,if,901,train
28776,ignore,713,train
28783,ignore,713,train
28789,i,1779,train
28791,i,1779,train
28794,i,1779,train
28814,illegal,1781,train
28815,illegal,1781,train
28817,illegal,1781,train
28818,illegal,1781,train
28820,ill,1780,train
28821,ill,1780,train
28824,ill,1780,train
28827,ill,1780,train
28876,image,1142,train
28881,image,1142,train
28886,image,1142,train
29008,impact,1782,train
29010,impact,1782,train
29011,impact,1782,train
29065,important,406,train
29066,important,406,train
29068,important,406,train
29069,important,406,train
29089,impossible,714,train
29090,impossible,714,train
29092,impossible,714,train
29096,impossible,714,train
29136,improve,291,train
29143,improve,291,train
29145,improve,291,train
29147,improve,291,train
29279,include,1426,train
29281,include,1426,train
29284,include,1426,train
29327,increase,902,train
29329,increase,902,train
29384,independent,716,train
29386,independent,716,train
29388,independent,716,train
29391,independent,716,train
29402,india,903,train
29404,india,903,train
29407,india,903,train
29462,individual,1783,train
29463,individual,1783,train
29468,individual,1783,train
29562,infection,1427,train
29563,infection,1427,train
29564,infection,1427,train
29566,infection,1427,train
29614,influence,1143,train
29615,influence,1143,train
29616,influence,1143,train
29619,influence,1143,train
29621,influence,1143,train
29632,information,904,train
29634,information,904,train
29636,information,904,train
29637,information,904,train
29641,information,904,train
29647,inform,118,train
29648,inform,118,train
29649,inform,118,train
29655,inform,118,train
29661,inform,118,train
29718,in,715,train
29720,in,715,train
29723,in,715,train
29792,innocent,1428,train
29794,innocent,1428,train
29798,innocent,1428,train
29843,insect,1429,train
29844,insect,1429,train
29849,insect,1429,train
29867,inside,717,train
29870,inside,717,train
29900,inspect,1784,train
29901,inspect,1784,train
29903,inspect,1784,train
29920,inspire,1785,train
29921,inspire,1785,train
29924,inspire,1785,train
29962,instead,1430,train
29963,instead,1430,train
29967,instead,1430,train
29979,institute,1431,train
29980,institute,1431,train
29986,institute,1431,train
30053,insurance,718,train
30055,insurance,718,train
30057,insurance,718,train
30060,insurance,718,train
30152,interest,216,train
30154,interest,216,train
30160,interest,216,train
30162,interest,216,train
30166,interest,216,train
30168,interest,216,train
30169,interesting,1144,train
30172,interesting,1144,train
30175,interesting,1144,train
30219,international,1432,train
30223,international,1432,train
30230,internet,292,train
30233,internet,292,train
30234,internet,292,train
30235,internet,292,train
30239,internet,292,train
30257,interpreter,1145,train
30260,interpreter,1145,train
30262,interpreter,1145,train
30264,interpret,905,train
30268,interpret,905,train
30281,interrupt,1433,train
30283,interrupt,1433,train
30289,interrupt,1433,train
30298,intersection,1786,train
30301,intersection,1786,train
30304,intersection,1786,train
30316,interview,906,train
30319,interview,906,train
30327,interview,906,train
30384,introduce,555,train
30385,introduce,555,train
30386,introduce,555,train
30392,introduce,555,train
30451,invest,556,train
30452,invest,556,train
30453,invest,556,train
30468,investigate,407,train
30470,investigate,407,train
30474,investigate,407,train
30511,invite,907,train
30514,invite,907,train
30516,invite,907,train
30523,involve,1434,train
30528,involve,1434,train
30559,iran,1146,train
30560,iran,1146,train
30561,iran,1146,train
30562,iran,1146,train
30565,iran,1146,train
30584,ireland,1787,train
30585,ireland,1787,train
30587,ireland,1787,train
30595,iron,1788,train
30596,iron,1788,train
30675,island,719,train
30677,island,719,train
30679,island,719,train
30682,island,719,train
30707,israel,908,train
30710,israel,908,train
30713,israel,908,train
30719,israel,908,train
30746,italy,1147,train
30748,italy,1147,train
30755,italy,1147,train
30831,jacket,87,train
30832,jacket,87,train
30834,jacket,87,train
30835,jacket,87,train
30840,jacket,87,train
30873,jail,1435,train
30875,jail,1435,train
30876,jail,1435,train
30878,jail,1435,train
30879,jail,1435,train
30919,january,1436,train
30920,january,1436,train
30926,january,1436,train
30935,japan,408,train
30936,japan,408,train
30941,japan,408,train
30946,japan,408,train
30978,jealous,409,train
30979,jealous,409,train
30983,jealous,409,train
30984,jealous,409,train
30985,jealous,409,train
30988,jealous,409,train
31049,jesus,909,train
31050,jesus,909,train
31052,jesus,909,train
31054,jesus,909,train
31057,jesus,909,train
31077,jewelry,1790,train
31078,jewelry,1790,train
31079,jewelry,1790,train
31080,jewelry,1790,train
31082,jewelry,1790,train
31093,jewish,1148,train
31096,jewish,1148,train
31100,j,1789,train
31102,j,1789,train
31104,j,1789,train
31151,join,217,train
31155,join,217,train
31157,join,217,train
31158,join,217,train
31165,join,217,train
31181,joke,1437,train
31182,joke,1437,train
31183,joke,1437,train
31186,joke,1437,train
31220,journey,1791,train
31221,journey,1791,train
31223,journey,1791,train
31236,joy,1792,train
31237,joy,1792,train
31239,joy,1792,train
31253,judge,1149,train
31260,judge,1149,train
31264,judge,1149,train
31301,july,1793,train
31303,july,1793,train
31306,july,1793,train
31315,jump,293,train
31316,jump,293,train
31324,jump,293,train
31347,june,1438,train
31348,june,1438,train
31353,june,1438,train
31442,kangaroo,1439,train
31458,karate,1440,train
31460,karate,1440,train
31463,karate,1440,train
31485,keep,910,train
31486,keep,910,train
31491,keep,910,train
31496,keep,910,train
31554,keyboard,911,train
31556,keyboard,911,train
31559,keyboard,911,train
31561,keyboard,911,train
31566,key,1150,train
31569,key,1150,train
31572,key,1150,train
31583,k,1794,train
31585,k,1794,train
31587,k,1794,train
31592,kick,1441,train
31594,kick,1441,train
31600,kick,1441,train
31612,kid,1795,train
31613,kid,1795,train
31614,kid,1795,train
31649,kill,294,train
31651,kill,294,train
31652,kill,294,train
31655,kill,294,train
31689,kindergarten,1796,train
31691,kindergarten,1796,train
31693,kindergarten,1796,train
31730,king,410,train
31731,king,410,train
31733,king,410,train
31740,king,410,train
31752,kiss,42,train
31753,kiss,42,train
31755,kiss,42,train
31756,kiss,42,train
31767,kiss,42,train
31773,kitchen,411,train
31774,kitchen,411,train
31775,kitchen,411,train
31778,kitchen,411,train
31833,kneel,1442,train
31834,kneel,1442,train
31838,kneel,1442,train
31842,knife,119,train
31843,knife,119,train
31844,knife,119,train
31856,knife,119,train
31882,knock,1443,train
31897,know,159,train
31898,know,159,train
31899,know,159,train
31901,know,159,train
31903,know,159,train
31976,label,1151,train
31984,label,1151,train
32049,lady,1797,train
32050,lady,1797,train
32052,lady,1797,train
32094,lamp,1798,train
32097,lamp,1798,train
32113,land,912,train
32117,land,912,train
32118,land,912,train
32120,land,912,train
32155,language,43,train
32158,language,43,train
32160,language,43,train
32163,language,43,train
32191,laptop,1444,train
32193,laptop,1444,train
32195,laptop,1444,train
32203,large,412,train
32204,large,412,train
32205,large,412,train
32207,large,412,train
32214,large,412,train
32248,last,65,train
32249,last,65,train
32250,last,65,train
32254,last,65,train
32257,last,65,train
32260,last,65,train
32261,last,65,train
32276,last week,1799,train
32277,last week,1799,train
32278,last week,1799,train
32280,last week,1799,train
32282,last year,413,train
32284,last year,413,train
32293,last year,413,train
32300,late,160,train
32302,late,160,train
32303,late,160,train
32304,late,160,train
32306,late,160,train
32312,late,160,train
32321,later,44,train
32322,later,44,train
32324,later,44,train
32326,later,44,train
32333,later,44,train
32337,later,44,train
32338,later,44,train
32377,laugh,120,train
32381,laugh,120,train
32382,laugh,120,train
32383,laugh,120,train
32388,laugh,120,train
32422,laundry,1800,train
32424,laundry,1800,train
32427,laundry,1800,train
32447,law,295,train
32448,law,295,train
32452,law,295,train
32458,law,295,train
32474,lawyer,913,train
32476,lawyer,913,train
32478,lawyer,913,train
32481,lawyer,913,train
32510,lazy,557,train
32511,lazy,557,train
32512,lazy,557,train
32518,lazy,557,train
32520,leader,1801,train
32521,leader,1801,train
32522,leader,1801,train
32523,leader,1801,train
32535,lead,914,train
32537,lead,914,train
32539,lead,914,train
32541,lead,914,train
32547,lead,914,train
32554,leaf,1152,train
32557,leaf,1152,train
32559,leaf,1152,train
32562,league,1802,train
32563,league,1802,train
32569,leak,1803,train
32570,leak,1803,train
32571,leak,1803,train
32579,leak,1803,train
32604,learn,121,train
32605,learn,121,train
32606,learn,121,train
32607,learn,121,train
32608,learn,121,train
32612,learn,121,train
32616,learn,121,train
32657,leave,161,train
32658,leave,161,train
32659,leave,161,train
32661,leave,161,train
32667,leave,161,train
32669,leave,161,train
32677,leave,161,train
32694,lecture,720,train
32696,lecture,720,train
32697,lecture,720,train
32699,lecture,720,train
32701,lecture,720,train
32722,left,1153,train
32725,left,1153,train
32728,left,1153,train
32755,legal,1804,train
32757,legal,1804,train
32759,legal,1804,train
32820,lemon,414,train
32824,lend,1154,train
32825,lend,1154,train
32828,lend,1154,train
32830,lend,1154,train
32860,lesbian,915,train
32864,lesbian,915,train
32867,lesbian,915,train
32877,less,1155,train
32878,less,1155,train
32884,less,1155,train
32888,lesson,721,train
32889,lesson,721,train
32891,lesson,721,train
32894,lesson,721,train
32915,let,1805,train
32916,let,1805,train
32918,let,1805,train
32945,letter,88,train
32946,letter,88,train
32947,letter,88,train
32949,letter,88,train
32953,letter,88,train
32954,letter,88,train
32955,letter,88,train
32959,letter,88,train
32963,lettuce,415,train
32964,lettuce,415,train
32966,lettuce,415,train
32972,lettuce,415,train
33001,liability,1806,train
33002,liability,1806,train
33003,liability,1806,train
33005,liability,1806,train
33043,librarian,1807,train
33044,librarian,1807,train
33047,librarian,1807,train
33052,library,558,train
33053,library,558,train
33058,library,558,train
33066,license,1808,train
33069,license,1808,train
33114,lie,559,train
33115,lie,559,train
33120,lie,559,train
33121,lie,559,train
33128,lie,559,train
33166,lift,1445,train
33167,lift,1445,train
33172,lift,1445,train
33205,light,218,train
33214,light,218,train
33217,light,218,train
33218,light,218,train
33231,light,218,train
33238,lightning,1446,train
33240,lightning,1446,train
33243,lightning,1446,train
33246,lightning,1446,train
33266,like,23,train
33267,like,23,train
33269,like,23,train
33273,like,23,train
33274,like,23,train
33285,like,23,train
33312,limit,722,train
33314,limit,722,train
33316,limit,722,train
33319,limit,722,train
33335,line,916,train
33337,line,916,train
33339,line,916,train
33341,line,916,train
33374,linguistics,1156,train
33375,linguistics,1156,train
33380,linguistics,1156,train
33392,lion,723,train
33395,lion,723,train
33404,lip,1447,train
33410,lip,1447,train
33423,lipstick,1448,train
33424,lipstick,1448,train
33429,lipstick,1448,train
33454,listen,724,train
33455,listen,724,train
33456,listen,724,train
33457,listen,724,train
33466,listen,724,train
33472,list,162,train
33473,list,162,train
33474,list,162,train
33477,list,162,train
33479,list,162,train
33486,list,162,train
33518,little bit,1809,train
33519,little bit,1809,train
33521,little bit,1809,train
33538,live,219,train
33542,live,219,train
33609,loan,1810,train
33612,loan,1810,train
33639,lobster,560,train
33640,lobster,560,train
33641,lobster,560,train
33646,lobster,560,train
33648,lobster,560,train
33652,local,1449,train
33653,local,1449,train
33658,local,1449,train
33697,lock,917,train
33698,lock,917,train
33701,lock,917,train
33704,lock,917,train
33766,lonely,1157,train
33771,lonely,1157,train
33804,long,1158,train
33805,long,1158,train
33806,long,1158,train
33812,long,1158,train
33857,look at,1811,train
33881,look for,1812,train
33882,look for,1812,train
33884,look for,1812,train
33981,lord,1813,train
33983,lord,1813,train
33986,lord,1813,train
34002,lose,163,train
34005,lose,163,train
34007,lose,163,train
34008,lose,163,train
34012,lose,163,train
34017,lose,163,train
34018,lose,163,train
34088,loud,918,train
34089,loud,918,train
34095,loud,918,train
34110,lousy,919,train
34112,lousy,919,train
34114,lousy,919,train
34117,lousy,919,train
34121,love,561,train
34123,love,561,train
34124,love,561,train
34127,love,561,train
34128,love,561,train
34129,love,561,train
34137,love,561,train
34204,lucky,562,train
34208,lucky,562,train
34211,lucky,562,train
34265,lunch,920,train
34268,lunch,920,train
34269,lunch,920,train
34271,lunch,920,train
34276,lunch,920,train
34354,machine,921,train
34357,machine,921,train
34359,machine,921,train
34369,mad,922,train
34370,mad,922,train
34375,mad,922,train
34382,mad,922,train
34386,magazine,563,train
34387,magazine,563,train
34388,magazine,563,train
34395,magazine,563,train
34397,magic,1159,train
34400,magic,1159,train
34402,magic,1159,train
34510,mainstream,1160,train
34511,mainstream,1160,train
34514,mainstream,1160,train
34516,mainstream,1160,train
34543,major,1161,train
34544,major,1161,train
34545,major,1161,train
34550,major,1161,train
34575,make,220,train
34578,make,220,train
34579,make,220,train
34580,make,220,train
34583,make,220,train
34584,make,220,train
34687,manage,1450,train
34688,manage,1450,train
34692,manage,1450,train
34699,manager,1162,train
34703,manager,1162,train
34705,manager,1162,train
34732,man,45,train
34733,man,45,train
34734,man,45,train
34736,man,45,train
34737,man,45,train
34738,man,45,train
34742,man,45,train
34746,man,45,train
34823,many,24,train
34824,many,24,train
34825,many,24,train
34826,many,24,train
34827,many,24,train
34830,many,24,train
34831,many,24,train
34832,many,24,train
34839,many,24,train
34861,march,725,train
34862,march,725,train
34864,march,725,train
34867,march,725,train
34872,march,725,train
34956,marry,416,train
34957,marry,416,train
34958,marry,416,train
34965,marry,416,train
35115,match,296,train
35116,match,296,train
35119,match,296,train
35120,match,296,train
35126,match,296,train
35155,math,726,train
35156,math,726,train
35158,math,726,train
35159,math,726,train
35189,mature,1451,train
35190,mature,1451,train
35198,mature,1451,train
35209,maximum,1163,train
35210,maximum,1163,train
35211,maximum,1163,train
35214,maximum,1163,train
35216,maximum,1163,train
35218,maybe,727,train
35220,maybe,727,train
35222,maybe,727,train
35292,mean,221,train
35293,mean,221,train
35295,mean,221,train
35298,mean,221,train
35299,mean,221,train
35339,measure,564,train
35340,measure,564,train
35341,measure,564,train
35346,measure,564,train
35360,meat,297,train
35361,meat,297,train
35366,meat,297,train
35369,meat,297,train
35377,mechanic,728,train
35381,mechanic,728,train
35383,mechanic,728,train
35452,medicine,89,train
35453,medicine,89,train
35454,medicine,89,train
35455,medicine,89,train
35456,medicine,89,train
35458,medicine,89,train
35467,medicine,89,train
35509,meet,66,train
35511,meet,66,train
35512,meet,66,train
35516,meet,66,train
35517,meet,66,train
35518,meet,66,train
35523,meet,66,train
35525,meeting,417,train
35526,meeting,417,train
35527,meeting,417,train
35534,meeting,417,train
35544,me,1164,train
35545,me,1164,train
35548,me,1164,train
35556,melody,1816,train
35557,melody,1816,train
35558,melody,1816,train
35560,melody,1816,train
35568,melt,1817,train
35570,melt,1817,train
35572,melt,1817,train
35575,member,1452,train
35576,member,1452,train
35581,member,1452,train
35604,memorize,923,train
35606,memorize,923,train
35609,memorize,923,train
35611,memorize,923,train
35676,mention,1818,train
35761,message,1453,train
35762,message,1453,train
35763,message,1453,train
35765,message,1453,train
35798,metal,1454,train
35804,metal,1454,train
35807,metal,1454,train
35884,mexico,1165,train
35885,mexico,1165,train
35890,mexico,1165,train
35893,mexico,1165,train
35897,m,1814,train
35899,m,1814,train
35901,m,1814,train
35924,microphone,1455,train
35925,microphone,1455,train
35928,microphone,1455,train
35931,microphone,1455,train
35933,microscope,1819,train
35935,microscope,1819,train
35937,microscope,1819,train
35948,microwave,565,train
35950,microwave,565,train
35956,microwave,565,train
35965,middle,1166,train
35969,middle,1166,train
35972,middle,1166,train
35974,middle,1166,train
35988,midnight,1820,train
35990,midnight,1820,train
35992,midnight,1820,train
36038,military,1821,train
36040,military,1821,train
36048,milk,298,train
36118,mind,1167,train
36119,mind,1167,train
36124,mind,1167,train
36142,mine,1822,train
36146,mine,1822,train
36235,minus,924,train
36241,minus,924,train
36242,minute,418,train
36243,minute,418,train
36244,minute,418,train
36248,minute,418,train
36251,minute,418,train
36260,mirror,419,train
36261,mirror,419,train
36263,mirror,419,train
36266,mirror,419,train
36269,mirror,419,train
36335,miss,420,train
36336,miss,420,train
36342,miss,420,train
36343,miss,420,train
36350,miss,420,train
36400,mistake,1823,train
36402,mistake,1823,train
36404,mistake,1823,train
36414,misunderstand,1168,train
36419,misunderstand,1168,train
36422,misunderstand,1168,train
36452,mix,1456,train
36454,mix,1456,train
36462,mix,1456,train
36489,mock,1824,train
36490,mock,1824,train
36492,mock,1824,train
36603,mom,729,train
36605,mom,729,train
36607,mom,729,train
36631,monday,925,train
36632,monday,925,train
36635,monday,925,train
36652,money,299,train
36654,money,299,train
36660,money,299,train
36678,monkey,421,train
36679,monkey,421,train
36681,monkey,421,train
36687,monkey,421,train
36713,monster,1169,train
36714,monster,1169,train
36715,monster,1169,train
36720,monster,1169,train
36733,month,300,train
36734,month,300,train
36738,month,300,train
36741,month,300,train
36745,monthly,1457,train
36747,monthly,1457,train
36750,monthly,1457,train
36779,moon,301,train
36781,moon,301,train
36782,moon,301,train
36783,moon,301,train
36804,moose,1825,train
36808,moose,1825,train
36827,more,222,train
36828,more,222,train
36829,more,222,train
36834,more,222,train
36836,more,222,train
36857,morning,422,train
36858,morning,422,train
36860,morning,422,train
36866,morning,422,train
36901,mosquito,1826,train
36903,mosquito,1826,train
36906,mosquito,1826,train
36910,mosquito,1826,train
36913,most,223,train
36918,most,223,train
36922,most,223,train
36929,mother,25,train
36930,mother,25,train
36931,mother,25,train
36932,mother,25,train
36933,mother,25,train
36936,mother,25,train
36937,mother,25,train
36946,mother,25,train
36970,motivate,1827,train
36971,motivate,1827,train
36973,motivate,1827,train
36975,motivate,1827,train
36992,motorcycle,423,train
36993,motorcycle,423,train
36994,motorcycle,423,train
36996,motorcycle,423,train
37001,motorcycle,423,train
37004,motor,1458,train
37008,motor,1458,train
37019,mountain,926,train
37022,mountain,926,train
37026,mountain,926,train
37042,mouse,730,train
37043,mouse,730,train
37046,mouse,730,train
37053,mouse,730,train
37063,mouth,927,train
37065,mouth,927,train
37068,mouth,927,train
37087,move,302,train
37089,move,302,train
37093,move,302,train
37094,move,302,train
37098,move,302,train
37102,move,302,train
37125,movie,122,train
37126,movie,122,train
37129,movie,122,train
37152,movie,122,train
37194,much,731,train
37196,much,731,train
37198,much,731,train
37202,much,731,train
37269,multiply,1170,train
37273,multiply,1170,train
37278,multiply,1170,train
37306,murder,1828,train
37308,murder,1828,train
37310,murder,1828,train
37314,muscle,732,train
37316,muscle,732,train
37318,muscle,732,train
37334,museum,733,train
37335,museum,733,train
37341,museum,733,train
37344,mushroom,928,train
37346,mushroom,928,train
37347,mushroom,928,train
37350,mushroom,928,train
37363,music,224,train
37367,music,224,train
37369,music,224,train
37397,mustache,735,train
37398,mustache,735,train
37399,mustache,735,train
37400,mustache,735,train
37418,must,734,train
37419,must,734,train
37425,must,734,train
37430,must,734,train
37432,must,734,train
37470,my,566,train
37471,my,566,train
37477,my,566,train
37483,myself,1171,train
37484,myself,1171,train
37485,myself,1171,train
37488,myself,1171,train
37490,myself,1171,train
37581,name,164,train
37582,name,164,train
37585,name,164,train
37590,name,164,train
37612,napkin,929,train
37614,napkin,929,train
37617,napkin,929,train
37648,narrow,1830,train
37650,narrow,1830,train
37652,narrow,1830,train
37684,nation,1459,train
37685,nation,1459,train
37687,nation,1459,train
37690,nation,1459,train
37784,near,303,train
37788,near,303,train
37789,near,303,train
37790,near,303,train
37794,near,303,train
37796,near,303,train
37829,necessary,1831,train
37831,necessary,1831,train
37833,necessary,1831,train
37838,neck,930,train
37841,neck,930,train
37845,neck,930,train
37850,necklace,424,train
37852,necklace,424,train
37853,necklace,424,train
37855,necklace,424,train
37864,necklace,424,train
37881,need,90,train
37883,need,90,train
37884,need,90,train
37886,need,90,train
37894,need,90,train
37911,negative,736,train
37914,negative,736,train
37915,negative,736,train
37932,negotiate,1832,train
37933,negotiate,1832,train
37956,neighbor,567,train
37957,neighbor,567,train
37958,neighbor,567,train
37962,neighbor,567,train
37967,neighbor,567,train
37984,nephew,304,train
37985,nephew,304,train
37989,nephew,304,train
37993,nephew,304,train
38011,nervous,737,train
38012,nervous,737,train
38014,nervous,737,train
38015,nervous,737,train
38019,nervous,737,train
38043,network,1460,train
38044,network,1460,train
38045,network,1460,train
38047,network,1460,train
38048,network,1460,train
38063,neutral,738,train
38065,neutral,738,train
38071,neutral,738,train
38084,never,425,train
38085,never,425,train
38086,never,425,train
38092,never,425,train
38122,new,225,train
38125,new,225,train
38126,new,225,train
38127,new,225,train
38130,new,225,train
38178,newspaper,426,train
38179,newspaper,426,train
38181,newspaper,426,train
38186,newspaper,426,train
38211,new york,1833,train
38214,new york,1833,train
38216,new york,1833,train
38231,next,931,train
38232,next,931,train
38238,next,931,train
38243,next,931,train
38265,n,1829,train
38267,n,1829,train
38269,n,1829,train
38282,nice,305,train
38287,nice,305,train
38293,nice,305,train
38300,nickel,1461,train
38301,nickel,1461,train
38305,nickel,1461,train
38315,niece,306,train
38316,niece,306,train
38320,niece,306,train
38324,niece,306,train
38336,night,427,train
38337,night,427,train
38345,night,427,train
38374,nine,1834,train
38376,nine,1834,train
38378,nine,1834,train
38396,nineteen,1462,train
38398,nineteen,1462,train
38401,nineteen,1462,train
38524,no,13,train
38527,no,13,train
38529,no,13,train
38530,no,13,train
38532,no,13,train
38534,no,13,train
38544,no,13,train
38586,none,226,train
38590,none,226,train
38594,none,226,train
38621,noon,307,train
38626,noon,307,train
38632,noon,307,train
38643,normal,1463,train
38644,normal,1463,train
38648,normal,1463,train
38681,north,308,train
38682,north,308,train
38687,north,308,train
38691,north,308,train
38702,northwest,1835,train
38704,northwest,1835,train
38706,northwest,1835,train
38729,nose,739,train
38731,nose,739,train
38733,nose,739,train
38737,nose,739,train
38830,nothing,1172,train
38842,nothing,1172,train
38844,nothing,1172,train
38849,nothing,1172,train
38857,not,309,train
38858,not,309,train
38863,not,309,train
38868,not,309,train
38872,notice,1837,train
38873,notice,1837,train
38875,notice,1837,train
38878,notice,1837,train
38945,not yet,1836,train
38946,not yet,1836,train
38949,not yet,1836,train
38974,november,1464,train
38975,november,1464,train
38980,november,1464,train
38990,now,26,train
38995,now,26,train
38997,now,26,train
38999,now,26,train
39006,now,26,train
39033,number,568,train
39034,number,568,train
39036,number,568,train
39040,number,568,train
39070,numerous,1838,train
39071,numerous,1838,train
39072,numerous,1838,train
39073,numerous,1838,train
39077,nun,1839,train
39080,nun,1839,train
39082,nun,1839,train
39091,nurse,310,train
39093,nurse,310,train
39099,nurse,310,train
39115,nut,1465,train
39116,nut,1465,train
39120,nut,1465,train
39199,objective,1841,train
39201,objective,1841,train
39203,objective,1841,train
39254,obsess,1842,train
39255,obsess,1842,train
39256,obsess,1842,train
39257,obsess,1842,train
39258,obsess,1842,train
39287,obtain,1843,train
39289,obtain,1843,train
39291,obtain,1843,train
39335,occur,1844,train
39337,occur,1844,train
39349,ocean,932,train
39352,ocean,932,train
39360,october,1173,train
39361,october,1173,train
39362,october,1173,train
39368,october,1173,train
39369,octopus,1466,train
39370,octopus,1466,train
39375,octopus,1466,train
39378,odd,1174,train
39379,odd,1174,train
39385,odd,1174,train
39388,odor,1845,train
39389,odor,1845,train
39390,odor,1845,train
39392,odor,1845,train
39425,offer,1175,train
39426,offer,1175,train
39427,offer,1175,train
39430,offer,1175,train
39432,offer,1175,train
39442,off,311,train
39443,off,311,train
39456,office,227,train
39459,office,227,train
39460,office,227,train
39462,office,227,train
39463,office,227,train
39468,office,227,train
39504,often,740,train
39505,often,740,train
39507,often,740,train
39511,often,740,train
39553,o,1840,train
39555,o,1840,train
39557,o,1840,train
39583,ok,312,train
39586,ok,312,train
39589,ok,312,train
39596,ok,312,train
39626,old,165,train
39627,old,165,train
39632,old,165,train
39635,old,165,train
39649,olympics,1846,train
39652,olympics,1846,train
39679,once,1467,train
39680,once,1467,train
39686,once,1467,train
39743,one,569,train
39744,one,569,train
39750,one,569,train
39839,on,1176,train
39845,on,1176,train
39847,onion,428,train
39848,onion,428,train
39850,onion,428,train
39853,onion,428,train
39854,onion,428,train
39857,onion,428,train
39874,only,1177,train
39875,only,1177,train
39879,only,1177,train
39881,only,1177,train
39951,open,933,train
39952,open,933,train
39955,open,933,train
39957,open,933,train
39986,operate,741,train
39996,operate,741,train
40011,opinion,742,train
40012,opinion,742,train
40013,opinion,742,train
40014,opinion,742,train
40050,opposite,1178,train
40051,opposite,1178,train
40054,opposite,1178,train
40056,opposite,1178,train
40097,oral,1848,train
40102,oral,1848,train
40115,orange,27,train
40116,orange,27,train
40117,orange,27,train
40119,orange,27,train
40121,orange,27,train
40129,orange,27,train
40130,orange,27,train
40169,order,228,train
40171,order,228,train
40172,order,228,train
40177,order,228,train
40178,order,228,train
40179,order,228,train
40230,organize,1468,train
40231,organize,1468,train
40235,organize,1468,train
40239,or,1847,train
40240,or,1847,train
40242,or,1847,train
40313,other,743,train
40314,other,743,train
40317,other,743,train
40321,other,743,train
40343,our,1849,train
40345,our,1849,train
40347,our,1849,train
40397,out,1179,train
40399,out,1179,train
40403,out,1179,train
40464,outside,570,train
40469,outside,570,train
40470,outside,570,train
40474,outside,570,train
40476,outside,570,train
40477,outside,570,train
40529,overcome,1850,train
40531,overcome,1850,train
40532,overcome,1850,train
40533,overcome,1850,train
40560,over,1469,train
40561,over,1469,train
40565,over,1469,train
40566,over,1469,train
40569,over,1469,train
40577,overlook,1180,train
40578,overlook,1180,train
40581,overlook,1180,train
40635,overwhelm,934,train
40637,overwhelm,934,train
40639,overwhelm,934,train
40640,overwhelm,934,train
40642,overwhelm,934,train
40650,owe,935,train
40652,owe,935,train
40654,owe,935,train
40657,owe,935,train
40659,owl,1470,train
40660,owl,1470,train
40664,owl,1470,train
40723,pack,1851,train
40726,pack,1851,train
40728,pack,1851,train
40759,page,936,train
40760,page,936,train
40802,pain,937,train
40803,pain,937,train
40806,pain,937,train
40807,pain,937,train
40810,pain,937,train
40829,painter,1852,train
40830,painter,1852,train
40831,painter,1852,train
40833,painter,1852,train
40834,paint,91,train
40836,paint,91,train
40837,paint,91,train
40841,paint,91,train
40847,paint,91,train
40985,pants,229,train
40986,pants,229,train
40988,pants,229,train
40991,pants,229,train
40996,pants,229,train
41025,paper,92,train
41026,paper,92,train
41028,paper,92,train
41029,paper,92,train
41030,paper,92,train
41032,paper,92,train
41037,paper,92,train
41055,parachute,1472,train
41056,parachute,1472,train
41060,parachute,1472,train
41063,parade,938,train
41065,parade,938,train
41068,parade,938,train
41070,parade,938,train
41079,paragraph,1473,train
41080,paragraph,1473,train
41084,paragraph,1473,train
41094,parallel,1474,train
41095,parallel,1474,train
41099,parallel,1474,train
41164,parents,939,train
41166,parents,939,train
41263,part,1853,train
41265,part,1853,train
41267,part,1853,train
41311,party,230,train
41312,party,230,train
41315,party,230,train
41317,party,230,train
41350,pass,744,train
41356,pass,744,train
41364,pass,744,train
41365,pass,744,train
41446,past,231,train
41449,past,231,train
41450,past,231,train
41452,past,231,train
41454,past,231,train
41480,path,1181,train
41481,path,1181,train
41482,path,1181,train
41485,path,1181,train
41487,path,1181,train
41506,patient,313,train
41508,patient,313,train
41509,patient,313,train
41553,pause,1854,train
41554,pause,1854,train
41555,pause,1854,train
41563,pause,1854,train
41580,pay attention,1475,train
41584,pay attention,1475,train
41585,pay attention,1475,train
41595,pay,314,train
41596,pay,314,train
41598,pay,314,train
41608,pay,314,train
41646,peaceful,1855,train
41647,peaceful,1855,train
41648,peaceful,1855,train
41649,peaceful,1855,train
41650,peaceful,1855,train
41654,peace,1476,train
41659,peace,1476,train
41662,peach,571,train
41663,peach,571,train
41664,peach,571,train
41669,peach,571,train
41670,peach,571,train
41693,peanut butter,1477,train
41694,peanut butter,1477,train
41698,peanut butter,1477,train
41705,pear,1856,train
41708,pear,1856,train
41775,peel,1857,train
41777,peel,1857,train
41780,peel,1857,train
41812,penalty,1858,train
41814,penalty,1858,train
41816,penalty,1858,train
41822,pencil,232,train
41824,pencil,232,train
41826,pencil,232,train
41896,pennsylvania,1859,train
41897,pennsylvania,1859,train
41899,pennsylvania,1859,train
41900,pennsylvania,1859,train
41905,penny,1860,train
41907,penny,1860,train
41922,people,429,train
41923,people,429,train
41931,people,429,train
41939,pepper,430,train
41942,pepper,430,train
41943,pepper,430,train
41945,pepper,430,train
41976,percent,1182,train
41977,percent,1182,train
41982,percent,1182,train
41998,perfect,940,train
42002,perfect,940,train
42004,perfect,940,train
42005,perfect,940,train
42008,perfect,940,train
42040,perfume,1478,train
42041,perfume,1478,train
42045,perfume,1478,train
42076,period,941,train
42080,period,941,train
42088,period,941,train
42137,permit,1861,train
42138,permit,1861,train
42142,permit,1861,train
42148,permit,1861,train
42215,personality,1479,train
42217,personality,1479,train
42220,personality,1479,train
42225,person,166,train
42226,person,166,train
42227,person,166,train
42232,person,166,train
42239,person,166,train
42243,perspective,315,train
42245,perspective,315,train
42246,perspective,315,train
42247,perspective,315,train
42251,perspective,315,train
42252,perspective,315,train
42253,perspective,315,train
42308,pet,1480,train
42314,pet,1480,train
42318,pet,1480,train
42379,philadelphia,1481,train
42381,philadelphia,1481,train
42401,philosophy,942,train
42403,philosophy,942,train
42407,philosophy,942,train
42410,philosophy,942,train
42423,phone,431,train
42424,phone,431,train
42425,phone,431,train
42434,phone,431,train
42470,photographer,943,train
42471,photographer,943,train
42475,photographer,943,train
42478,photographer,943,train
42503,phrase,1862,train
42504,phrase,1862,train
42505,phrase,1862,train
42507,phrase,1862,train
42511,p,1471,train
42513,p,1471,train
42516,p,1471,train
42542,physician,1482,train
42544,physician,1482,train
42547,physician,1482,train
42552,physics,1183,train
42553,physics,1183,train
42554,physics,1183,train
42557,physics,1183,train
42560,physics,1183,train
42565,piano,1184,train
42566,piano,1184,train
42569,piano,1184,train
42571,piano,1184,train
42585,pick,1185,train
42589,pick,1185,train
42607,pickle,1863,train
42608,pickle,1863,train
42609,pickle,1863,train
42651,picture,432,train
42652,picture,432,train
42653,picture,432,train
42654,picture,432,train
42656,picture,432,train
42660,picture,432,train
42665,piece,1483,train
42667,piece,1483,train
42670,piece,1483,train
42671,pie,1186,train
42672,pie,1186,train
42675,pie,1186,train
42677,pie,1186,train
42702,pig,572,train
42703,pig,572,train
42704,pig,572,train
42709,pig,572,train
42747,pillow,745,train
42749,pillow,745,train
42753,pillow,745,train
42754,pillow,745,train
42758,pillow,745,train
42762,pilot,1864,train
42764,pilot,1864,train
42767,pilot,1864,train
42829,pink,67,train
42830,pink,67,train
42831,pink,67,train
42832,pink,67,train
42836,pink,67,train
42843,pink,67,train
42939,pity,1484,train
42940,pity,1484,train
42945,pity,1484,train
42956,pizza,68,train
42958,pizza,68,train
42959,pizza,68,train
42961,pizza,68,train
42966,pizza,68,train
42967,pizza,68,train
42969,pizza,68,train
42987,place,944,train
42989,place,944,train
43056,plan,233,train
43061,plan,233,train
43062,plan,233,train
43079,plant,1485,train
43083,plant,1485,train
43090,plant,1485,train
43114,plate,1187,train
43147,player,1865,train
43149,player,1865,train
43151,player,1865,train
43167,play,69,train
43168,play,69,train
43169,play,69,train
43170,play,69,train
43173,play,69,train
43174,play,69,train
43179,play,69,train
43180,play,69,train
43217,please,234,train
43218,please,234,train
43222,please,234,train
43226,please,234,train
43255,plenty,1486,train
43257,plenty,1486,train
43258,plenty,1486,train
43261,plenty,1486,train
43339,plus,433,train
43340,plus,433,train
43342,plus,433,train
43349,plus,433,train
43368,pneumonia,1487,train
43369,pneumonia,1487,train
43373,pneumonia,1487,train
43380,pocket,1188,train
43381,pocket,1188,train
43382,pocket,1188,train
43385,pocket,1188,train
43388,pocket,1188,train
43443,point,434,train
43444,point,434,train
43445,point,434,train
43446,point,434,train
43447,point,434,train
43461,point,434,train
43462,point,434,train
43510,polar bear,1866,train
43511,polar bear,1866,train
43513,polar bear,1866,train
43522,police,167,train
43523,police,167,train
43524,police,167,train
43525,police,167,train
43528,police,167,train
43537,policeman,1867,train
43538,policeman,1867,train
43539,policeman,1867,train
43540,policeman,1867,train
43554,policy,945,train
43557,policy,945,train
43561,policy,945,train
43571,polite,573,train
43572,polite,573,train
43573,polite,573,train
43580,polite,573,train
43594,politics,1488,train
43595,politics,1488,train
43596,politics,1488,train
43598,politics,1488,train
43599,politics,1488,train
43672,poop,1868,train
43674,poop,1868,train
43677,poop,1868,train
43679,poor,435,train
43680,poor,435,train
43682,poor,435,train
43689,poor,435,train
43697,popcorn,1189,train
43698,popcorn,1189,train
43703,popcorn,1189,train
43726,popular,946,train
43730,popular,946,train
43733,popular,946,train
43801,position,1489,train
43802,position,1489,train
43807,position,1489,train
43809,positive,1190,train
43812,positive,1190,train
43814,positive,1190,train
43830,possible,436,train
43834,possible,436,train
43835,possible,436,train
43836,possible,436,train
43839,possible,436,train
43901,postpone,574,train
43902,postpone,574,train
43903,postpone,574,train
43904,postpone,574,train
43907,postpone,574,train
43929,potato,316,train
43930,potato,316,train
43935,potato,316,train
43938,potato,316,train
43946,potential,1870,train
43948,potential,1870,train
43949,potential,1870,train
43950,potential,1870,train
43987,pound,1490,train
43988,pound,1490,train
43994,pound,1490,train
43996,pound,1490,train
44000,pour,1491,train
44011,pour,1491,train
44020,poverty,1871,train
44023,poverty,1871,train
44024,poverty,1871,train
44045,power,575,train
44046,power,575,train
44050,power,575,train
44051,power,575,train
44058,power,575,train
44085,practice,235,train
44086,practice,235,train
44088,practice,235,train
44091,practice,235,train
44098,praise,1492,train
44100,praise,1492,train
44103,praise,1492,train
44128,pray,947,train
44132,pray,947,train
44136,pray,947,train
44141,preacher,1494,train
44143,preacher,1494,train
44146,preacher,1494,train
44148,preach,1493,train
44149,preach,1493,train
44153,preach,1493,train
44167,precious,1872,train
44168,precious,1872,train
44172,precious,1872,train
44178,precipitation,1873,train
44179,precipitation,1873,train
44180,precipitation,1873,train
44182,precipitation,1873,train
44185,precise,1874,train
44186,precise,1874,train
44188,precise,1874,train
44200,predict,948,train
44202,predict,948,train
44208,predict,948,train
44221,prefer,1495,train
44224,prefer,1495,train
44227,prefer,1495,train
44233,pregnant,1191,train
44242,pregnant,1191,train
44274,prepare,746,train
44276,prepare,746,train
44278,prepare,746,train
44281,prepare,746,train
44301,preschool,1875,train
44303,preschool,1875,train
44321,presentation,949,train
44323,presentation,949,train
44324,presentation,949,train
44327,presentation,949,train
44329,presentation,949,train
44333,present,576,train
44344,present,576,train
44347,present,576,train
44349,present,576,train
44350,present,576,train
44367,president,236,train
44369,president,236,train
44370,president,236,train
44371,president,236,train
44373,president,236,train
44397,pressure,1496,train
44398,pressure,1496,train
44402,pressure,1496,train
44426,pretty,747,train
44441,prevent,1192,train
44442,prevent,1192,train
44443,prevent,1192,train
44448,prevent,1192,train
44471,price,577,train
44473,price,577,train
44474,price,577,train
44486,pride,1876,train
44487,pride,1876,train
44488,pride,1876,train
44490,pride,1876,train
44493,priest,748,train
44495,priest,748,train
44496,priest,748,train
44500,priest,748,train
44526,prince,1877,train
44529,prince,1877,train
44534,princess,1878,train
44537,princess,1878,train
44539,principal,1497,train
44541,principal,1497,train
44544,principal,1497,train
44550,principle,1879,train
44551,principle,1879,train
44552,principle,1879,train
44555,principle,1879,train
44558,printer,951,train
44559,printer,951,train
44561,printer,951,train
44563,printer,951,train
44566,printer,951,train
44570,print,950,train
44572,print,950,train
44586,priority,1498,train
44587,priority,1498,train
44602,prison,578,train
44604,prison,578,train
44624,private,952,train
44626,private,952,train
44628,private,952,train
44629,private,952,train
44633,private,952,train
44680,problem,168,train
44681,problem,168,train
44682,problem,168,train
44683,problem,168,train
44686,problem,168,train
44687,problem,168,train
44716,process,1880,train
44719,process,1880,train
44721,process,1880,train
44733,procrastinate,953,train
44734,procrastinate,953,train
44738,procrastinate,953,train
44739,procrastinate,953,train
44741,procrastinate,953,train
44778,professional,1499,train
44779,professional,1499,train
44780,professional,1499,train
44782,professional,1499,train
44783,professional,1499,train
44791,professor,1500,train
44793,professor,1500,train
44796,professor,1500,train
44812,profit,1881,train
44814,profit,1881,train
44817,profit,1881,train
44830,program,749,train
44833,program,749,train
44837,program,749,train
44844,progress,1882,train
44847,progress,1882,train
44849,progress,1882,train
44860,project,954,train
44863,project,954,train
44868,project,954,train
44897,promise,750,train
44900,promise,750,train
44907,promote,1501,train
44949,proof,1193,train
44950,proof,1193,train
44951,proof,1193,train
44956,proof,1193,train
44962,propaganda,1883,train
44971,proper,1884,train
44973,proper,1884,train
44975,proper,1884,train
45052,prostitute,1502,train
45054,prostitute,1502,train
45057,prostitute,1502,train
45060,protect,955,train
45062,protect,955,train
45064,protect,955,train
45067,protect,955,train
45091,proud,1503,train
45092,proud,1503,train
45096,proud,1503,train
45098,prove,956,train
45099,prove,956,train
45101,prove,956,train
45104,prove,956,train
45110,provide,957,train
45114,provide,957,train
45117,provide,957,train
45164,psychologist,1885,train
45166,psychologist,1885,train
45168,psychologist,1885,train
45171,psychology,958,train
45173,psychology,958,train
45177,psychology,958,train
45180,psychology,958,train
45194,public,1886,train
45196,public,1886,train
45198,public,1886,train
45199,public,1886,train
45220,publish,1887,train
45221,publish,1887,train
45223,publish,1887,train
45224,publish,1887,train
45261,pull,93,train
45263,pull,93,train
45264,pull,93,train
45265,pull,93,train
45273,pull,93,train
45324,pumpkin,1194,train
45325,pumpkin,1194,train
45330,pumpkin,1194,train
45364,punish,959,train
45367,punish,959,train
45369,punish,959,train
45413,purchase,1888,train
45416,purchase,1888,train
45423,pure,1889,train
45425,pure,1889,train
45433,purple,94,train
45434,purple,94,train
45436,purple,94,train
45443,purple,94,train
45448,purpose,1195,train
45449,purpose,1195,train
45450,purpose,1195,train
45453,purpose,1195,train
45455,purpose,1195,train
45469,pursue,1890,train
45471,pursue,1890,train
45473,pursue,1890,train
45479,push,579,train
45480,push,579,train
45481,push,579,train
45487,push,579,train
45511,put,751,train
45513,put,751,train
45515,put,751,train
45526,put off,1891,train
45529,put off,1891,train
45530,put off,1891,train
45532,put off,1891,train
45572,puzzled,960,train
45574,puzzled,960,train
45575,puzzled,960,train
45577,puzzled,960,train
45597,q,1892,train
45599,q,1892,train
45601,q,1892,train
45637,quality,1893,train
45638,quality,1893,train
45639,quality,1893,train
45640,quality,1893,train
45655,quarrel,1894,train
45656,quarrel,1894,train
45658,quarrel,1894,train
45664,quarter,1895,train
45665,quarter,1895,train
45669,quarter,1895,train
45673,quarter,1895,train
45685,queen,752,train
45687,queen,752,train
45689,queen,752,train
45692,queen,752,train
45715,question,961,train
45719,question,961,train
45723,question,961,train
45742,quick,962,train
45746,quick,962,train
45749,quick,962,train
45757,quiet,437,train
45759,quiet,437,train
45762,quiet,437,train
45767,quiet,437,train
45780,quit,753,train
45782,quit,753,train
45785,quit,753,train
45786,quit,753,train
45789,quit,753,train
45821,quote,1504,train
45822,quote,1504,train
45826,quote,1504,train
45838,rabbit,123,train
45839,rabbit,123,train
45840,rabbit,123,train
45842,rabbit,123,train
45843,rabbit,123,train
45851,rabbit,123,train
45853,raccoon,580,train
45854,raccoon,580,train
45855,raccoon,580,train
45861,raccoon,580,train
45864,race,1196,train
45865,race,1196,train
45866,race,1196,train
45867,race,1196,train
45873,race,1196,train
45907,radio,754,train
45908,radio,754,train
45910,radio,754,train
45912,radio,754,train
45916,radio,754,train
45929,rage,1897,train
45932,rage,1897,train
45936,rage,1897,train
45967,rainbow,963,train
45968,rainbow,963,train
45975,rainbow,963,train
45993,rain,438,train
45994,rain,438,train
45995,rain,438,train
46001,rain,438,train
46055,rake,964,train
46058,rake,964,train
46060,rake,964,train
46166,rather,1898,train
46170,rather,1898,train
46173,rather,1898,train
46174,rat,755,train
46175,rat,755,train
46178,rat,755,train
46179,rat,755,train
46182,rat,755,train
46266,read,124,train
46267,read,124,train
46268,read,124,train
46269,read,124,train
46272,read,124,train
46288,ready,439,train
46289,ready,439,train
46291,ready,439,train
46292,ready,439,train
46293,ready,439,train
46296,ready,439,train
46299,ready,439,train
46305,ready,439,train
46315,real,1899,train
46317,real,1899,train
46319,real,1899,train
46336,realize,1197,train
46369,really,581,train
46375,really,581,train
46428,reason,582,train
46429,reason,582,train
46430,reason,582,train
46436,reason,582,train
46492,receive,1505,train
46493,receive,1505,train
46497,receive,1505,train
46500,recent,1506,train
46501,recent,1506,train
46502,recent,1506,train
46506,recent,1506,train
46578,recliner,1900,train
46580,recliner,1900,train
46588,recognize,1198,train
46589,recognize,1198,train
46590,recognize,1198,train
46596,recognize,1198,train
46607,recommend,1901,train
46609,recommend,1901,train
46611,recommend,1901,train
46659,recover,1902,train
46660,recover,1902,train
46661,recover,1902,train
46663,recover,1902,train
46665,recover,1902,train
46731,red,125,train
46732,red,125,train
46733,red,125,train
46734,red,125,train
46742,red,125,train
46752,reduce,1507,train
46754,reduce,1507,train
46762,reduce,1507,train
46776,referee,1509,train
46779,referee,1509,train
46783,referee,1509,train
46792,refer,1508,train
46793,refer,1508,train
46797,refer,1508,train
46863,refuse,1199,train
46864,refuse,1199,train
46867,refuse,1199,train
46870,refuse,1199,train
46928,regular,1903,train
46930,regular,1903,train
46957,rehearse,965,train
46958,rehearse,965,train
46960,rehearse,965,train
46962,rehearse,965,train
46963,rehearse,965,train
46965,rehearse,965,train
47001,reject,756,train
47003,reject,756,train
47005,reject,756,train
47029,relate,1510,train
47030,relate,1510,train
47034,relate,1510,train
47038,relationship,1200,train
47059,relax,1511,train
47060,relax,1511,train
47066,relax,1511,train
47077,release,1904,train
47081,release,1904,train
47083,release,1904,train
47093,relief,1905,train
47094,relief,1905,train
47095,relief,1905,train
47096,relief,1905,train
47097,relief,1905,train
47104,religion,583,train
47105,religion,583,train
47106,religion,583,train
47112,religion,583,train
47137,rely,1906,train
47139,rely,1906,train
47140,rely,1906,train
47142,rely,1906,train
47175,remember,169,train
47176,remember,169,train
47177,remember,169,train
47178,remember,169,train
47183,remember,169,train
47221,remote control,1512,train
47222,remote control,1512,train
47224,remote control,1512,train
47225,remote control,1512,train
47237,remove,966,train
47239,remove,966,train
47242,remove,966,train
47244,remove,966,train
47272,rent,1513,train
47273,rent,1513,train
47279,rent,1513,train
47300,repeat,1201,train
47301,repeat,1201,train
47302,repeat,1201,train
47305,repeat,1201,train
47307,repeat,1201,train
47332,replace,1202,train
47335,replace,1202,train
47337,replace,1202,train
47343,reply,1907,train
47345,reply,1907,train
47347,reply,1907,train
47357,report,1203,train
47358,report,1203,train
47362,report,1203,train
47380,represent,1204,train
47381,represent,1204,train
47382,represent,1204,train
47385,represent,1204,train
47387,represent,1204,train
47441,reputation,1514,train
47442,reputation,1514,train
47447,reputation,1514,train
47450,request,1205,train
47451,request,1205,train
47457,request,1205,train
47460,require,757,train
47462,require,757,train
47466,require,757,train
47469,require,757,train
47480,rescue,1908,train
47482,rescue,1908,train
47484,rescue,1908,train
47490,research,440,train
47492,research,440,train
47496,research,440,train
47554,resign,1515,train
47555,resign,1515,train
47561,resign,1515,train
47569,resist,1909,train
47572,resist,1909,train
47604,respect,584,train
47611,respect,584,train
47612,respect,584,train
47615,respect,584,train
47642,responsibility,1206,train
47644,responsibility,1206,train
47648,responsible,1516,train
47652,responsible,1516,train
47658,restaurant,237,train
47659,restaurant,237,train
47672,rest,758,train
47675,rest,758,train
47724,restroom,1910,train
47727,restroom,1910,train
47731,result,1207,train
47734,result,1207,train
47736,result,1207,train
47738,result,1207,train
47787,retire,759,train
47789,retire,759,train
47790,retire,759,train
47794,retire,759,train
47804,retreat,1911,train
47806,retreat,1911,train
47809,retreat,1911,train
47840,reveal,1208,train
47846,reveal,1208,train
47847,reveal,1208,train
47859,revenge,967,train
47864,revenge,967,train
47901,review,968,train
47902,review,968,train
47903,review,968,train
47905,review,968,train
47983,r,1896,train
47985,r,1896,train
47987,r,1896,train
48020,rich,969,train
48021,rich,969,train
48023,rich,969,train
48029,rich,969,train
48042,ride,238,train
48043,ride,238,train
48044,ride,238,train
48050,ride,238,train
48051,ride,238,train
48073,ridiculous,1517,train
48074,ridiculous,1517,train
48077,ridiculous,1517,train
48105,right,95,train
48106,right,95,train
48107,right,95,train
48109,right,95,train
48114,right,95,train
48159,ring,1209,train
48160,ring,1209,train
48163,ring,1209,train
48166,ring,1209,train
48210,rise,760,train
48212,rise,760,train
48216,rise,760,train
48218,rise,760,train
48219,rise,760,train
48253,river,761,train
48255,river,761,train
48258,river,761,train
48274,road,1518,train
48279,road,1518,train
48299,roar,1912,train
48301,roar,1912,train
48303,roar,1912,train
48307,robber,1913,train
48308,robber,1913,train
48311,robber,1913,train
48313,robber,1913,train
48325,rob,1210,train
48329,rob,1210,train
48331,rob,1210,train
48334,rob,1210,train
48336,rob,1210,train
48341,robot,1519,train
48346,robot,1519,train
48371,rock,1211,train
48378,rock,1211,train
48404,role,1212,train
48405,role,1212,train
48408,role,1212,train
48411,role,1212,train
48489,roof,970,train
48490,roof,970,train
48509,room,126,train
48511,room,126,train
48513,room,126,train
48516,room,126,train
48517,room,126,train
48522,roommate,1914,train
48523,roommate,1914,train
48525,roommate,1914,train
48526,roommate,1914,train
48538,rooster,971,train
48540,rooster,971,train
48542,rooster,971,train
48545,rooster,971,train
48557,rope,1213,train
48558,rope,1213,train
48563,rope,1213,train
48569,rose,1915,train
48570,rose,1915,train
48573,rose,1915,train
48607,rough,762,train
48610,rough,762,train
48611,rough,762,train
48614,rough,762,train
48686,rubber,1520,train
48688,rubber,1520,train
48691,rubber,1520,train
48704,rude,972,train
48705,rude,972,train
48706,rude,972,train
48710,rude,972,train
48732,ruin,1916,train
48734,ruin,1916,train
48737,ruin,1916,train
48741,rule,585,train
48743,rule,585,train
48747,rule,585,train
48798,run,127,train
48801,run,127,train
48809,run,127,train
48810,run,127,train
48827,run,127,train
48890,rush,1214,train
48891,rush,1214,train
48897,rush,1214,train
48899,russia,239,train
48901,russia,239,train
48902,russia,239,train
48903,russia,239,train
48971,sad,317,train
48973,sad,317,train
48974,sad,317,train
48976,sad,317,train
48978,sad,317,train
48996,safe,1521,train
49002,safe,1521,train
49006,safe,1521,train
49077,salad,586,train
49078,salad,586,train
49079,salad,586,train
49084,salad,586,train
49090,salary,1918,train
49092,salary,1918,train
49093,salary,1918,train
49094,salary,1918,train
49129,salt,240,train
49131,salt,240,train
49132,salt,240,train
49134,salt,240,train
49149,salute,1215,train
49150,salute,1215,train
49156,salute,1215,train
49174,same,96,train
49175,same,96,train
49178,same,96,train
49181,same,96,train
49183,same,96,train
49188,same,96,train
49246,sandwich,241,train
49247,sandwich,241,train
49248,sandwich,241,train
49250,sandwich,241,train
49252,sandwich,241,train
49318,satisfy,1216,train
49319,satisfy,1216,train
49324,satisfy,1216,train
49334,saturday,318,train
49338,saturday,318,train
49343,sauce,1522,train
49345,sauce,1522,train
49349,sauce,1522,train
49359,sausage,1523,train
49362,sausage,1523,train
49365,sausage,1523,train
49374,save,319,train
49378,save,319,train
49379,save,319,train
49383,save,319,train
49384,save,319,train
49410,saw,1919,train
49421,saw,1919,train
49433,say,973,train
49436,say,973,train
49460,scan,1920,train
49465,scan,1920,train
49477,scared,441,train
49478,scared,441,train
49480,scared,441,train
49483,scared,441,train
49487,scared,441,train
49538,schedule,587,train
49539,schedule,587,train
49540,schedule,587,train
49547,schedule,587,train
49595,school,70,train
49596,school,70,train
49597,school,70,train
49598,school,70,train
49599,school,70,train
49600,school,70,train
49602,school,70,train
49631,science,442,train
49632,science,442,train
49633,science,442,train
49634,science,442,train
49640,science,442,train
49644,scientist,974,train
49646,scientist,974,train
49648,scientist,974,train
49651,scientist,974,train
49656,scissors,320,train
49658,scissors,320,train
49659,scissors,320,train
49663,scissors,320,train
49672,scold,1524,train
49675,scold,1524,train
49692,score,443,train
49694,score,443,train
49695,score,443,train
49697,score,443,train
49702,score,443,train
49706,score,443,train
49728,scotland,975,train
49730,scotland,975,train
49737,scotland,975,train
49783,scream,1921,train
49786,scream,1921,train
49804,screwdriver,976,train
49806,screwdriver,976,train
49807,screwdriver,976,train
49809,screwdriver,976,train
49886,sculpture,1922,train
49887,sculpture,1922,train
49888,sculpture,1922,train
49889,sculpture,1922,train
49890,sculpture,1922,train
49899,sea,1923,train
49900,sea,1923,train
49902,sea,1923,train
49931,search,1217,train
49933,search,1217,train
49934,search,1217,train
49941,search,1217,train
50006,second,977,train
50007,second,977,train
50020,second,977,train
50023,second,977,train
50037,secretary,71,train
50038,secretary,71,train
50039,secretary,71,train
50040,secretary,71,train
50044,secretary,71,train
50045,secretary,71,train
50046,secretary,71,train
50053,secret,321,train
50054,secret,321,train
50055,secret,321,train
50058,secret,321,train
50061,secret,321,train
50125,see,763,train
50140,seem,764,train
50143,seem,764,train
50144,seem,764,train
50198,seldom,1924,train
50199,seldom,1924,train
50201,seldom,1924,train
50244,selfish,1218,train
50245,selfish,1218,train
50246,selfish,1218,train
50249,selfish,1218,train
50252,selfish,1218,train
50267,sell,588,train
50268,sell,588,train
50269,sell,588,train
50274,sell,588,train
50317,senate,978,train
50319,senate,978,train
50321,senate,978,train
50324,senate,978,train
50331,send,765,train
50332,send,765,train
50363,senior,1525,train
50364,senior,1525,train
50365,senior,1525,train
50370,senior,1525,train
50398,sensitive,1219,train
50399,sensitive,1219,train
50402,sensitive,1219,train
50405,sensitive,1219,train
50409,sentence,444,train
50410,sentence,444,train
50411,sentence,444,train
50414,sentence,444,train
50415,sentence,444,train
50420,sentence,444,train
50433,separate,979,train
50436,separate,979,train
50439,separate,979,train
50453,september,1526,train
50456,september,1526,train
50459,september,1526,train
50460,september,1526,train
50466,sequence,1925,train
50467,sequence,1925,train
50469,sequence,1925,train
50471,sequence,1925,train
50472,sequence,1925,train
50503,serious,589,train
50508,serious,589,train
50512,serious,589,train
50529,serve,1220,train
50534,serve,1220,train
50537,serve,1220,train
50547,service,980,train
50548,service,980,train
50550,service,980,train
50553,service,980,train
50555,service,980,train
50582,settle,1926,train
50584,settle,1926,train
50587,settle,1926,train
50617,seven,1221,train
50618,seven,1221,train
50623,seven,1221,train
50704,several,1527,train
50705,several,1527,train
50707,several,1527,train
50721,sew,766,train
50723,sew,766,train
50814,shame,1528,train
50815,shame,1528,train
50819,shame,1528,train
50826,shampoo,1222,train
50827,shampoo,1222,train
50830,shampoo,1222,train
50832,shampoo,1222,train
50835,shape,445,train
50836,shape,445,train
50838,shape,445,train
50845,shape,445,train
50849,share,170,train
50850,share,170,train
50851,share,170,train
50855,share,170,train
50856,share,170,train
50896,shave,1529,train
50904,shave,1529,train
50934,sheep,767,train
50935,sheep,767,train
50938,sheep,767,train
50942,sheep,767,train
50948,she,1223,train
50949,she,1223,train
50952,she,1223,train
50954,she,1223,train
50957,shelf,1224,train
50958,shelf,1224,train
50964,shelf,1224,train
51020,shine,768,train
51022,shine,768,train
51023,shine,768,train
51024,shine,768,train
51025,shine,768,train
51056,shirt,46,train
51057,shirt,46,train
51058,shirt,46,train
51059,shirt,46,train
51060,shirt,46,train
51061,shirt,46,train
51063,shirt,46,train
51064,shirt,46,train
51102,shock,769,train
51103,shock,769,train
51104,shock,769,train
51105,shock,769,train
51107,shock,769,train
51108,shock,769,train
51114,shock,769,train
51128,shoes,322,train
51133,shoes,322,train
51140,shoes,322,train
51154,shoot,1530,train
51156,shoot,1530,train
51165,shoot,1530,train
51177,shop,323,train
51180,shop,323,train
51185,shop,323,train
51197,shopping,1225,train
51198,shopping,1225,train
51199,shopping,1225,train
51221,short,72,train
51223,short,72,train
51225,short,72,train
51226,short,72,train
51231,short,72,train
51232,short,72,train
51235,short,72,train
51236,short,72,train
51276,shoulder,1531,train
51281,shoulder,1531,train
51287,should,770,train
51289,should,770,train
51292,should,770,train
51303,shout,1927,train
51306,shout,1927,train
51313,shovel,1928,train
51315,shovel,1928,train
51317,shovel,1928,train
51329,shower,590,train
51335,shower,590,train
51345,show,128,train
51346,show,128,train
51347,show,128,train
51348,show,128,train
51353,show,128,train
51355,show,128,train
51356,show,128,train
51360,show,128,train
51397,shrimp,981,train
51398,shrimp,981,train
51403,shrimp,981,train
51404,shrimp,981,train
51408,shrimp,981,train
51426,s,1917,train
51428,s,1917,train
51430,s,1917,train
51476,shy,982,train
51478,shy,982,train
51501,sick,129,train
51502,sick,129,train
51503,sick,129,train
51504,sick,129,train
51507,sick,129,train
51545,side,983,train
51548,side,983,train
51552,side,983,train
51615,sign,242,train
51616,sign,242,train
51617,sign,242,train
51621,sign,242,train
51622,sign,242,train
51628,sign,242,train
51637,sign,242,train
51664,sign language,1226,train
51667,sign language,1226,train
51688,silent,771,train
51690,silent,771,train
51696,silent,771,train
51706,silly,324,train
51708,silly,324,train
51709,silly,324,train
51712,silly,324,train
51713,silly,324,train
51717,silver,1532,train
51719,silver,1532,train
51721,silver,1532,train
51726,silver,1532,train
51728,similar,1227,train
51729,similar,1227,train
51734,similar,1227,train
51738,similar,1227,train
51750,simple,1533,train
51751,simple,1533,train
51757,simple,1533,train
51775,since,243,train
51778,since,243,train
51781,since,243,train
51798,singer,1930,train
51800,singer,1930,train
51801,singer,1930,train
51803,sing,1228,train
51806,sing,1228,train
51810,sing,1228,train
51814,single,591,train
51818,single,591,train
51824,single,591,train
51827,sin,1929,train
51829,sin,1929,train
51831,sin,1929,train
51871,siren,1534,train
51872,siren,1534,train
51876,siren,1534,train
51884,sister,325,train
51885,sister,325,train
51886,sister,325,train
51889,sister,325,train
51916,sit,446,train
51917,sit,446,train
51919,sit,446,train
51927,sit,446,train
51933,situation,984,train
51935,situation,984,train
51937,situation,984,train
51940,situation,984,train
51954,six,1229,train
51955,six,1229,train
51960,six,1229,train
51981,sixteen,1931,train
51982,sixteen,1931,train
51984,sixteen,1931,train
51986,sixteen,1931,train
52046,size,1535,train
52047,size,1535,train
52051,size,1535,train
52072,skate,1536,train
52073,skate,1536,train
52076,skate,1536,train
52082,skeleton,1230,train
52083,skeleton,1230,train
52087,skeleton,1230,train
52089,skeleton,1230,train
52103,sketch,1231,train
52104,sketch,1231,train
52105,sketch,1231,train
52108,sketch,1231,train
52110,sketch,1231,train
52122,ski,1932,train
52128,ski,1932,train
52143,skill,1232,train
52144,skill,1232,train
52147,skill,1232,train
52158,skin,1537,train
52159,skin,1537,train
52160,skin,1537,train
52163,skin,1537,train
52169,skinny,772,train
52170,skinny,772,train
52171,skinny,772,train
52175,skinny,772,train
52181,skip,1933,train
52185,skip,1933,train
52188,skip,1933,train
52199,skirt,773,train
52200,skirt,773,train
52201,skirt,773,train
52208,skirt,773,train
52215,skunk,1538,train
52216,skunk,1538,train
52217,skunk,1538,train
52221,skunk,1538,train
52229,sky,774,train
52231,sky,774,train
52232,sky,774,train
52238,sky,774,train
52288,slave,985,train
52289,slave,985,train
52291,slave,985,train
52293,slave,985,train
52296,slave,985,train
52316,sleep,326,train
52317,sleep,326,train
52318,sleep,326,train
52324,sleep,326,train
52344,sleepy,1233,train
52345,sleepy,1233,train
52349,sleepy,1233,train
52354,sleepy,1233,train
52373,slice,1539,train
52378,slice,1539,train
52382,slice,1539,train
52430,slip,1234,train
52435,slip,1234,train
52441,slip,1234,train
52506,slow,447,train
52507,slow,447,train
52508,slow,447,train
52510,slow,447,train
52515,slow,447,train
52551,small,244,train
52552,small,244,train
52554,small,244,train
52556,small,244,train
52557,small,244,train
52566,small,244,train
52575,smart,592,train
52576,smart,592,train
52578,smart,592,train
52579,smart,592,train
52581,smart,592,train
52584,smart,592,train
52603,smell,1235,train
52604,smell,1235,train
52609,smell,1235,train
52615,smile,593,train
52621,smile,593,train
52656,smoking,1934,train
52662,smooth,1540,train
52663,smooth,1540,train
52668,smooth,1540,train
52687,snack,1541,train
52688,snack,1541,train
52694,snack,1541,train
52711,snake,448,train
52712,snake,448,train
52713,snake,448,train
52720,snake,448,train
52764,sneeze,1236,train
52765,sneeze,1236,train
52770,sneeze,1236,train
52796,snob,1237,train
52797,snob,1237,train
52800,snob,1237,train
52802,snob,1237,train
52858,snow,130,train
52859,snow,130,train
52860,snow,130,train
52862,snow,130,train
52867,snow,130,train
52871,snowman,1542,train
52874,snowman,1542,train
52877,snowman,1542,train
52917,soap,449,train
52918,soap,449,train
52919,soap,449,train
52921,soap,449,train
52926,soap,449,train
52943,soccer,986,train
52947,soccer,986,train
52992,society,1543,train
52997,society,1543,train
53000,society,1543,train
53015,socks,987,train
53016,socks,987,train
53022,socks,987,train
53024,soda,450,train
53025,soda,450,train
53026,soda,450,train
53028,soda,450,train
53038,sofa,1935,train
53039,sofa,1935,train
53041,sofa,1935,train
53065,soft,594,train
53066,soft,594,train
53067,soft,594,train
53068,soft,594,train
53073,soft,594,train
53123,soldier,1936,train
53126,soldier,1936,train
53153,solid,988,train
53155,solid,988,train
53157,solid,988,train
53160,solid,988,train
53179,solve,1937,train
53180,solve,1937,train
53182,solve,1937,train
53199,someday,1938,train
53200,someday,1938,train
53203,someday,1938,train
53207,some,245,train
53208,some,245,train
53212,some,245,train
53216,some,245,train
53218,someone,1544,train
53220,someone,1544,train
53223,someone,1544,train
53231,something,1939,train
53233,something,1939,train
53235,something,1939,train
53240,sometimes,989,train
53242,sometimes,989,train
53247,sometimes,989,train
53253,somewhere,1940,train
53255,somewhere,1940,train
53257,somewhere,1940,train
53262,song,1545,train
53264,song,1545,train
53267,song,1545,train
53268,son,97,train
53270,son,97,train
53271,son,97,train
53273,son,97,train
53275,son,97,train
53279,son,97,train
53293,soon,171,train
53295,soon,171,train
53300,soon,171,train
53301,soon,171,train
53304,soon,171,train
53305,soon,171,train
53343,sore throat,1546,train
53344,sore throat,1546,train
53345,sore throat,1546,train
53347,sore throat,1546,train
53365,sorry,327,train
53370,sorry,327,train
53371,sorry,327,train
53404,soul,1941,train
53405,soul,1941,train
53406,soul,1941,train
53409,soul,1941,train
53414,sound,595,train
53415,sound,595,train
53416,sound,595,train
53420,sound,595,train
53423,sound,595,train
53428,soup,596,train
53429,soup,596,train
53434,soup,596,train
53443,sour,775,train
53445,sour,775,train
53447,sour,775,train
53448,sour,775,train
53449,sour,775,train
53452,sour,775,train
53459,south america,1547,train
53460,south america,1547,train
53463,south america,1547,train
53464,south america,1547,train
53482,south,246,train
53485,south,246,train
53486,south,246,train
53488,south,246,train
53544,spain,597,train
53545,spain,597,train
53546,spain,597,train
53547,spain,597,train
53548,spain,597,train
53564,spanish,1548,train
53565,spanish,1548,train
53566,spanish,1548,train
53570,spanish,1548,train
53621,speak,1549,train
53622,speak,1549,train
53623,speak,1549,train
53626,speak,1549,train
53642,special,776,train
53644,special,776,train
53646,special,776,train
53667,specific,1238,train
53668,specific,1238,train
53672,specific,1238,train
53675,specific,1238,train
53698,speech,451,train
53699,speech,451,train
53706,speech,451,train
53707,speech,451,train
53709,speech,451,train
53710,speech,451,train
53737,speed,1550,train
53738,speed,1550,train
53744,speed,1550,train
53772,spell,1551,train
53773,spell,1551,train
53778,spell,1551,train
53826,spider,990,train
53829,spider,990,train
53831,spider,990,train
53851,spill,1942,train
53854,spill,1942,train
53855,spill,1942,train
53872,spin,991,train
53873,spin,991,train
53876,spin,991,train
53878,spin,991,train
53879,spin,991,train
53901,spirit,777,train
53903,spirit,777,train
53906,spirit,777,train
53907,spirit,777,train
53908,spirit,777,train
53910,spirit,777,train
53922,spit,1943,train
53924,spit,1943,train
53926,spit,1943,train
54004,spoon,1552,train
54007,spoon,1552,train
54008,spoon,1552,train
54014,spoon,1552,train
54074,spray,598,train
54080,spray,598,train
54082,spray,598,train
54083,spray,598,train
54092,spread,1944,train
54093,spread,1944,train
54095,spread,1944,train
54118,spring,1553,train
54119,spring,1553,train
54124,spring,1553,train
54140,sprint,1945,train
54143,sprint,1945,train
54144,sprint,1945,train
54146,sprint,1945,train
54173,square,992,train
54180,square,992,train
54190,squeeze,1946,train
54191,squeeze,1946,train
54195,squeeze,1946,train
54205,squirrel,599,train
54206,squirrel,599,train
54207,squirrel,599,train
54213,squirrel,599,train
54250,stadium,1947,train
54251,stadium,1947,train
54252,stadium,1947,train
54254,stadium,1947,train
54257,staff,778,train
54260,staff,778,train
54264,staff,778,train
54296,stairs,993,train
54297,stairs,993,train
54298,stairs,993,train
54300,stairs,993,train
54302,stairs,993,train
54341,stamp,1239,train
54343,stamp,1239,train
54347,stamp,1239,train
54348,stamp,1239,train
54349,stamp,1239,train
54364,standard,1554,train
54366,standard,1554,train
54370,standard,1554,train
54378,stand,779,train
54381,stand,779,train
54424,stare,994,train
54426,stare,994,train
54428,stare,994,train
54433,stare,994,train
54437,star,452,train
54438,star,452,train
54439,star,452,train
54444,star,452,train
54447,star,452,train
54461,start,995,train
54464,start,995,train
54531,statistics,1555,train
54533,statistics,1555,train
54536,statistics,1555,train
54554,stay,172,train
54556,stay,172,train
54557,stay,172,train
54561,stay,172,train
54563,stay,172,train
54567,stay,172,train
54589,steal,780,train
54591,steal,780,train
54593,steal,780,train
54597,steal,780,train
54600,steal,780,train
54609,steel,1240,train
54610,steel,1240,train
54614,steel,1240,train
54616,steel,1240,train
54667,stepfather,1948,train
54672,stepfather,1948,train
54763,sticky,1556,train
54764,sticky,1556,train
54768,sticky,1556,train
54780,still,1557,train
54781,still,1557,train
54807,sting,1949,train
54810,sting,1949,train
54820,stink,453,train
54821,stink,453,train
54822,stink,453,train
54828,stink,453,train
54832,stir,1950,train
54833,stir,1950,train
54834,stir,1950,train
54841,stitch,1951,train
54843,stitch,1951,train
54845,stitch,1951,train
54878,stomach,600,train
54879,stomach,600,train
54880,stomach,600,train
54886,stomach,600,train
54922,stop,781,train
54923,stop,781,train
54925,stop,781,train
54928,stop,781,train
54955,store,996,train
54956,store,996,train
54957,store,996,train
54962,store,996,train
54965,store,996,train
54995,story,601,train
55003,story,601,train
55043,straight,328,train
55045,straight,328,train
55050,straight,328,train
55070,strange,602,train
55071,strange,602,train
55072,strange,602,train
55077,strange,602,train
55105,strawberry,1241,train
55110,strawberry,1241,train
55111,strawberry,1241,train
55117,straw,997,train
55119,straw,997,train
55122,straw,997,train
55126,straw,997,train
55150,street,603,train
55151,street,603,train
55152,street,603,train
55157,street,603,train
55176,stress,604,train
55177,stress,604,train
55178,stress,604,train
55182,stress,604,train
55184,stress,604,train
55191,stretch,1558,train
55195,stretch,1558,train
55198,strict,605,train
55199,strict,605,train
55200,strict,605,train
55206,strict,605,train
55276,strong,606,train
55277,strong,606,train
55283,strong,606,train
55286,strong,606,train
55288,structure,998,train
55290,structure,998,train
55292,structure,998,train
55295,structure,998,train
55299,struggle,454,train
55300,struggle,454,train
55301,struggle,454,train
55308,struggle,454,train
55313,stubborn,455,train
55314,stubborn,455,train
55315,stubborn,455,train
55321,stubborn,455,train
55324,stuck,1952,train
55326,stuck,1952,train
55328,stuck,1952,train
55337,student,247,train
55338,student,247,train
55339,student,247,train
55340,student,247,train
55341,student,247,train
55343,student,247,train
55361,study,47,train
55362,study,47,train
55363,study,47,train
55364,study,47,train
55365,study,47,train
55366,study,47,train
55368,study,47,train
55369,study,47,train
55419,stupid,782,train
55423,stupid,782,train
55431,stupid,782,train
55533,subtract,1242,train
55536,subtract,1242,train
55539,subtract,1242,train
55553,subway,1243,train
55554,subway,1243,train
55555,subway,1243,train
55560,subway,1243,train
55627,sue,1953,train
55628,sue,1953,train
55631,sue,1953,train
55632,sue,1953,train
55636,suffer,1244,train
55637,suffer,1244,train
55638,suffer,1244,train
55644,suffer,1244,train
55659,sugar,607,train
55660,sugar,607,train
55661,sugar,607,train
55668,sugar,607,train
55670,suggest,999,train
55671,suggest,999,train
55673,suggest,999,train
55675,suggest,999,train
55678,suggest,999,train
55731,summer,608,train
55732,summer,608,train
55733,summer,608,train
55738,summer,608,train
55747,summon,783,train
55750,summon,783,train
55751,summon,783,train
55755,summon,783,train
55770,sunday,173,train
55771,sunday,173,train
55772,sunday,173,train
55773,sunday,173,train
55777,sunday,173,train
55782,sunday,173,train
55803,sun,1000,train
55805,sun,1000,train
55806,sun,1000,train
55808,sun,1000,train
55814,sun,1000,train
55841,sunrise,784,train
55849,sunrise,784,train
55854,sunset,456,train
55855,sunset,456,train
55856,sunset,456,train
55864,sunset,456,train
55867,sunshine,1954,train
55868,sunshine,1954,train
55869,sunshine,1954,train
55871,sunshine,1954,train
55913,superman,1955,train
55917,superman,1955,train
55976,support,1001,train
55977,support,1001,train
55979,support,1001,train
55981,support,1001,train
55984,support,1001,train
56003,suppose,1002,train
56031,sure,1003,train
56038,sure,1003,train
56047,surface,1245,train
56048,surface,1245,train
56049,surface,1245,train
56052,surface,1245,train
56054,surface,1245,train
56073,surgeon,1559,train
56078,surgeon,1559,train
56081,surgery,457,train
56082,surgery,457,train
56084,surgery,457,train
56089,surgery,457,train
56105,surprise,1004,train
56106,surprise,1004,train
56108,surprise,1004,train
56111,surprise,1004,train
56115,surrender,1956,train
56117,surrender,1956,train
56119,surrender,1956,train
56158,suspect,609,train
56159,suspect,609,train
56160,suspect,609,train
56167,suspect,609,train
56176,suspend,1957,train
56178,suspend,1957,train
56180,suspend,1957,train
56195,swallow,785,train
56196,swallow,785,train
56198,swallow,785,train
56202,swallow,785,train
56248,sweater,1005,train
56251,sweater,1005,train
56254,sweater,1005,train
56272,sweden,1560,train
56273,sweden,1560,train
56281,sweep,1246,train
56284,sweep,1246,train
56290,sweep,1246,train
56295,sweetheart,610,train
56296,sweetheart,610,train
56297,sweetheart,610,train
56305,sweetheart,610,train
56306,sweet,329,train
56312,sweet,329,train
56313,sweet,329,train
56317,sweet,329,train
56343,swim,1006,train
56348,swim,1006,train
56356,swimming,1958,train
56357,swimming,1958,train
56359,swimming,1958,train
56360,swimming,1958,train
56370,swimsuit,1561,train
56371,swimsuit,1561,train
56373,swimsuit,1561,train
56387,swing,1247,train
56388,swing,1247,train
56394,swing,1247,train
56423,switzerland,1248,train
56424,switzerland,1248,train
56425,switzerland,1248,train
56461,symbol,1007,train
56463,symbol,1007,train
56464,symbol,1007,train
56481,sympathy,1562,train
56482,sympathy,1562,train
56488,sympathy,1562,train
56556,table,28,train
56557,table,28,train
56558,table,28,train
56563,table,28,train
56579,table,28,train
56692,take,131,train
56694,take,131,train
56698,take,131,train
56699,take,131,train
56700,take,131,train
56704,take,131,train
56764,take turns,1563,train
56766,take turns,1563,train
56768,take turns,1563,train
56769,take turns,1563,train
56771,take up,1564,train
56772,take up,1564,train
56775,take up,1564,train
56779,tale,1249,train
56780,tale,1249,train
56782,tale,1249,train
56787,tale,1249,train
56793,talent,1960,train
56795,talent,1960,train
56798,talent,1960,train
56811,talk,330,train
56813,talk,330,train
56816,talk,330,train
56821,talk,330,train
56830,talk,330,train
56837,tall,48,train
56838,tall,48,train
56839,tall,48,train
56841,tall,48,train
56842,tall,48,train
56844,tall,48,train
56846,tall,48,train
56848,tall,48,train
56852,tall,48,train
56874,tan,1250,train
56875,tan,1250,train
56876,tan,1250,train
56881,tan,1250,train
56970,taste,1008,train
56971,taste,1008,train
56973,taste,1008,train
56975,taste,1008,train
56978,taste,1008,train
57039,teacher,133,train
57040,teacher,133,train
57041,teacher,133,train
57042,teacher,133,train
57044,teacher,133,train
57051,teacher,133,train
57058,teach,248,train
57063,teach,248,train
57064,teach,248,train
57068,teach,248,train
57076,tea,132,train
57077,tea,132,train
57078,tea,132,train
57079,tea,132,train
57080,tea,132,train
57087,tea,132,train
57091,team,1009,train
57093,team,1009,train
57099,team,1009,train
57132,tease,611,train
57133,tease,611,train
57134,tease,611,train
57138,tease,611,train
57139,tease,611,train
57141,tease,611,train
57170,technology,1565,train
57172,technology,1565,train
57175,technology,1565,train
57205,teeth,1251,train
57206,teeth,1251,train
57211,teeth,1251,train
57236,telephone,1010,train
57238,telephone,1010,train
57241,telephone,1010,train
57243,telephone,1010,train
57253,telescope,1961,train
57255,telescope,1961,train
57257,telescope,1961,train
57261,television,786,train
57263,television,786,train
57265,television,786,train
57266,television,786,train
57276,tell,98,train
57277,tell,98,train
57283,tell,98,train
57284,tell,98,train
57286,tell,98,train
57287,tell,98,train
57291,tell,98,train
57300,temperature,331,train
57303,temperature,331,train
57304,temperature,331,train
57306,temperature,331,train
57322,temple,1566,train
57323,temple,1566,train
57324,temple,1566,train
57329,temple,1566,train
57351,tempt,1962,train
57354,tempt,1962,train
57369,tender,1567,train
57371,tender,1567,train
57374,tender,1567,train
57375,tender,1567,train
57380,tend,1964,train
57385,tend,1964,train
57393,ten,1963,train
57395,ten,1963,train
57397,ten,1963,train
57410,tennis,1011,train
57412,tennis,1011,train
57415,tennis,1011,train
57417,tennis,1011,train
57436,tent,332,train
57437,tent,332,train
57441,tent,332,train
57442,tent,332,train
57447,tent,332,train
57483,terrible,1252,train
57487,terrible,1252,train
57489,terrible,1252,train
57492,terrible,1252,train
57527,test,174,train
57528,test,174,train
57529,test,174,train
57531,test,174,train
57535,test,174,train
57541,test,174,train
57543,testify,1965,train
57545,testify,1965,train
57546,testify,1965,train
57548,testify,1965,train
57552,testify,1965,train
57568,texas,1966,train
57570,texas,1966,train
57579,text,1967,train
57580,text,1967,train
57582,text,1967,train
57598,thailand,1568,train
57600,thailand,1568,train
57603,thailand,1568,train
57605,than,1968,train
57606,than,1968,train
57610,than,1968,train
57612,thankful,1253,train
57613,thankful,1253,train
57617,thankful,1253,train
57619,thankful,1253,train
57630,thanksgiving,29,train
57631,thanksgiving,29,train
57632,thanksgiving,29,train
57633,thanksgiving,29,train
57634,thanksgiving,29,train
57635,thanksgiving,29,train
57638,thanksgiving,29,train
57641,thanksgiving,29,train
57647,thanksgiving,29,train
57655,thank you,333,train
57659,thank you,333,train
57670,that,612,train
57677,that,612,train
57706,theater,1569,train
57707,theater,1569,train
57712,theater,1569,train
57725,their,1012,train
57729,their,1012,train
57730,their,1012,train
57745,theme,1571,train
57746,theme,1571,train
57750,theme,1571,train
57751,them,1570,train
57752,them,1570,train
57756,them,1570,train
57758,themselves,613,train
57759,themselves,613,train
57764,themselves,613,train
57765,themselves,613,train
57768,themselves,613,train
57772,then,1013,train
57774,then,1013,train
57777,then,1013,train
57782,theory,249,train
57783,theory,249,train
57784,theory,249,train
57785,theory,249,train
57788,theory,249,train
57789,theory,249,train
57791,theory,249,train
57802,therapy,614,train
57806,therapy,614,train
57807,therapy,614,train
57820,therefore,1969,train
57822,therefore,1969,train
57825,there,458,train
57826,there,458,train
57828,there,458,train
57832,there,458,train
57840,thermometer,1014,train
57843,thermometer,1014,train
57849,thermometer,1014,train
57874,they,1254,train
57883,they,1254,train
57892,thick,1572,train
57896,thick,1572,train
57901,thick,1572,train
57923,thing,1015,train
57928,thing,1015,train
57934,thin,14,train
57935,thin,14,train
57936,thin,14,train
57937,thin,14,train
57939,thin,14,train
57940,thin,14,train
57942,thin,14,train
57947,thin,14,train
57949,thin,14,train
57953,thin,14,train
57973,think,334,train
57974,think,334,train
57982,think,334,train
58006,third,1016,train
58009,third,1016,train
58013,third,1016,train
58014,third,1016,train
58024,thirsty,615,train
58025,thirsty,615,train
58026,thirsty,615,train
58031,thirsty,615,train
58072,this,1573,train
58077,this,1573,train
58132,thousand,1017,train
58136,thousand,1017,train
58137,thousand,1017,train
58139,thousand,1017,train
58182,three,1018,train
58183,three,1018,train
58185,three,1018,train
58186,three,1018,train
58188,three,1018,train
58243,thrill,1970,train
58244,thrill,1970,train
58245,thrill,1970,train
58247,thrill,1970,train
58253,throat,1574,train
58254,throat,1574,train
58258,throat,1574,train
58274,through,1255,train
58275,through,1255,train
58276,through,1255,train
58281,through,1255,train
58293,throw,335,train
58294,throw,335,train
58296,throw,335,train
58300,throw,335,train
58323,t,1959,train
58325,t,1959,train
58327,t,1959,train
58360,thursday,99,train
58361,thursday,99,train
58362,thursday,99,train
58363,thursday,99,train
58366,thursday,99,train
58388,ticket,616,train
58389,ticket,616,train
58397,ticket,616,train
58428,tie,1019,train
58430,tie,1019,train
58434,tie,1019,train
58439,tie,1019,train
58444,tiger,459,train
58445,tiger,459,train
58446,tiger,459,train
58448,tiger,459,train
58452,tiger,459,train
58498,time,73,train
58499,time,73,train
58503,time,73,train
58508,time,73,train
58575,tiptoe,1256,train
58580,tiptoe,1256,train
58582,tiptoe,1256,train
58589,tired,175,train
58591,tired,175,train
58592,tired,175,train
58593,tired,175,train
58594,tired,175,train
58600,tired,175,train
58611,tissue,1575,train
58612,tissue,1575,train
58613,tissue,1575,train
58616,tissue,1575,train
58620,title,1257,train
58621,title,1257,train
58626,title,1257,train
58651,toast,460,train
58652,toast,460,train
58653,toast,460,train
58655,toast,460,train
58657,toast,460,train
58664,tobacco,1971,train
58665,tobacco,1971,train
58667,tobacco,1971,train
58669,tobacco,1971,train
58677,today,336,train
58678,today,336,train
58682,today,336,train
58683,today,336,train
58687,today,336,train
58707,together,788,train
58709,together,788,train
58710,together,788,train
58714,together,788,train
58721,to,787,train
58723,to,787,train
58725,to,787,train
58727,to,787,train
58730,to,787,train
58732,toilet,461,train
58733,toilet,461,train
58742,toilet,461,train
58746,toilet paper,1972,train
58748,toilet paper,1972,train
58750,toilet paper,1972,train
58770,tolerate,1973,train
58772,tolerate,1973,train
58774,tolerate,1973,train
58784,tomato,250,train
58786,tomato,250,train
58787,tomato,250,train
58788,tomato,250,train
58805,tomorrow,462,train
58806,tomorrow,462,train
58807,tomorrow,462,train
58814,tomorrow,462,train
58822,tongue,1576,train
58824,tongue,1576,train
58829,tongue,1576,train
58835,tonight,1577,train
58836,tonight,1577,train
58840,tonight,1577,train
58897,toothbrush,1259,train
58899,toothbrush,1259,train
58902,toothbrush,1259,train
58908,tooth,1258,train
58909,tooth,1258,train
58910,tooth,1258,train
58913,tooth,1258,train
58915,tooth,1258,train
58935,top,617,train
58936,top,617,train
58937,top,617,train
58946,topic,1020,train
58948,topic,1020,train
58951,topic,1020,train
58953,topic,1020,train
58977,tornado,1578,train
58980,tornado,1578,train
58983,tornado,1578,train
59002,torture,1974,train
59003,torture,1974,train
59005,torture,1974,train
59032,total,1260,train
59033,total,1260,train
59034,total,1260,train
59037,total,1260,train
59039,total,1260,train
59051,touch,1021,train
59053,touch,1021,train
59055,touch,1021,train
59058,touch,1021,train
59072,tough,1261,train
59079,tough,1261,train
59080,tough,1261,train
59103,tournament,1022,train
59105,tournament,1022,train
59107,tournament,1022,train
59108,tournament,1022,train
59110,tournament,1022,train
59123,towel,1975,train
59124,towel,1975,train
59127,towel,1975,train
59129,towel,1975,train
59135,tower,1579,train
59139,tower,1579,train
59146,town,463,train
59147,town,463,train
59148,town,463,train
59149,town,463,train
59151,town,463,train
59153,town,463,train
59155,town,463,train
59204,trade,176,train
59205,trade,176,train
59207,trade,176,train
59208,trade,176,train
59209,trade,176,train
59211,trade,176,train
59214,trade,176,train
59215,trade,176,train
59216,trade,176,train
59219,trade,176,train
59229,tradition,1262,train
59233,tradition,1262,train
59248,traffic,337,train
59249,traffic,337,train
59252,traffic,337,train
59307,train,251,train
59308,train,251,train
59309,train,251,train
59310,train,251,train
59314,train,251,train
59316,train,251,train
59320,train,251,train
59350,tranquil,1580,train
59352,tranquil,1580,train
59354,tranquil,1580,train
59367,transfer,464,train
59369,transfer,464,train
59373,transfer,464,train
59378,transfer,464,train
59384,transform,1581,train
59386,transform,1581,train
59389,transform,1581,train
59406,translate,789,train
59407,translate,789,train
59409,translate,789,train
59411,translate,789,train
59495,travel,177,train
59496,travel,177,train
59497,travel,177,train
59499,travel,177,train
59500,travel,177,train
59503,travel,177,train
59546,tree,465,train
59547,tree,465,train
59548,tree,465,train
59555,tree,465,train
59597,triangle,790,train
59598,triangle,790,train
59602,triangle,790,train
59603,triangle,790,train
59609,triangle,790,train
59666,trip,1976,train
59669,trip,1976,train
59670,trip,1976,train
59723,trophy,1263,train
59724,trophy,1263,train
59727,trophy,1263,train
59729,trophy,1263,train
59735,trouble,1264,train
59741,trouble,1264,train
59764,truck,466,train
59765,truck,466,train
59774,truck,466,train
59791,true,1265,train
59792,true,1265,train
59795,true,1265,train
59797,true,1265,train
59829,trust,1266,train
59830,trust,1266,train
59831,trust,1266,train
59834,trust,1266,train
59836,trust,1266,train
59842,truth,1977,train
59843,truth,1977,train
59846,truth,1977,train
59849,try,1023,train
59854,try,1023,train
59903,tuesday,618,train
59909,tuesday,618,train
59913,tuesday,618,train
59952,turkey,619,train
59953,turkey,619,train
59954,turkey,619,train
59956,turkey,619,train
59959,turkey,619,train
59991,turn,1978,train
59992,turn,1978,train
59996,turn,1978,train
60045,turtle,791,train
60048,turtle,791,train
60052,turtle,791,train
60058,tutor,1582,train
60059,tutor,1582,train
60062,tutor,1582,train
60064,tutor,1582,train
60075,tv,1979,train
60155,twin,1583,train
60156,twin,1583,train
60161,twin,1583,train
60220,two,1024,train
60224,two,1024,train
60225,two,1024,train
60227,two,1024,train
60304,type,1025,train
60309,type,1025,train
60312,type,1025,train
60346,ugly,252,train
60347,ugly,252,train
60349,ugly,252,train
60350,ugly,252,train
60354,ugly,252,train
60357,ugly,252,train
60358,u,1980,train
60360,u,1980,train
60362,u,1980,train
60380,umbrella,1026,train
60383,umbrella,1026,train
60385,umbrella,1026,train
60457,uncle,467,train
60458,uncle,467,train
60459,uncle,467,train
60460,uncle,467,train
60462,uncle,467,train
60465,uncle,467,train
60520,under,1267,train
60521,under,1267,train
60527,under,1267,train
60545,understand,338,train
60546,understand,338,train
60556,understand,338,train
60571,underwear,792,train
60572,underwear,792,train
60575,underwear,792,train
60576,underwear,792,train
60579,underwear,792,train
60583,underwear,792,train
60703,unique,1981,train
60704,unique,1981,train
60705,unique,1981,train
60708,unique,1981,train
60709,unique,1981,train
60722,united states,1584,train
60723,united states,1584,train
60728,united states,1584,train
60760,university,620,train
60761,university,620,train
60762,university,620,train
60768,university,620,train
60851,until,621,train
60852,until,621,train
60853,until,621,train
60860,until,621,train
60907,up,793,train
60910,up,793,train
60912,up,793,train
60915,up,793,train
60948,upset,794,train
60950,upset,794,train
60951,upset,794,train
60952,upset,794,train
60956,upset,794,train
60968,upstairs,1982,train
60970,upstairs,1982,train
61056,use,339,train
61057,use,339,train
61058,use,339,train
61136,vacant,1984,train
61138,vacant,1984,train
61140,vacant,1984,train
61142,vacation,468,train
61143,vacation,468,train
61144,vacation,468,train
61146,vacation,468,train
61150,vacation,468,train
61189,vague,1985,train
61191,vague,1985,train
61193,vague,1985,train
61222,valley,1986,train
61224,valley,1986,train
61226,valley,1986,train
61233,value,1585,train
61236,value,1585,train
61247,vampire,1987,train
61249,vampire,1987,train
61251,vampire,1987,train
61368,vegetable,1027,train
61371,vegetable,1027,train
61442,verb,1268,train
61443,verb,1268,train
61449,verb,1268,train
61509,very,1988,train
61510,very,1988,train
61512,very,1988,train
61515,very,1988,train
61561,v,1983,train
61563,v,1983,train
61565,v,1983,train
61590,vice president,1989,train
61592,vice president,1989,train
61595,vice president,1989,train
61699,viewpoint,1990,train
61700,viewpoint,1990,train
61701,viewpoint,1990,train
61702,viewpoint,1990,train
61738,violin,795,train
61740,violin,795,train
61742,violin,795,train
61743,violin,795,train
61745,violin,795,train
61805,visit,100,train
61806,visit,100,train
61807,visit,100,train
61808,visit,100,train
61809,visit,100,train
61812,visit,100,train
61826,visitor,1586,train
61827,visitor,1586,train
61831,visitor,1586,train
61846,visualize,1991,train
61848,visualize,1991,train
61850,visualize,1991,train
61851,visualize,1991,train
61870,vlog,1992,train
61874,vlog,1992,train
61879,vocabulary,1028,train
61882,vocabulary,1028,train
61886,vocabulary,1028,train
61889,vocabulary,1028,train
61917,voice,340,train
61918,voice,340,train
61920,voice,340,train
61924,voice,340,train
61947,volleyball,1993,train
61948,volleyball,1993,train
61950,volleyball,1993,train
61952,volleyball,1993,train
61967,volunteer,796,train
61969,volunteer,796,train
61971,volunteer,796,train
61979,vomit,341,train
61980,vomit,341,train
61982,vomit,341,train
61983,vomit,341,train
61986,vomit,341,train
61987,vomit,341,train
61995,vote,342,train
61996,vote,342,train
61997,vote,342,train
62000,vote,342,train
62003,vote,342,train
62087,waiter,1587,train
62088,waiter,1587,train
62092,waiter,1587,train
62097,wait,101,train
62098,wait,101,train
62100,wait,101,train
62101,wait,101,train
62103,wait,101,train
62106,wait,101,train
62107,wait,101,train
62143,wake up,1588,train
62146,wake up,1588,train
62150,wake up,1588,train
62159,walk,15,train
62163,walk,15,train
62164,walk,15,train
62168,walk,15,train
62169,walk,15,train
62170,walk,15,train
62175,walk,15,train
62190,wallet,1589,train
62191,wallet,1589,train
62192,wallet,1589,train
62195,wallet,1589,train
62196,wall,1269,train
62197,wall,1269,train
62203,wall,1269,train
62230,wander,1590,train
62231,wander,1590,train
62236,wander,1590,train
62245,want,74,train
62246,want,74,train
62248,want,74,train
62250,want,74,train
62251,want,74,train
62259,want,74,train
62273,war,253,train
62275,war,253,train
62276,war,253,train
62279,war,253,train
62289,warm,797,train
62290,warm,797,train
62294,warm,797,train
62297,warm,797,train
62302,warn,798,train
62305,warn,798,train
62309,warn,798,train
62349,wash face,1591,train
62358,wash,799,train
62365,wash,799,train
62367,wash,799,train
62372,wash,799,train
62393,washington,1995,train
62394,washington,1995,train
62395,washington,1995,train
62396,washington,1995,train
62398,washington,1995,train
62423,waste,1029,train
62430,waste,1029,train
62439,watch,622,train
62443,watch,622,train
62444,watch,622,train
62445,watch,622,train
62452,watch,622,train
62453,watch,622,train
62489,waterfall,1996,train
62490,waterfall,1996,train
62492,waterfall,1996,train
62493,waterfall,1996,train
62499,water,102,train
62500,water,102,train
62502,water,102,train
62503,water,102,train
62506,water,102,train
62510,water,102,train
62516,watermelon,1270,train
62517,watermelon,1270,train
62519,watermelon,1270,train
62524,watermelon,1270,train
62570,way,1271,train
62577,way,1271,train
62585,weak,623,train
62586,weak,623,train
62587,weak,623,train
62588,weak,623,train
62593,weak,623,train
62618,wear,1031,train
62619,wear,1031,train
62639,weather,469,train
62641,weather,469,train
62643,weather,469,train
62645,weather,469,train
62646,weather,469,train
62650,weather,469,train
62689,wedding,624,train
62690,wedding,624,train
62691,wedding,624,train
62697,wedding,624,train
62710,wednesday,343,train
62712,wednesday,343,train
62713,wednesday,343,train
62717,wednesday,343,train
62730,weekend,470,train
62731,weekend,470,train
62732,weekend,470,train
62734,weekend,470,train
62738,weekend,470,train
62740,week,134,train
62741,week,134,train
62742,week,134,train
62743,week,134,train
62748,week,134,train
62752,week,134,train
62754,weekly,1032,train
62756,weekly,1032,train
62761,weekly,1032,train
62775,we,1030,train
62778,we,1030,train
62780,we,1030,train
62782,weigh,1997,train
62783,weigh,1997,train
62785,weigh,1997,train
62792,weight,1592,train
62793,weight,1592,train
62796,weight,1592,train
62797,weight,1592,train
62818,weird,1272,train
62819,weird,1272,train
62824,weird,1272,train
62833,welcome,1033,train
62837,welcome,1033,train
62906,west,344,train
62907,west,344,train
62912,west,344,train
62915,west,344,train
62922,wet,345,train
62927,wet,345,train
62930,wet,345,train
62933,whale,1593,train
62934,whale,1593,train
62936,whale,1593,train
62952,whatever,1594,train
62953,whatever,1594,train
62955,whatever,1594,train
62964,what,30,train
62966,what,30,train
62968,what,30,train
62970,what,30,train
62979,what,30,train
63046,wheelchair,1998,train
63047,wheelchair,1998,train
63050,wheelchair,1998,train
63066,when,346,train
63069,when,346,train
63070,when,346,train
63072,when,346,train
63081,where,254,train
63083,where,254,train
63084,where,254,train
63104,which,347,train
63105,which,347,train
63113,which,347,train
63119,while,1273,train
63120,while,1273,train
63124,while,1273,train
63126,while,1273,train
63186,whistle,1999,train
63188,whistle,1999,train
63190,whistle,1999,train
63200,white,49,train
63202,white,49,train
63203,white,49,train
63204,white,49,train
63205,white,49,train
63207,white,49,train
63208,white,49,train
63214,white,49,train
63225,who,7,train
63227,who,7,train
63228,who,7,train
63231,who,7,train
63232,who,7,train
63236,who,7,train
63242,who,7,train
63274,w,1994,train
63276,w,1994,train
63278,w,1994,train
63280,why,135,train
63281,why,135,train
63282,why,135,train
63283,why,135,train
63284,why,135,train
63287,why,135,train
63288,why,135,train
63292,why,135,train
63310,wide,1274,train
63311,wide,1274,train
63314,wide,1274,train
63316,wide,1274,train
63327,wife,103,train
63328,wife,103,train
63329,wife,103,train
63332,wife,103,train
63337,wife,103,train
63360,will,625,train
63364,will,625,train
63377,willing,1275,train
63378,willing,1275,train
63381,willing,1275,train
63383,willing,1275,train
63402,wind,626,train
63403,wind,626,train
63404,wind,626,train
63405,wind,626,train
63410,wind,626,train
63417,window,178,train
63418,window,178,train
63422,window,178,train
63427,window,178,train
63449,wine,800,train
63452,wine,800,train
63468,win,348,train
63469,win,348,train
63473,win,348,train
63478,win,348,train
63496,winter,1034,train
63499,winter,1034,train
63502,winter,1034,train
63504,winter,1034,train
63556,wish,1276,train
63563,wish,1276,train
63587,with,136,train
63588,with,136,train
63589,with,136,train
63590,with,136,train
63592,with,136,train
63596,with,136,train
63599,within,1595,train
63600,within,1595,train
63603,within,1595,train
63604,within,1595,train
63608,without,1035,train
63610,without,1035,train
63615,without,1035,train
63622,witness,801,train
63623,witness,801,train
63629,witness,801,train
63630,witness,801,train
63640,witness,801,train
63653,wolf,1036,train
63654,wolf,1036,train
63656,wolf,1036,train
63657,wolf,1036,train
63659,wolf,1036,train
63665,woman,31,train
63666,woman,31,train
63667,woman,31,train
63668,woman,31,train
63672,woman,31,train
63673,woman,31,train
63679,woman,31,train
63689,wonderful,1277,train
63694,wonderful,1277,train
63695,wonder,1596,train
63697,wonder,1596,train
63724,wood,802,train
63726,wood,802,train
63729,wood,802,train
63752,word,349,train
63756,word,349,train
63763,word,349,train
63780,worker,1597,train
63781,worker,1597,train
63785,worker,1597,train
63790,work,75,train
63791,work,75,train
63792,work,75,train
63793,work,75,train
63799,work,75,train
63806,work,75,train
63821,workshop,1278,train
63822,workshop,1278,train
63827,workshop,1278,train
63836,world,627,train
63837,world,627,train
63851,worm,1037,train
63853,worm,1037,train
63856,worm,1037,train
63885,worse,1279,train
63886,worse,1279,train
63889,worse,1279,train
63891,worse,1279,train
63917,worthless,1598,train
63918,worthless,1598,train
63922,worthless,1598,train
63948,wow,629,train
63949,wow,629,train
63951,wow,629,train
63953,wow,629,train
63955,wow,629,train
63964,wow,629,train
63971,wrap,1599,train
63974,wrap,1599,train
63978,wrap,1599,train
64001,wrench,1280,train
64003,wrench,1280,train
64043,wristwatch,1038,train
64046,wristwatch,1038,train
64048,wristwatch,1038,train
64056,write,137,train
64057,write,137,train
64058,write,137,train
64059,write,137,train
64060,write,137,train
64065,write,137,train
64068,write,137,train
64084,wrong,50,train
64085,wrong,50,train
64086,wrong,50,train
64087,wrong,50,train
64088,wrong,50,train
64090,wrong,50,train
64091,wrong,50,train
64212,year,16,train
64213,year,16,train
64218,year,16,train
64219,year,16,train
64224,year,16,train
64261,yellow,104,train
64262,yellow,104,train
64264,yellow,104,train
64271,yellow,104,train
64280,yes,17,train
64281,yes,17,train
64283,yes,17,train
64284,yes,17,train
64288,yes,17,train
64291,yes,17,train
64292,yes,17,train
64300,yes,17,train
64305,yesterday,138,train
64306,yesterday,138,train
64307,yesterday,138,train
64309,yesterday,138,train
64311,yesterday,138,train
64315,yesterday,138,train
64381,you,179,train
64382,you,179,train
64383,you,179,train
64385,you,179,train
64391,you,179,train
64411,young,630,train
64413,young,630,train
64414,young,630,train
64427,your,255,train
64429,your,255,train
64430,your,255,train
64433,your,255,train
64446,yourself,1039,train
64447,yourself,1039,train
64451,yourself,1039,train
64544,zero,803,train
64547,zero,803,train
65002,about,180,train
65003,about,180,train
65004,above,1040,train
65007,accept,471,train
65009,accident,51,train
65010,accomplish,1041,train
65016,activity,1288,train
65017,actor,805,train
65018,add,631,train
65022,adopt,1042,train
65025,advantage,1043,train
65029,africa,76,train
65031,afternoon,350,train
65034,age,351,train
65040,alarm,807,train
65043,all,18,train
65050,allergy,808,train
65053,allow,475,train
65054,allow,475,train
65056,almost,809,train
65057,alone,352,train
65058,alphabet,1044,train
65059,also,634,train
65061,always,256,train
65066,analyze,635,train
65072,angry,637,train
65073,animal,257,train
65074,announce,810,train
65083,appear,638,train
65084,apple,52,train
65085,apple,52,train
65087,appointment,353,train
65092,argue,258,train
65095,army,640,train
65096,arrive,182,train
65097,art,481,train
65101,ask,643,train
65107,attention,812,train
65108,attitude,644,train
65111,australia,354,train
65113,autumn,815,train
65114,avoid,355,train
65117,away,816,train
65119,baby,259,train
65120,back,260,train
65122,background,1050,train
65125,bad,140,train
65127,bake,261,train
65128,bake,261,train
65129,balance,183,train
65130,bald,646,train
65131,ball,141,train
65132,balloon,356,train
65133,balloon,356,train
65134,banana,184,train
65135,banana,184,train
65139,bark,487,train
65140,baseball,648,train
65142,basement,357,train
65144,basketball,77,train
65145,basketball,77,train
65147,bath,262,train
65148,bathroom,142,train
65155,bear,358,train
65156,beard,185,train
65158,because,186,train
65159,because,186,train
65160,become,818,train
65161,bed,32,train
65162,bed,32,train
65164,bedroom,488,train
65165,bee,1051,train
65167,before,3,train
65168,beg,649,train
65169,behind,263,train
65170,believe,359,train
65171,believe,359,train
65175,benefit,650,train
65179,better,360,train
65181,bicycle,822,train
65182,big,491,train
65183,big,491,train
65186,biology,823,train
65187,bird,53,train
65189,birth,1054,train
65192,birthday,78,train
65200,black,19,train
65202,blame,652,train
65205,blanket,143,train
65206,bless,1055,train
65209,blind,361,train
65212,blood,1056,train
65216,blue,33,train
65222,body,654,train
65226,boots,1057,train
65230,borrow,655,train
65233,both,493,train
65234,bother,657,train
65235,bottle,658,train
65240,bowl,363,train
65241,bowling,34,train
65242,bowling,34,train
65244,box,364,train
65245,boy,187,train
65247,bracelet,365,train
65249,brag,660,train
65251,brave,1058,train
65253,breakdown,1644,train
65256,breathe,1059,train
65259,bridge,826,train
65260,bring,264,train
65262,brother,107,train
65263,brown,79,train
65264,brush,827,train
65268,build,661,train
65269,building,828,train
65275,business,188,train
65277,busy,829,train
65278,but,80,train
65279,butter,663,train
65280,butterfly,1062,train
65284,cafeteria,367,train
65286,cake,494,train
65290,call,145,train
65297,candle,666,train
65298,candy,8,train
65299,candy,8,train
65303,caption,832,train
65304,card,1063,train
65306,careful,189,train
65307,careful,189,train
65308,carrot,497,train
65309,carry,834,train
65312,cat,108,train
65313,cat,108,train
65316,catholic,1065,train
65321,celebrate,835,train
65323,cent,1066,train
65324,center,190,train
65325,cereal,266,train
65326,certificate,836,train
65327,chain,837,train
65328,chair,4,train
65330,champion,267,train
65334,character,839,train
65337,chase,840,train
65343,check,109,train
65345,cheese,268,train
65347,cherry,1068,train
65349,chicken,369,train
65351,child,370,train
65352,children,192,train
65355,chop,1070,train
65356,christian,1071,train
65357,christmas,193,train
65359,cigarette,1072,train
65360,circle,1342,train
65362,city,82,train
65363,city,82,train
65364,class,110,train
65366,clear,842,train
65372,clown,1074,train
65373,cochlear implant,1077,train
65374,coconut,1078,train
65381,comfortable,670,train
65388,complex,505,train
65389,complex,505,train
65392,concept,1347,train
65403,cool,20,train
65405,copy,149,train
65408,corn,56,train
65409,corn,56,train
65411,cough,269,train
65413,count,1082,train
65414,country,197,train
65416,cover,672,train
65421,crazy,270,train
65422,crazy,270,train
65428,culture,1083,train
65429,curious,853,train
65431,curriculum,854,train
65433,daily,1084,train
65434,dance,58,train
65439,dark,59,train
65440,dark,59,train
65444,day,199,train
65445,deaf,10,train
65449,decide,84,train
65450,decide,84,train
65453,deep,377,train
65454,degree,1086,train
65457,delicious,272,train
65460,dentist,379,train
65462,deodorant,673,train
65464,department,1088,train
65466,depressed,1367,train
65471,destroy,675,train
65473,develop,516,train
65476,diamond,676,train
65477,diaper,858,train
65479,die,1089,train
65480,different,112,train
65483,dinosaur,1092,train
65484,director,1094,train
65485,dirty,380,train
65488,disconnect,1095,train
65489,disconnect,1095,train
65491,discuss,200,train
65494,dissolve,861,train
65495,dive,381,train
65499,divide,862,train
65503,doctor,60,train
65504,doctor,60,train
65507,dog,36,train
65510,doll,518,train
65518,don't want,1097,train
65520,door,113,train
65523,double,864,train
65524,doubt,865,train
65526,down,382,train
65531,draw,275,train
65532,drawer,678,train
65533,dream,679,train
65539,drink,1,train
65540,drink,1,train
65547,drum,1098,train
65548,drunk,680,train
65549,dry,383,train
65554,duty,519,train
65556,call,145,train
65575,perfect,940,train
65588,eagle,683,train
65590,ear,384,train
65591,ear,384,train
65594,earn,385,train
65595,earring,386,train
65596,earthquake,868,train
65597,east,276,train
65599,easter,520,train
65600,easy,277,train
65601,eat,61,train
65607,egg,278,train
65609,egypt,521,train
65617,either,1727,train
65618,electrician,1101,train
65620,elephant,387,train
65621,elevator,522,train
65626,embarrass,870,train
65627,empty,1102,train
65628,encourage,872,train
65630,energy,873,train
65634,english,388,train
65635,enjoy,62,train
65637,enough,874,train
65638,environment,279,train
65639,environment,279,train
65640,equal,685,train
65644,escape,389,train
65647,event,527,train
65650,exact,877,train
65652,example,152,train
65654,example,152,train
65655,excited,687,train
65656,excuse,1105,train
65660,experiment,689,train
65665,eye,1393,train
65668,face,530,train
65669,face,530,train
65671,faculty,1107,train
65674,fake,1395,train
65677,family,37,train
65678,famous,1109,train
65690,fast,392,train
65694,favorite,881,train
65696,feel,205,train
65699,fence,1111,train
65711,fight,393,train
65721,finish,21,train
65728,first,154,train
65730,first,154,train
65731,fish,38,train
65732,fishing,395,train
65744,flirt,1114,train
65746,flower,282,train
65751,follow,398,train
65752,follow,398,train
65764,former,1754,train
65768,four,1117,train
65775,fox,883,train
65777,france,696,train
65778,free,1405,train
65780,french fries,1406,train
65781,friday,539,train
65783,friendly,283,train
65784,frog,697,train
65785,from,399,train
65789,fruit,885,train
65793,fun,1118,train
65796,function,886,train
65797,future,207,train
65798,future,207,train
65799,gallaudet,1121,train
65800,game,208,train
65808,get,400,train
65815,ghost,1123,train
65817,girl,209,train
65820,give up,1124,train
65821,glass,1125,train
65822,glasses,284,train
65824,go,5,train
65829,goal,700,train
65830,goat,890,train
65833,golf,701,train
65834,gone,702,train
65838,gorilla,1126,train
65840,government,210,train
65849,grapes,705,train
65850,grass,1416,train
65852,gray,1127,train
65853,greece,546,train
65854,green,114,train
65859,group,706,train
65860,group,706,train
65863,grow up,1417,train
65864,guess,547,train
65868,gum,893,train
65870,hair,115,train
65873,halloween,285,train
65874,halloween,285,train
65875,hammer,549,train
65881,headache,117,train
65885,hearing aid,1131,train
65887,heaven,1132,train
65889,help,12,train
65890,help,12,train
65892,here,212,train
65893,high,551,train
65894,history,552,train
65895,hockey,1137,train
65898,honey,1423,train
65899,honey,1423,train
65909,hug,1140,train
65912,hunt,1141,train
65913,husband,215,train
65918,idea,405,train
65926,important,406,train
65929,improve,291,train
65932,independent,716,train
65939,influence,1143,train
65940,inform,118,train
65942,inside,717,train
65954,interpreter,1145,train
65959,invest,556,train
65961,invite,907,train
65966,island,719,train
65969,italy,1147,train
65979,jewish,1148,train
65983,jump,293,train
65989,key,1150,train
65992,kill,294,train
65994,king,410,train
65996,kiss,42,train
65997,kitchen,411,train
66000,knife,119,train
66001,knock,1443,train
66006,label,1151,train
66007,language,43,train
66008,language,43,train
66009,laptop,1444,train
66010,last,65,train
66012,last year,413,train
66013,late,160,train
66014,later,44,train
66016,laugh,120,train
66017,law,295,train
66020,lead,914,train
66021,leaf,1152,train
66024,learn,121,train
66030,lemon,414,train
66031,lemon,414,train
66032,lemon,414,train
66033,lemon,414,train
66034,lend,1154,train
66035,lesbian,915,train
66038,letter,88,train
66046,h,1768,train
66065,lettuce,415,train
66067,lie,559,train
66072,limit,722,train
66073,linguistics,1156,train
66078,live,219,train
66079,live,219,train
66081,lonely,1157,train
66088,lousy,919,train
66090,lucky,562,train
66091,machine,921,train
66092,magic,1159,train
66098,man,45,train
66099,man,45,train
66104,marry,416,train
66106,match,296,train
66107,math,726,train
66108,measure,564,train
66109,meat,297,train
66110,mechanic,728,train
66114,memorize,923,train
66115,mention,1818,train
66116,mention,1818,train
66119,mexico,1165,train
66121,microwave,565,train
66122,middle,1166,train
66123,mind,1167,train
66127,minute,418,train
66129,mirror,419,train
66138,money,299,train
66140,monkey,421,train
66141,month,300,train
66142,moon,301,train
66145,most,223,train
66146,mother,25,train
66147,mother,25,train
66149,mouth,927,train
66151,move,302,train
66154,much,731,train
66156,music,224,train
66159,napkin,929,train
66161,neck,930,train
66164,negative,736,train
66166,never,425,train
66171,niece,306,train
66183,no,13,train
66186,none,226,train
66192,nothing,1172,train
66228,one,569,train
66240,opinion,742,train
66245,oral,1848,train
66246,orange,27,train
66253,overlook,1180,train
66255,overwhelm,934,train
66265,party,230,train
66270,patient,313,train
66271,pay,314,train
66279,period,941,train
66280,person,166,train
66281,perspective,315,train
66284,philadelphia,1481,train
66285,philadelphia,1481,train
66291,pick,1185,train
66296,pink,67,train
66297,pizza,68,train
66298,plan,233,train
66299,plate,1187,train
66303,plus,433,train
66307,policy,945,train
66312,popular,946,train
66313,positive,1190,train
66316,possible,436,train
66318,potato,316,train
66320,practice,235,train
66321,precious,1872,train
66324,prepare,746,train
66326,president,236,train
66332,print,950,train
66334,prison,578,train
66337,program,749,train
66338,project,954,train
66339,promise,750,train
66341,proof,1193,train
66343,protect,955,train
66346,provide,957,train
66351,pull,93,train
66352,pumpkin,1194,train
66354,punish,959,train
66355,purple,94,train
66359,puzzled,960,train
66362,queen,752,train
66363,quick,962,train
66365,quiet,437,train
66368,raccoon,580,train
66369,rain,438,train
66370,rake,964,train
66381,refuse,1199,train
66384,relationship,1200,train
66390,remove,966,train
66392,replace,1202,train
66393,research,440,train
66396,respect,584,train
66397,responsibility,1206,train
66398,restaurant,237,train
66399,result,1207,train
66400,retire,759,train
66403,revenge,967,train
66405,ride,238,train
66410,river,761,train
66411,rock,1211,train
66415,room,126,train
66416,room,126,train
66418,rough,762,train
66419,rule,585,train
66422,salt,240,train
66423,sandwich,241,train
66424,sandwich,241,train
66427,satisfy,1216,train
66428,saturday,318,train
66429,say,973,train
66432,scared,441,train
66433,scissors,320,train
66434,score,443,train
66439,second,977,train
66440,secret,321,train
66441,secretary,71,train
66442,seem,764,train
66444,senate,978,train
66447,sensitive,1219,train
66448,serious,589,train
66449,serve,1220,train
66453,seven,1221,train
66458,several,1527,train
66468,shop,323,train
66469,short,72,train
66474,shy,982,train
66475,sick,129,train
66477,side,983,train
66481,silly,324,train
66482,since,243,train
66483,since,243,train
66484,single,591,train
66488,sister,325,train
66489,situation,984,train
66490,six,1229,train
66502,skill,1232,train
66505,slice,1539,train
66507,slip,1234,train
66508,slow,447,train
66510,smell,1235,train
66511,smile,593,train
66512,smile,593,train
66515,snake,448,train
66518,snow,130,train
66519,snow,130,train
66522,soap,449,train
66523,soccer,986,train
66526,society,1543,train
66527,socks,987,train
66528,solid,988,train
66531,son,97,train
66532,son,97,train
66534,soon,171,train
66536,sorry,327,train
66542,special,776,train
66546,spider,990,train
66552,stairs,993,train
66553,stand,779,train
66555,still,1557,train
66557,stink,453,train
66558,stink,453,train
66562,story,601,train
66563,straight,328,train
66567,strawberry,1241,train
66568,strawberry,1241,train
66572,strong,606,train
66573,struggle,454,train
66574,stubborn,455,train
66575,study,47,train
66577,subtract,1242,train
66580,sunrise,784,train
66583,surprise,1004,train
66584,sweater,1005,train
66585,sweet,329,train
66592,tall,48,train
66593,teacher,133,train
66596,text,1967,train
66598,thank you,333,train
66599,that,612,train
66602,then,1013,train
66603,theory,249,train
66604,theory,249,train
66605,therapy,614,train
66606,thin,14,train
66609,think,334,train
66628,this,1573,train
66629,thousand,1017,train
66630,three,1018,train
66636,throw,335,train
66637,thursday,99,train
66638,thursday,99,train
66639,thursday,99,train
66640,thursday,99,train
66642,tie,1019,train
66643,tiger,459,train
66644,time,73,train
66650,title,1257,train
66653,together,788,train
66654,tomato,250,train
66655,tomorrow,462,train
66657,toothbrush,1259,train
66658,top,617,train
66659,topic,1020,train
66663,tradition,1262,train
66664,traffic,337,train
66665,train,251,train
66667,transfer,464,train
66669,translate,789,train
66672,travel,177,train
66673,tree,465,train
66677,truck,466,train
66678,truck,466,train
66680,try,1023,train
66683,turkey,619,train
66699,umbrella,1026,train
66704,understand,338,train
66712,upset,794,train
66715,vacation,468,train
66720,vegetable,1027,train
66729,violin,795,train
66731,visit,100,train
66735,vocabulary,1028,train
66736,voice,340,train
66739,volunteer,796,train
66740,wait,101,train
66742,walk,15,train
66743,walk,15,train
66744,wall,1269,train
66746,war,253,train
66747,warn,798,train
66750,waste,1029,train
66752,water,102,train
66755,we,1030,train
66756,wear,1031,train
66758,wednesday,343,train
66759,week,134,train
66760,weekend,470,train
66761,weekend,470,train
66762,weird,1272,train
66764,welcome,1033,train
66765,west,344,train
66766,wet,345,train
66767,wet,345,train
66769,what,30,train
66773,when,346,train
66774,where,254,train
66775,which,347,train
66776,while,1273,train
66778,who,7,train
66779,who,7,train
66781,why,135,train
66783,wide,1274,train
66784,wife,103,train
66785,wife,103,train
66788,willing,1275,train
66789,win,348,train
66795,with,136,train
66796,without,1035,train
66797,wolf,1036,train
66798,woman,31,train
66799,woman,31,train
66800,wonder,1596,train
66801,wonderful,1277,train
66802,wood,802,train
66803,word,349,train
66804,work,75,train
66806,workshop,1278,train
66807,world,627,train
66808,worm,1037,train
66810,worry,628,train
66811,worse,1279,train
66814,wristwatch,1038,train
66815,write,137,train
66816,year,16,train
66818,year,16,train
66819,yellow,104,train
66820,yes,17,train
66821,yesterday,138,train
66822,yesterday,138,train
66825,zero,803,train
69206,all,18,train
69207,also,634,train
69211,animal,257,train
69212,any,479,train
69215,arm,639,train
69216,away,816,train
69217,baby,259,train
69218,back,260,train
69230,bet,821,train
69231,big,491,train
69239,boat,653,train
69240,body,654,train
69241,book,0,train
69242,both,493,train
69243,bottle,658,train
69244,box,364,train
69245,boy,187,train
69250,bring,264,train
69259,carrot,497,train
69260,carry,834,train
69262,catch,265,train
69271,coat,1076,train
69276,common,1079,train
69280,cookie,373,train
69281,cool,20,train
69282,corn,56,train
69283,cow,57,train
69289,dad,855,train
69290,dark,59,train
69291,day,199,train
69292,deer,378,train
69294,describe,857,train
69296,dirty,380,train
69298,dog,36,train
69299,doll,518,train
69301,down,382,train
69303,drum,1098,train
69304,dry,383,train
69305,duck,681,train
69306,ear,384,train
69309,eight,869,train
69311,every,686,train
69315,fact,691,train
69317,farm,1110,train
69318,father,280,train
69319,feel,205,train
69325,fish,38,train
69327,fix,1112,train
69330,food,535,train
69331,football,206,train
69333,four,1117,train
69337,from,399,train
69338,fun,1118,train
69341,get,400,train
69342,girl,209,train
69343,give,64,train
69344,glass,1125,train
69347,good,156,train
69352,great,545,train
69354,grow,892,train
69358,hard,286,train
69362,head,710,train
69365,here,212,train
69369,house,214,train
69375,if,901,train
69376,important,406,train
69377,in,715,train
69380,jump,293,train
69382,land,912,train
69384,leaf,1152,train
69386,less,1155,train
69390,line,916,train
69401,more,222,train
69404,my,566,train
69406,negative,736,train
69407,new,225,train
69412,none,226,train
69416,ocean,932,train
69418,off,311,train
69420,on,1176,train
69421,one,569,train
69426,people,429,train
69429,pig,572,train
69430,pink,67,train
69432,place,944,train
69434,please,234,train
69437,pretty,747,train
69438,print,950,train
69441,put,751,train
69442,question,961,train
69445,really,581,train
69450,sad,317,train
69451,salt,240,train
69454,say,973,train
69460,see,763,train
69461,sell,588,train
69463,seven,1221,train
69465,shape,445,train
69466,she,1223,train
69467,shelf,1224,train
69472,since,243,train
69474,six,1229,train
69477,sky,774,train
69479,sleep,326,train
69482,soda,450,train
69483,soft,594,train
69484,some,245,train
69485,soup,596,train
69486,special,776,train
69489,store,996,train
69491,strange,602,train
69492,strawberry,1241,train
69493,strong,606,train
69495,summer,608,train
69497,suppose,1002,train
69499,sweet,329,train
69500,take,131,train
69501,tent,332,train
69502,thank you,333,train
69504,thing,1015,train
69505,think,334,train
69506,thirsty,615,train
69508,three,1018,train
69510,tiger,459,train
69512,today,336,train
69521,two,1024,train
69522,up,793,train
69527,we,1030,train
69529,wet,345,train
69532,when,346,train
69534,who,7,train
69536,will,625,train
69538,wish,1276,train
69541,worm,1037,train
