video_id,gloss,label,split
00414,about,180,train
00415,about,180,train
00416,about,180,train
00426,about,180,train
00593,accept,471,train
00594,accept,471,train
00597,accept,471,train
00599,accept,471,train
00603,accept,471,train
00623,accident,51,train
00624,accident,51,train
00628,accident,51,train
00629,accident,51,train
00631,accident,51,train
00632,accident,51,train
00633,accident,51,train
00639,accident,51,train
00835,across,804,train
00836,across,804,train
00839,across,804,train
00842,across,804,train
00899,actor,805,train
00901,actor,805,train
00904,actor,805,train
00962,add,631,train
00963,add,631,train
00964,add,631,train
00965,add,631,train
00967,add,631,train
01206,adult,472,train
01207,adult,472,train
01208,adult,472,train
01209,adult,472,train
01214,adult,472,train
01217,adult,472,train
01383,africa,76,train
01384,africa,76,train
01385,africa,76,train
01387,africa,76,train
01388,africa,76,train
01418,after,473,train
01419,after,473,train
01428,after,473,train
01433,afternoon,350,train
01434,afternoon,350,train
01435,afternoon,350,train
01442,afternoon,350,train
01460,again,139,train
01461,again,139,train
01463,again,139,train
01464,again,139,train
01466,again,139,train
01471,again,139,train
01485,age,351,train
01486,age,351,train
01495,age,351,train
01552,ago,474,train
01556,ago,474,train
01557,ago,474,train
01558,ago,474,train
01561,ago,474,train
01564,ago,474,train
01575,agree,806,train
01577,agree,806,train
01579,agree,806,train
01582,agree,806,train
01724,airplane,632,train
01726,airplane,632,train
01727,airplane,632,train
01730,airplane,632,train
01734,airplane,632,train
01804,alarm,807,train
01808,alarm,807,train
01955,allergy,808,train
01956,allergy,808,train
01957,allergy,808,train
01960,allergy,808,train
01962,allergy,808,train
01987,all,18,train
01988,all,18,train
01991,all,18,train
01992,all,18,train
02003,all,18,train
02045,allow,475,train
02046,allow,475,train
02052,allow,475,train
02091,almost,809,train
02093,almost,809,train
02095,almost,809,train
02103,alone,352,train
02104,alone,352,train
02106,alone,352,train
02109,alone,352,train
02110,alone,352,train
02112,alone,352,train
02160,already,633,train
02162,already,633,train
02163,already,633,train
02165,already,633,train
02168,already,633,train
02177,also,634,train
02178,also,634,train
02228,always,256,train
02233,always,256,train
02238,always,256,train
02349,america,476,train
02350,america,476,train
02351,america,476,train
02356,america,476,train
02474,analyze,635,train
02476,analyze,635,train
02477,analyze,635,train
02478,analyze,635,train
02519,and,636,train
02521,and,636,train
02525,and,636,train
02540,angel,477,train
02541,angel,477,train
02542,angel,477,train
02548,angel,477,train
02565,angry,637,train
02566,angry,637,train
02567,angry,637,train
02569,angry,637,train
02583,animal,257,train
02584,animal,257,train
02589,animal,257,train
02592,animal,257,train
02620,announce,810,train
02622,announce,810,train
02625,announce,810,train
02710,answer,478,train
02711,answer,478,train
02712,answer,478,train
02713,answer,478,train
02718,answer,478,train
02826,any,479,train
02828,any,479,train
02833,any,479,train
02872,apartment,811,train
02873,apartment,811,train
02875,apartment,811,train
02877,apartment,811,train
02880,apartment,811,train
02952,appear,638,train
02953,appear,638,train
02954,appear,638,train
03000,apple,52,train
03001,apple,52,train
03002,apple,52,train
03003,apple,52,train
03005,apple,52,train
03008,apple,52,train
03055,appointment,353,train
03056,appointment,353,train
03057,appointment,353,train
03059,appointment,353,train
03062,appointment,353,train
03063,appointment,353,train
03118,approve,181,train
03119,approve,181,train
03121,approve,181,train
03122,approve,181,train
03124,approve,181,train
03131,approve,181,train
03234,area,480,train
03235,area,480,train
03238,area,480,train
03240,area,480,train
03246,area,480,train
03267,argue,258,train
03268,argue,258,train
03270,argue,258,train
03273,argue,258,train
03274,argue,258,train
03277,argue,258,train
03282,argue,258,train
03337,arm,639,train
03338,arm,639,train
03339,arm,639,train
03342,arm,639,train
03344,arm,639,train
03361,army,640,train
03364,army,640,train
03368,army,640,train
03417,arrest,641,train
03418,arrest,641,train
03430,arrest,641,train
03437,arrive,182,train
03438,arrive,182,train
03439,arrive,182,train
03478,art,481,train
03479,art,481,train
03484,art,481,train
03564,asia,642,train
03565,asia,642,train
03568,asia,642,train
03571,asia,642,train
03595,ask,643,train
03597,ask,643,train
03598,ask,643,train
03605,ask,643,train
03634,asl,482,train
03635,asl,482,train
03642,asl,482,train
04011,attention,812,train
04012,attention,812,train
04015,attention,812,train
04017,attention,812,train
04041,attitude,644,train
04044,attitude,644,train
04045,attitude,644,train
04048,attitude,644,train
04062,attract,645,train
04063,attract,645,train
04072,attract,645,train
04073,attract,645,train
04076,attract,645,train
04115,audience,813,train
04118,audience,813,train
04119,audience,813,train
04123,audience,813,train
04156,august,814,train
04159,august,814,train
04163,august,814,train
04164,august,814,train
04168,aunt,483,train
04169,aunt,483,train
04170,aunt,483,train
04171,aunt,483,train
04176,aunt,483,train
04186,australia,354,train
04187,australia,354,train
04188,australia,354,train
04189,australia,354,train
04190,australia,354,train
04193,australia,354,train
04289,autumn,815,train
04291,autumn,815,train
04294,autumn,815,train
04296,autumn,815,train
04343,avoid,355,train
04344,avoid,355,train
04345,avoid,355,train
04347,avoid,355,train
04352,avoid,355,train
04389,away,816,train
04424,awful,484,train
04425,awful,484,train
04426,awful,484,train
04430,awful,484,train
04434,awful,484,train
04437,awkward,485,train
04438,awkward,485,train
04439,awkward,485,train
04443,awkward,485,train
04446,awkward,485,train
04505,baby,259,train
04506,baby,259,train
04511,baby,259,train
04514,baby,259,train
04592,back,260,train
04604,back,260,train
04616,backpack,105,train
04618,backpack,105,train
04619,backpack,105,train
04624,backpack,105,train
04631,backpack,105,train
04679,bacon,486,train
04680,bacon,486,train
04681,bacon,486,train
04687,bacon,486,train
04708,bad,140,train
04709,bad,140,train
04712,bad,140,train
04713,bad,140,train
04718,bad,140,train
04723,bad,140,train
04768,bake,261,train
04772,bake,261,train
04775,bake,261,train
04795,balance,183,train
04797,balance,183,train
04798,balance,183,train
04799,balance,183,train
04801,balance,183,train
04803,balance,183,train
04821,bald,646,train
04824,bald,646,train
04831,bald,646,train
04849,ball,141,train
04850,ball,141,train
04851,ball,141,train
04852,ball,141,train
04854,ball,141,train
04864,ball,141,train
04867,balloon,356,train
04868,balloon,356,train
04870,balloon,356,train
04873,balloon,356,train
04875,balloon,356,train
04897,banana,184,train
04898,banana,184,train
04899,banana,184,train
04900,banana,184,train
04903,banana,184,train
05062,barely,647,train
05063,barely,647,train
05064,barely,647,train
05065,barely,647,train
05066,barely,647,train
05069,barely,647,train
05087,bar,106,train
05090,bar,106,train
05095,bar,106,train
05097,bar,106,train
05098,bar,106,train
05103,bar,106,train
05110,bark,487,train
05113,bark,487,train
05118,bark,487,train
05172,baseball,648,train
05175,baseball,648,train
05178,baseball,648,train
05194,basement,357,train
05196,basement,357,train
05204,basement,357,train
05229,basketball,77,train
05230,basketball,77,train
05231,basketball,77,train
05233,basketball,77,train
05234,basketball,77,train
05238,basketball,77,train
05243,basketball,77,train
05275,bath,262,train
05280,bath,262,train
05285,bath,262,train
05297,bathroom,142,train
05298,bathroom,142,train
05300,bathroom,142,train
05310,bathroom,142,train
05467,beard,185,train
05468,beard,185,train
05470,beard,185,train
05472,beard,185,train
05473,beard,185,train
05479,beard,185,train
05484,bear,358,train
05486,bear,358,train
05487,bear,358,train
05489,bear,358,train
05556,beautiful,817,train
05557,beautiful,817,train
05559,beautiful,817,train
05562,beautiful,817,train
05565,beautiful,817,train
05596,because,186,train
05598,because,186,train
05599,because,186,train
05601,because,186,train
05609,because,186,train
05617,become,818,train
05619,become,818,train
05622,become,818,train
05629,bed,32,train
05630,bed,32,train
05631,bed,32,train
05632,bed,32,train
05633,bed,32,train
05634,bed,32,train
05636,bed,32,train
05637,bed,32,train
05638,bed,32,train
05644,bed,32,train
05652,bedroom,488,train
05656,bedroom,488,train
05661,bedroom,488,train
05705,beer,489,train
05706,beer,489,train
05712,beer,489,train
05715,beer,489,train
05728,before,3,train
05729,before,3,train
05730,before,3,train
05731,before,3,train
05732,before,3,train
05733,before,3,train
05734,before,3,train
05740,before,3,train
05742,before,3,train
05743,before,3,train
05749,before,3,train
05762,beg,649,train
05763,beg,649,train
05767,beg,649,train
05803,behind,263,train
05804,behind,263,train
05816,behind,263,train
05853,believe,359,train
05854,believe,359,train
05856,believe,359,train
05912,below,819,train
05915,below,819,train
05920,below,819,train
05923,belt,490,train
05924,belt,490,train
05925,belt,490,train
05931,belt,490,train
05960,benefit,650,train
05962,benefit,650,train
05964,benefit,650,train
05965,benefit,650,train
05967,benefit,650,train
06021,best,820,train
06022,best,820,train
06029,best,820,train
06045,bet,821,train
06047,bet,821,train
06049,bet,821,train
06052,bet,821,train
06066,better,360,train
06067,better,360,train
06069,better,360,train
06075,better,360,train
06159,bicycle,822,train
06160,bicycle,822,train
06163,bicycle,822,train
06165,bicycle,822,train
06192,big,491,train
06199,big,491,train
06202,big,491,train
06314,biology,823,train
06317,biology,823,train
06319,biology,823,train
06331,bird,53,train
06332,bird,53,train
06333,bird,53,train
06334,bird,53,train
06337,bird,53,train
06343,bird,53,train
06359,birthday,78,train
06363,birthday,78,train
06365,birthday,78,train
06371,birthday,78,train
06409,bite,651,train
06410,bite,651,train
06411,bite,651,train
06428,bitter,492,train
06429,bitter,492,train
06435,bitter,492,train
06436,bitter,492,train
06439,bitter,492,train
06471,black,19,train
06472,black,19,train
06473,black,19,train
06474,black,19,train
06477,black,19,train
06478,black,19,train
06486,black,19,train
06529,blame,652,train
06532,blame,652,train
06533,blame,652,train
06536,blame,652,train
06551,blanket,143,train
06552,blanket,143,train
06554,blanket,143,train
06555,blanket,143,train
06559,blanket,143,train
06563,blanket,143,train
06649,blind,361,train
06650,blind,361,train
06651,blind,361,train
06658,blind,361,train
06832,blue,33,train
06833,blue,33,train
06834,blue,33,train
06835,blue,33,train
06839,blue,33,train
06931,boat,653,train
06932,boat,653,train
06933,boat,653,train
06937,boat,653,train
06951,body,654,train
07068,book,0,train
07069,book,0,train
07070,book,0,train
07074,book,0,train
07191,bored,362,train
07196,bored,362,train
07197,bored,362,train
07198,bored,362,train
07203,bored,362,train
07227,borrow,655,train
07230,borrow,655,train
07231,borrow,655,train
07234,borrow,655,train
07237,boss,656,train
07238,boss,656,train
07239,boss,656,train
07243,boss,656,train
07245,boss,656,train
07247,boss,656,train
07260,bother,657,train
07262,bother,657,train
07264,bother,657,train
07265,bother,657,train
07271,both,493,train
07272,both,493,train
07277,both,493,train
07288,bottle,658,train
07290,bottle,658,train
07297,bottom,659,train
07298,bottom,659,train
07299,bottom,659,train
07301,bottom,659,train
07304,bottom,659,train
07309,bottom,659,train
07371,bowl,363,train
07373,bowl,363,train
07382,bowl,363,train
07389,bowling,34,train
07390,bowling,34,train
07391,bowling,34,train
07392,bowling,34,train
07393,bowling,34,train
07394,bowling,34,train
07397,bowling,34,train
07399,bowling,34,train
07417,box,364,train
07418,box,364,train
07421,box,364,train
07424,box,364,train
07440,boyfriend,824,train
07443,boyfriend,824,train
07451,boyfriend,824,train
07452,boy,187,train
07455,boy,187,train
07458,boy,187,train
07470,bracelet,365,train
07471,bracelet,365,train
07473,bracelet,365,train
07479,bracelet,365,train
07492,brag,660,train
07493,brag,660,train
07495,brag,660,train
07498,brag,660,train
07595,bread,366,train
07596,bread,366,train
07597,bread,366,train
07598,bread,366,train
07600,bread,366,train
07604,bread,366,train
07632,break,825,train
07634,break,825,train
07637,break,825,train
07642,break,825,train
07751,bridge,826,train
07757,bridge,826,train
07806,bring,264,train
07807,bring,264,train
07808,bring,264,train
07815,bring,264,train
07932,brother,107,train
07933,brother,107,train
07934,brother,107,train
07935,brother,107,train
07936,brother,107,train
07937,brother,107,train
07940,brother,107,train
07943,brother,107,train
07960,brown,79,train
07961,brown,79,train
07962,brown,79,train
07963,brown,79,train
07966,brown,79,train
08001,brush,827,train
08005,brush,827,train
08012,brush,827,train
08120,build,661,train
08123,build,661,train
08127,build,661,train
08132,building,828,train
08135,building,828,train
08346,bus,662,train
08349,bus,662,train
08368,business,188,train
08369,business,188,train
08370,business,188,train
08372,business,188,train
08411,busy,829,train
08412,busy,829,train
08417,busy,829,train
08424,but,80,train
08431,but,80,train
08437,but,80,train
08450,butter,663,train
08452,butter,663,train
08455,butter,663,train
08482,buy,144,train
08483,buy,144,train
08485,buy,144,train
08486,buy,144,train
08488,buy,144,train
08492,buy,144,train
08587,cafeteria,367,train
08588,cafeteria,367,train
08589,cafeteria,367,train
08595,cafeteria,367,train
08612,cake,494,train
08613,cake,494,train
08614,cake,494,train
08618,cake,494,train
08670,california,495,train
08671,california,495,train
08676,california,495,train
08677,california,495,train
08680,california,495,train
08689,call,145,train
08690,call,145,train
08691,call,145,train
08692,call,145,train
08702,call,145,train
08713,call,145,train
08745,calm,664,train
08746,calm,664,train
08748,calm,664,train
08749,calm,664,train
08784,camera,830,train
08791,camera,830,train
08818,camp,831,train
08820,camp,831,train
08823,camp,831,train
08841,canada,496,train
08842,canada,496,train
08843,canada,496,train
08849,canada,496,train
08860,cancel,665,train
08862,cancel,665,train
08863,cancel,665,train
08865,cancel,665,train
08868,cancel,665,train
08898,candle,666,train
08900,candle,666,train
08902,candle,666,train
08905,candle,666,train
08916,candy,8,train
08917,candy,8,train
08919,candy,8,train
08920,candy,8,train
08921,candy,8,train
08924,candy,8,train
08935,can,35,train
08936,can,35,train
08937,can,35,train
08938,can,35,train
08942,can,35,train
08944,can,35,train
08955,can,35,train
09087,caption,832,train
09088,caption,832,train
09091,caption,832,train
09092,caption,832,train
09095,caption,832,train
09151,cards,667,train
09155,cards,667,train
09181,careful,189,train
09182,careful,189,train
09186,careful,189,train
09197,care,833,train
09198,care,833,train
09199,care,833,train
09200,care,833,train
09209,care,833,train
09234,car,368,train
09237,car,368,train
09238,car,368,train
09244,car,368,train
09305,carrot,497,train
09306,carrot,497,train
09310,carrot,497,train
09311,carrot,497,train
09320,carry,834,train
09321,carry,834,train
09326,carry,834,train
09457,catch,265,train
09458,catch,265,train
09459,catch,265,train
09461,catch,265,train
09467,catch,265,train
09473,catch,265,train
09526,cat,108,train
09528,cat,108,train
09533,cat,108,train
09538,cat,108,train
09572,cause,498,train
09573,cause,498,train
09574,cause,498,train
09580,cause,498,train
09633,celebrate,835,train
09637,celebrate,835,train
09640,celebrate,835,train
09721,center,190,train
09722,center,190,train
09723,center,190,train
09726,center,190,train
09732,center,190,train
09775,cereal,266,train
09776,cereal,266,train
09781,cereal,266,train
09786,cereal,266,train
09807,certificate,836,train
09810,certificate,836,train
09812,certificate,836,train
09835,chain,837,train
09837,chain,837,train
09840,chain,837,train
09842,chain,837,train
09848,chair,4,train
09849,chair,4,train
09850,chair,4,train
09869,chair,4,train
09892,challenge,499,train
09893,challenge,499,train
09894,challenge,499,train
09900,challenge,499,train
09918,champion,267,train
09919,champion,267,train
09920,champion,267,train
09921,champion,267,train
09924,champion,267,train
09926,champion,267,train
09934,chance,838,train
09935,chance,838,train
09949,change,54,train
09953,change,54,train
09954,change,54,train
09956,change,54,train
09960,change,54,train
09963,change,54,train
09966,change,54,train
09967,change,54,train
09970,change,54,train
10015,character,839,train
10016,character,839,train
10019,character,839,train
10021,character,839,train
10089,chase,840,train
10091,chase,840,train
10093,chase,840,train
10096,chase,840,train
10105,chat,191,train
10106,chat,191,train
10107,chat,191,train
10109,chat,191,train
10112,chat,191,train
10135,cheap,500,train
10136,cheap,500,train
10137,cheap,500,train
10141,cheap,500,train
10144,cheap,500,train
10147,cheat,81,train
10148,cheat,81,train
10149,cheat,81,train
10157,cheat,81,train
10158,cheat,81,train
10166,cheat,81,train
10183,check,109,train
10184,check,109,train
10185,check,109,train
10187,check,109,train
10190,check,109,train
10197,check,109,train
10199,check,109,train
10266,cheese,268,train
10267,cheese,268,train
10271,cheese,268,train
10275,cheese,268,train
10397,chicken,369,train
10400,chicken,369,train
10405,chicken,369,train
10443,child,370,train
10444,child,370,train
10445,child,370,train
10447,child,370,train
10450,child,370,train
10453,child,370,train
10461,children,192,train
10462,children,192,train
10464,children,192,train
10467,children,192,train
10474,children,192,train
10579,chocolate,501,train
10580,chocolate,501,train
10581,chocolate,501,train
10587,chocolate,501,train
10590,choice,668,train
10592,choice,668,train
10594,choice,668,train
10595,choice,668,train
10598,choice,668,train
10631,choose,371,train
10632,choose,371,train
10634,choose,371,train
10635,choose,371,train
10636,choose,371,train
10637,choose,371,train
10703,christmas,193,train
10705,christmas,193,train
10711,christmas,193,train
10715,christmas,193,train
10769,church,372,train
10770,church,372,train
10771,church,372,train
10777,church,372,train
10892,city,82,train
10893,city,82,train
10894,city,82,train
10895,city,82,train
10967,class,110,train
10968,class,110,train
10969,class,110,train
10970,class,110,train
10972,class,110,train
10973,class,110,train
10976,class,110,train
11007,classroom,841,train
11008,classroom,841,train
11015,classroom,841,train
11034,clean,502,train
11035,clean,502,train
11036,clean,502,train
11037,clean,502,train
11042,clean,502,train
11061,clear,842,train
11064,clear,842,train
11067,clear,842,train
11143,climb,843,train
11144,climb,843,train
11148,climb,843,train
11198,clock,194,train
11199,clock,194,train
11203,clock,194,train
11214,clock,194,train
11253,close,195,train
11254,close,195,train
11260,close,195,train
11261,close,195,train
11267,close,195,train
11268,close,195,train
11309,clothes,6,train
11310,clothes,6,train
11313,clothes,6,train
11330,clothes,6,train
11357,cloud,503,train
11358,cloud,503,train
11359,cloud,503,train
11360,cloud,503,train
11361,cloud,503,train
11362,cloud,503,train
11558,coffee,146,train
11559,coffee,146,train
11560,coffee,146,train
11563,coffee,146,train
11566,coffee,146,train
11621,cold,147,train
11622,cold,147,train
11623,cold,147,train
11624,cold,147,train
11627,cold,147,train
11633,cold,147,train
11635,cold,147,train
11708,college,148,train
11709,college,148,train
11711,college,148,train
11713,college,148,train
11718,college,148,train
11767,color,55,train
11768,color,55,train
11769,color,55,train
11770,color,55,train
11773,color,55,train
11780,color,55,train
11821,comb,669,train
11823,comb,669,train
11824,comb,669,train
11828,comb,669,train
11904,comfortable,670,train
11906,comfortable,670,train
11908,comfortable,670,train
11911,comfortable,670,train
11944,command,844,train
11948,command,844,train
11952,command,844,train
12060,community,845,train
12063,community,845,train
12066,community,845,train
12069,community,845,train
12113,compare,504,train
12114,compare,504,train
12115,compare,504,train
12116,compare,504,train
12122,compare,504,train
12190,complain,846,train
12191,complain,846,train
12193,complain,846,train
12195,complain,846,train
12198,complain,846,train
12223,complex,505,train
12228,complex,505,train
12292,compromise,847,train
12294,compromise,847,train
12300,compromise,847,train
12311,computer,2,train
12313,computer,2,train
12314,computer,2,train
12316,computer,2,train
12317,computer,2,train
12318,computer,2,train
12319,computer,2,train
12327,computer,2,train
12328,computer,2,train
12338,computer,2,train
12586,conflict,671,train
12588,conflict,671,train
12590,conflict,671,train
12593,conflict,671,train
12871,contact,506,train
12872,contact,506,train
12873,contact,506,train
12877,contact,506,train
12879,contact,506,train
12968,continue,507,train
12969,continue,507,train
12970,continue,507,train
12977,continue,507,train
13017,contribute,848,train
13018,contribute,848,train
13020,contribute,848,train
13023,contribute,848,train
13026,contribute,848,train
13134,convince,196,train
13136,convince,196,train
13137,convince,196,train
13138,convince,196,train
13143,convince,196,train
13144,convince,196,train
13156,cook,83,train
13157,cook,83,train
13158,cook,83,train
13160,cook,83,train
13161,cook,83,train
13167,cook,83,train
13168,cook,83,train
13172,cookie,373,train
13173,cookie,373,train
13175,cookie,373,train
13179,cookie,373,train
13182,cookie,373,train
13199,cool,20,train
13200,cool,20,train
13201,cool,20,train
13202,cool,20,train
13208,cool,20,train
13209,cool,20,train
13213,cool,20,train
13216,cool,20,train
13217,cool,20,train
13244,cop,849,train
13245,cop,849,train
13246,cop,849,train
13250,cop,849,train
13251,cop,849,train
13253,cop,849,train
13267,copy,149,train
13268,copy,149,train
13269,copy,149,train
13273,copy,149,train
13279,copy,149,train
13312,corner,508,train
13313,corner,508,train
13320,corner,508,train
13323,corn,56,train
13326,corn,56,train
13327,corn,56,train
13328,corn,56,train
13329,corn,56,train
13333,corn,56,train
13337,corn,56,train
13350,correct,509,train
13351,correct,509,train
13352,correct,509,train
13354,correct,509,train
13355,correct,509,train
13356,correct,509,train
13416,cost,850,train
13417,cost,850,train
13420,cost,850,train
13424,cost,850,train
13456,couch,851,train
13457,couch,851,train
13464,couch,851,train
13473,cough,269,train
13478,cough,269,train
13543,country,197,train
13544,country,197,train
13545,country,197,train
13546,country,197,train
13549,country,197,train
13550,country,197,train
13630,cousin,9,train
13631,cousin,9,train
13632,cousin,9,train
13636,cousin,9,train
13640,cousin,9,train
13642,cousin,9,train
13646,cousin,9,train
13647,cousin,9,train
13648,cousin,9,train
13657,cover,672,train
13659,cover,672,train
13664,cover,672,train
13695,cow,57,train
13697,cow,57,train
13699,cow,57,train
13702,cow,57,train
13744,cracker,852,train
13746,cracker,852,train
13748,cracker,852,train
13749,cracker,852,train
13751,cracker,852,train
13799,crash,198,train
13800,crash,198,train
13803,crash,198,train
13804,crash,198,train
13805,crash,198,train
13806,crash,198,train
13812,crash,198,train
13854,crazy,270,train
13858,crazy,270,train
13859,crazy,270,train
13863,crazy,270,train
14174,cry,111,train
14175,cry,111,train
14176,cry,111,train
14180,cry,111,train
14182,cry,111,train
14183,cry,111,train
14188,cry,111,train
14287,cup,374,train
14288,cup,374,train
14298,cup,374,train
14312,curious,853,train
14314,curious,853,train
14316,curious,853,train
14319,curious,853,train
14366,curriculum,854,train
14368,curriculum,854,train
14370,curriculum,854,train
14373,curriculum,854,train
14376,curse,510,train
14378,curse,510,train
14379,curse,510,train
14380,curse,510,train
14385,curse,510,train
14452,cute,150,train
14453,cute,150,train
14454,cute,150,train
14457,cute,150,train
14461,cute,150,train
14467,cut,375,train
14478,cut,375,train
14479,cut,375,train
14482,cut,375,train
14565,dad,855,train
14567,dad,855,train
14569,dad,855,train
14572,dad,855,train
14622,dance,58,train
14623,dance,58,train
14624,dance,58,train
14625,dance,58,train
14627,dance,58,train
14633,dance,58,train
14671,dark,59,train
14674,dark,59,train
14675,dark,59,train
14676,dark,59,train
14680,dark,59,train
14681,dark,59,train
14749,daughter,151,train
14751,daughter,151,train
14752,daughter,151,train
14753,daughter,151,train
14755,daughter,151,train
14757,daughter,151,train
14760,daughter,151,train
14792,day,199,train
14794,day,199,train
14795,day,199,train
14796,day,199,train
14835,dead,511,train
14836,dead,511,train
14837,dead,511,train
14845,dead,511,train
14882,deaf,10,train
14884,deaf,10,train
14885,deaf,10,train
14886,deaf,10,train
14893,deaf,10,train
14894,deaf,10,train
15032,decide,84,train
15033,decide,84,train
15034,decide,84,train
15035,decide,84,train
15038,decide,84,train
15093,decorate,376,train
15094,decorate,376,train
15095,decorate,376,train
15099,decorate,376,train
15103,decorate,376,train
15157,deep,377,train
15158,deep,377,train
15159,deep,377,train
15166,deep,377,train
15171,deer,378,train
15172,deer,378,train
15173,deer,378,train
15176,deer,378,train
15180,deer,378,train
15319,delay,271,train
15322,delay,271,train
15323,delay,271,train
15325,delay,271,train
15327,delay,271,train
15328,delay,271,train
15330,delay,271,train
15361,delicious,272,train
15362,delicious,272,train
15363,delicious,272,train
15364,delicious,272,train
15365,delicious,272,train
15369,delicious,272,train
15370,delicious,272,train
15422,demand,512,train
15423,demand,512,train
15424,demand,512,train
15428,demand,512,train
15430,demand,512,train
15528,dentist,379,train
15529,dentist,379,train
15530,dentist,379,train
15533,dentist,379,train
15548,deny,856,train
15549,deny,856,train
15551,deny,856,train
15557,deodorant,673,train
15559,deodorant,673,train
15561,deodorant,673,train
15564,deodorant,673,train
15601,depend,513,train
15602,depend,513,train
15603,depend,513,train
15610,depend,513,train
15706,describe,857,train
15708,describe,857,train
15711,describe,857,train
15713,describe,857,train
15723,desert,514,train
15724,desert,514,train
15725,desert,514,train
15728,desert,514,train
15732,desert,514,train
15773,desk,515,train
15774,desk,515,train
15775,desk,515,train
15776,desk,515,train
15781,desk,515,train
15809,dessert,674,train
15810,dessert,674,train
15811,dessert,674,train
15815,dessert,674,train
15817,dessert,674,train
15826,destroy,675,train
15828,destroy,675,train
15829,destroy,675,train
15831,destroy,675,train
15933,develop,516,train
15934,develop,516,train
15935,develop,516,train
15941,develop,516,train
16063,diamond,676,train
16065,diamond,676,train
16073,diamond,676,train
16081,diaper,858,train
16082,diaper,858,train
16085,diaper,858,train
16087,diaper,858,train
16097,diarrhea,859,train
16099,diarrhea,859,train
16102,diarrhea,859,train
16104,diarrhea,859,train
16124,dictionary,517,train
16125,dictionary,517,train
16126,dictionary,517,train
16131,dictionary,517,train
16134,dictionary,517,train
16191,different,112,train
16192,different,112,train
16193,different,112,train
16194,different,112,train
16195,different,112,train
16198,different,112,train
16203,different,112,train
16404,dirty,380,train
16405,dirty,380,train
16406,dirty,380,train
16411,dirty,380,train
16412,dirty,380,train
16428,disagree,860,train
16430,disagree,860,train
16436,disagree,860,train
16439,disappear,273,train
16440,disappear,273,train
16441,disappear,273,train
16443,disappear,273,train
16444,disappear,273,train
16585,discuss,200,train
16586,discuss,200,train
16587,discuss,200,train
16591,discuss,200,train
16592,discuss,200,train
16593,discuss,200,train
16598,discuss,200,train
16804,dissolve,861,train
16806,dissolve,861,train
16808,dissolve,861,train
16809,dissolve,861,train
16811,dissolve,861,train
16892,dive,381,train
16893,dive,381,train
16894,dive,381,train
16895,dive,381,train
16897,dive,381,train
16926,divide,862,train
16927,divide,862,train
16930,divide,862,train
16963,divorce,274,train
16965,divorce,274,train
16968,divorce,274,train
16972,divorce,274,train
16976,divorce,274,train
17013,doctor,60,train
17014,doctor,60,train
17015,doctor,60,train
17017,doctor,60,train
17019,doctor,60,train
17026,doctor,60,train
17084,dog,36,train
17085,dog,36,train
17086,dog,36,train
17087,dog,36,train
17090,dog,36,train
17091,dog,36,train
17124,dollar,677,train
17125,dollar,677,train
17126,dollar,677,train
17127,dollar,677,train
17132,dollar,677,train
17144,doll,518,train
17153,doll,518,train
17158,dolphin,863,train
17159,dolphin,863,train
17160,dolphin,863,train
17166,dolphin,863,train
17325,door,113,train
17326,door,113,train
17327,door,113,train
17336,door,113,train
17377,double,864,train
17379,double,864,train
17381,double,864,train
17384,double,864,train
17391,doubt,865,train
17395,doubt,865,train
17428,down,382,train
17429,down,382,train
17430,down,382,train
17431,down,382,train
17433,down,382,train
17436,down,382,train
17581,drawer,678,train
17583,drawer,678,train
17585,drawer,678,train
17586,drawer,678,train
17589,drawer,678,train
17594,draw,275,train
17596,draw,275,train
17627,dream,679,train
17628,dream,679,train
17633,dream,679,train
17636,dream,679,train
17654,dress,201,train
17657,dress,201,train
17659,dress,201,train
17660,dress,201,train
17709,drink,1,train
17710,drink,1,train
17711,drink,1,train
17712,drink,1,train
17720,drink,1,train
17721,drink,1,train
17722,drink,1,train
17723,drink,1,train
17733,drink,1,train
17758,drive,202,train
17761,drive,202,train
17762,drive,202,train
17773,drive,202,train
17820,drop,203,train
17821,drop,203,train
17823,drop,203,train
17827,drop,203,train
17828,drop,203,train
17912,drunk,680,train
17914,drunk,680,train
17915,drunk,680,train
17918,drunk,680,train
17930,dry,383,train
17931,dry,383,train
17932,dry,383,train
17933,dry,383,train
17935,dry,383,train
17939,dry,383,train
17948,duck,681,train
17949,duck,681,train
17951,duck,681,train
17955,duck,681,train
17988,dumb,866,train
17992,dumb,866,train
17995,dumb,866,train
18028,during,682,train
18030,during,682,train
18032,during,682,train
18059,duty,519,train
18061,duty,519,train
18068,duty,519,train
18139,eagle,683,train
18140,eagle,683,train
18142,eagle,683,train
18144,eagle,683,train
18154,ear,384,train
18155,ear,384,train
18161,ear,384,train
18166,early,684,train
18168,early,684,train
18178,early,684,train
18184,early,684,train
18195,earn,385,train
18196,earn,385,train
18197,earn,385,train
18199,earn,385,train
18204,earn,385,train
18221,earring,386,train
18228,earring,386,train
18241,earth,867,train
18243,earth,867,train
18245,earth,867,train
18246,earth,867,train
18248,earth,867,train
18254,earthquake,868,train
18256,earthquake,868,train
18273,easter,520,train
18275,easter,520,train
18276,easter,520,train
18279,easter,520,train
18280,easter,520,train
18288,east,276,train
18292,east,276,train
18294,east,276,train
18298,east,276,train
18306,easy,277,train
18311,easy,277,train
18315,easy,277,train
18324,eat,61,train
18325,eat,61,train
18329,eat,61,train
18335,eat,61,train
18487,egg,278,train
18488,egg,278,train
18494,egg,278,train
18495,egg,278,train
18526,egypt,521,train
18528,egypt,521,train
18532,egypt,521,train
18569,eight,869,train
18570,eight,869,train
18575,eight,869,train
18578,eight,869,train
18770,elephant,387,train
18771,elephant,387,train
18773,elephant,387,train
18779,elephant,387,train
18788,elevator,522,train
18791,elevator,522,train
18796,elevator,522,train
18871,email,523,train
18873,email,523,train
18875,email,523,train
18897,embarrass,870,train
18899,embarrass,870,train
18900,embarrass,870,train
18903,embarrass,870,train
18978,emotion,871,train
18979,emotion,871,train
18981,emotion,871,train
18986,emotion,871,train
19087,encourage,872,train
19089,encourage,872,train
19092,encourage,872,train
19094,encourage,872,train
19110,end,524,train
19111,end,524,train
19119,end,524,train
19165,energy,873,train
19167,energy,873,train
19169,energy,873,train
19172,energy,873,train
19232,english,388,train
19233,english,388,train
19236,english,388,train
19239,english,388,train
19258,enjoy,62,train
19259,enjoy,62,train
19260,enjoy,62,train
19261,enjoy,62,train
19264,enjoy,62,train
19269,enjoy,62,train
19305,enough,874,train
19309,enough,874,train
19312,enough,874,train
19326,enter,525,train
19327,enter,525,train
19328,enter,525,train
19406,environment,279,train
19407,environment,279,train
19408,environment,279,train
19411,environment,279,train
19412,environment,279,train
19414,environment,279,train
19418,environment,279,train
19457,equal,685,train
19459,equal,685,train
19462,equal,685,train
19464,equal,685,train
19557,escape,389,train
19558,escape,389,train
19560,escape,389,train
19563,escape,389,train
19567,escape,389,train
19685,europe,526,train
19686,europe,526,train
19692,europe,526,train
19695,europe,526,train
19704,evaluate,875,train
19706,evaluate,875,train
19707,evaluate,875,train
19761,event,527,train
19762,event,527,train
19765,event,527,train
19766,event,527,train
19770,event,527,train
19843,every,686,train
19845,every,686,train
19967,evidence,876,train
19968,evidence,876,train
19970,evidence,876,train
19975,evidence,876,train
20009,exact,877,train
20012,exact,877,train
20014,exact,877,train
20022,exaggerate,878,train
20023,exaggerate,878,train
20027,exaggerate,878,train
20030,exaggerate,878,train
20066,example,152,train
20068,example,152,train
20070,example,152,train
20071,example,152,train
20072,example,152,train
20074,example,152,train
20143,exchange,528,train
20145,exchange,528,train
20147,exchange,528,train
20149,exchange,528,train
20153,excited,687,train
20154,excited,687,train
20157,excited,687,train
20158,excited,687,train
20226,exercise,688,train
20227,exercise,688,train
20229,exercise,688,train
20334,expect,879,train
20335,expect,879,train
20337,expect,879,train
20339,expect,879,train
20342,expect,879,train
20363,expensive,390,train
20364,expensive,390,train
20366,expensive,390,train
20369,expensive,390,train
20370,expensive,390,train
20373,expensive,390,train
20378,experience,529,train
20379,experience,529,train
20380,experience,529,train
20386,experience,529,train
20392,experiment,689,train
20393,experiment,689,train
20396,experiment,689,train
20401,experiment,689,train
20403,expert,690,train
20404,expert,690,train
20406,expert,690,train
20407,expert,690,train
20411,expert,690,train
20435,explain,391,train
20436,explain,391,train
20437,explain,391,train
20445,explain,391,train
20699,face,530,train
20702,face,530,train
20706,face,530,train
20737,fact,691,train
20739,fact,691,train
20740,fact,691,train
20746,fact,691,train
20793,fail,531,train
20794,fail,531,train
20795,fail,531,train
20801,fail,531,train
20978,family,37,train
20979,family,37,train
20980,family,37,train
20981,family,37,train
20982,family,37,train
20983,family,37,train
20986,family,37,train
20987,family,37,train
20992,family,37,train
21024,fancy,880,train
21026,fancy,880,train
21030,fancy,880,train
21033,fancy,880,train
21069,far,153,train
21071,far,153,train
21072,far,153,train
21073,far,153,train
21074,far,153,train
21075,far,153,train
21077,far,153,train
21168,fast,392,train
21169,fast,392,train
21172,fast,392,train
21175,fast,392,train
21187,fast,392,train
21205,father,280,train
21207,father,280,train
21209,father,280,train
21212,father,280,train
21231,fat,204,train
21233,fat,204,train
21234,fat,204,train
21236,fat,204,train
21237,fat,204,train
21242,fat,204,train
21243,fat,204,train
21273,fault,281,train
21274,fault,281,train
21275,fault,281,train
21276,fault,281,train
21280,fault,281,train
21303,favorite,881,train
21309,favorite,881,train
21312,favorite,881,train
21327,fear,692,train
21328,fear,692,train
21334,fear,692,train
21395,feedback,693,train
21397,feedback,693,train
21398,feedback,693,train
21399,feedback,693,train
21409,feed,532,train
21411,feed,532,train
21412,feed,532,train
21417,feed,532,train
21432,feel,205,train
21436,feel,205,train
21551,few,533,train
21557,few,533,train
21694,fight,393,train
21695,fight,393,train
21697,fight,393,train
21706,fight,393,train
21710,fight,393,train
21829,finally,882,train
21831,finally,882,train
21833,finally,882,train
21836,finally,882,train
21852,find,394,train
21854,find,394,train
21858,find,394,train
21859,find,394,train
21863,find,394,train
21869,fine,11,train
21870,fine,11,train
21871,fine,11,train
21878,fine,11,train
21883,fine,11,train
21891,fine,11,train
21941,finish,21,train
21943,finish,21,train
21945,finish,21,train
21950,finish,21,train
21951,finish,21,train
22085,first,154,train
22086,first,154,train
22087,first,154,train
22095,first,154,train
22098,first,154,train
22115,fish,38,train
22116,fish,38,train
22120,fish,38,train
22121,fish,38,train
22130,fish,38,train
22132,fishing,395,train
22133,fishing,395,train
22135,fishing,395,train
22141,fishing,395,train
22272,flag,534,train
22273,flag,534,train
22274,flag,534,train
22280,flag,534,train
22493,floor,396,train
22499,floor,396,train
22502,floor,396,train
22548,flower,282,train
22553,flower,282,train
22558,flower,282,train
22627,fly,397,train
22635,fly,397,train
22636,fly,397,train
22640,fly,397,train
22643,fly,397,train
22645,fly,397,train
22646,fly,397,train
22694,fold,694,train
22696,fold,694,train
22715,follow,398,train
22716,follow,398,train
22717,follow,398,train
22723,follow,398,train
22743,food,535,train
22744,food,535,train
22745,food,535,train
22746,food,535,train
22750,food,535,train
22803,football,206,train
22804,football,206,train
22805,football,206,train
22806,football,206,train
22911,forest,695,train
22913,forest,695,train
22914,forest,695,train
22917,forest,695,train
22920,forest,695,train
22952,forget,63,train
22953,forget,63,train
22955,forget,63,train
22960,forget,63,train
22967,forget,63,train
22993,for,536,train
22994,for,536,train
23000,for,536,train
23043,form,537,train
23049,form,537,train
23051,form,537,train
23055,form,537,train
23056,form,537,train
23274,fox,883,train
23276,fox,883,train
23277,fox,883,train
23279,fox,883,train
23281,fox,883,train
23330,france,696,train
23331,france,696,train
23335,france,696,train
23338,france,696,train
23442,freeze,538,train
23443,freeze,538,train
23444,freeze,538,train
23445,freeze,538,train
23451,freeze,538,train
23479,french,884,train
23482,french,884,train
23489,french,884,train
23545,friday,539,train
23568,friend,155,train
23570,friend,155,train
23572,friend,155,train
23574,friend,155,train
23578,friend,155,train
23580,friendly,283,train
23585,friendly,283,train
23589,friendly,283,train
23627,frog,697,train
23629,frog,697,train
23630,frog,697,train
23632,frog,697,train
23634,frog,697,train
23638,from,399,train
23639,from,399,train
23640,from,399,train
23642,from,399,train
23645,from,399,train
23664,front,540,train
23665,front,540,train
23666,front,540,train
23670,front,540,train
23673,front,540,train
23703,fruit,885,train
23704,fruit,885,train
23709,fruit,885,train
23766,full,85,train
23768,full,85,train
23769,full,85,train
23771,full,85,train
23774,full,85,train
23782,full,85,train
23802,function,886,train
23805,function,886,train
23808,function,886,train
23811,function,886,train
23870,funny,698,train
23873,funny,698,train
23878,funny,698,train
23947,future,207,train
23948,future,207,train
23951,future,207,train
23953,future,207,train
24025,game,208,train
24029,game,208,train
24033,game,208,train
24057,garage,699,train
24059,garage,699,train
24166,gather,887,train
24171,gather,887,train
24174,gather,887,train
24378,germany,888,train
24379,germany,888,train
24381,germany,888,train
24385,germany,888,train
24438,get,400,train
24439,get,400,train
24447,get,400,train
24581,giraffe,541,train
24582,giraffe,541,train
24583,giraffe,541,train
24589,giraffe,541,train
24605,girl,209,train
24609,girl,209,train
24611,girl,209,train
24614,girl,209,train
24638,give,64,train
24640,give,64,train
24648,give,64,train
24651,give,64,train
24660,give,64,train
24720,glasses,284,train
24721,glasses,284,train
24722,glasses,284,train
24724,glasses,284,train
24726,glasses,284,train
24728,glasses,284,train
24822,gloves,889,train
24824,gloves,889,train
24868,goal,700,train
24869,goal,700,train
24872,goal,700,train
24881,goal,700,train
24890,goat,890,train
24895,goat,890,train
24914,god,542,train
24915,god,542,train
24916,god,542,train
24922,god,542,train
24940,go,5,train
24941,go,5,train
24943,go,5,train
24947,go,5,train
24954,go,5,train
24955,go,5,train
24956,go,5,train
24961,go,5,train
24962,go,5,train
24973,go,5,train
25013,golf,701,train
25014,golf,701,train
25015,golf,701,train
25025,gone,702,train
25026,gone,702,train
25044,goodbye,891,train
25051,goodbye,891,train
25052,goodbye,891,train
25066,good,156,train
25067,good,156,train
25068,good,156,train
25069,good,156,train
25073,good,156,train
25076,good,156,train
25184,gossip,703,train
25186,gossip,703,train
25188,gossip,703,train
25191,gossip,703,train
25241,government,210,train
25242,government,210,train
25243,government,210,train
25244,government,210,train
25245,government,210,train
25247,government,210,train
25250,government,210,train
25321,graduate,39,train
25322,graduate,39,train
25323,graduate,39,train
25324,graduate,39,train
25325,graduate,39,train
25326,graduate,39,train
25329,graduate,39,train
25339,graduate,39,train
25371,grammar,543,train
25372,grammar,543,train
25373,grammar,543,train
25377,grammar,543,train
25378,grammar,543,train
25380,grammar,543,train
25406,grandfather,544,train
25407,grandfather,544,train
25408,grandfather,544,train
25413,grandfather,544,train
25430,grandmother,704,train
25431,grandmother,704,train
25432,grandmother,704,train
25436,grandmother,704,train
25482,grapes,705,train
25484,grapes,705,train
25485,grapes,705,train
25486,grapes,705,train
25621,great,545,train
25623,great,545,train
25624,great,545,train
25627,great,545,train
25631,great,545,train
25642,greece,546,train
25644,greece,546,train
25648,greece,546,train
25685,green,114,train
25686,green,114,train
25687,green,114,train
25689,green,114,train
25695,green,114,train
25823,group,706,train
25824,group,706,train
25825,group,706,train
25826,group,706,train
25847,grow,892,train
25852,grow,892,train
25917,guess,547,train
25918,guess,547,train
25920,guess,547,train
25922,guess,547,train
25926,guess,547,train
25960,guilty,707,train
25961,guilty,707,train
25962,guilty,707,train
25967,guilty,707,train
25976,guitar,548,train
25977,guitar,548,train
25978,guitar,548,train
25982,guitar,548,train
25984,guitar,548,train
26002,gum,893,train
26004,gum,893,train
26006,gum,893,train
26009,gum,893,train
26157,hair,115,train
26159,hair,115,train
26162,hair,115,train
26163,hair,115,train
26173,hair,115,train
26216,half,894,train
26224,half,894,train
26251,halloween,285,train
26252,halloween,285,train
26254,halloween,285,train
26259,halloween,285,train
26296,hamburger,708,train
26298,hamburger,708,train
26300,hamburger,708,train
26303,hamburger,708,train
26314,hammer,549,train
26315,hammer,549,train
26494,happen,401,train
26495,happen,401,train
26496,happen,401,train
26497,happen,401,train
26499,happen,401,train
26503,happen,401,train
26524,happy,157,train
26526,happy,157,train
26527,happy,157,train
26530,happy,157,train
26532,happy,157,train
26537,happy,157,train
26573,hard,286,train
26574,hard,286,train
26698,hate,709,train
26701,hate,709,train
26706,hate,709,train
26710,hate,709,train
26712,hat,40,train
26713,hat,40,train
26714,hat,40,train
26715,hat,40,train
26717,hat,40,train
26719,hat,40,train
26739,hat,40,train
26741,hat,40,train
26766,have,116,train
26767,have,116,train
26768,have,116,train
26773,have,116,train
26779,have,116,train
26800,hawaii,895,train
26806,hawaii,895,train
26807,hawaii,895,train
26833,headache,117,train
26834,headache,117,train
26836,headache,117,train
26837,headache,117,train
26840,headache,117,train
26846,headache,117,train
26852,head,710,train
26854,head,710,train
26856,head,710,train
26943,hear,211,train
26944,hear,211,train
26950,hear,211,train
26951,hear,211,train
26956,hear,211,train
26971,hearing,41,train
26972,hearing,41,train
26973,hearing,41,train
26974,hearing,41,train
26975,hearing,41,train
26976,hearing,41,train
26980,hearing,41,train
27042,heart,287,train
27043,heart,287,train
27046,heart,287,train
27050,heart,287,train
27056,heart,287,train
27057,heart,287,train
27151,helicopter,550,train
27152,helicopter,550,train
27153,helicopter,550,train
27157,helicopter,550,train
27159,helicopter,550,train
27173,hello,402,train
27184,hello,402,train
27206,help,12,train
27207,help,12,train
27208,help,12,train
27214,help,12,train
27215,help,12,train
27216,help,12,train
27217,help,12,train
27221,help,12,train
27264,here,212,train
27265,here,212,train
27268,here,212,train
27275,her,711,train
27279,her,711,train
27280,her,711,train
27282,her,711,train
27284,her,711,train
27285,her,711,train
27313,herself,896,train
27315,herself,896,train
27319,herself,896,train
27406,high,551,train
27408,high,551,train
27417,high,551,train
27446,highway,897,train
27450,highway,897,train
27451,highway,897,train
27452,highway,897,train
27456,highway,897,train
27569,history,552,train
27573,history,552,train
27575,history,552,train
27579,history,552,train
27591,hit,403,train
27593,hit,403,train
27596,hit,403,train
27604,hit,403,train
27766,home,158,train
27767,home,158,train
27770,home,158,train
27775,home,158,train
27789,homework,898,train
27793,homework,898,train
27796,homework,898,train
27874,honor,899,train
27876,honor,899,train
27880,honor,899,train
27920,hope,213,train
27921,hope,213,train
27923,hope,213,train
27925,hope,213,train
27926,hope,213,train
27929,hope,213,train
27934,hope,213,train
27994,horse,712,train
27995,horse,712,train
27999,horse,712,train
28033,hospital,404,train
28035,hospital,404,train
28041,hospital,404,train
28044,hospital,404,train
28107,hot,22,train
28108,hot,22,train
28109,hot,22,train
28110,hot,22,train
28111,hot,22,train
28115,hot,22,train
28116,hot,22,train
28125,hot,22,train
28138,hour,288,train
28139,hour,288,train
28140,hour,288,train
28143,hour,288,train
28144,hour,288,train
28145,hour,288,train
28159,house,214,train
28164,house,214,train
28169,house,214,train
28202,how,86,train
28204,how,86,train
28205,how,86,train
28210,how,86,train
28211,how,86,train
28214,how,86,train
28309,humble,289,train
28310,humble,289,train
28311,humble,289,train
28312,humble,289,train
28314,humble,289,train
28315,humble,289,train
28376,hungry,553,train
28377,hungry,553,train
28378,hungry,553,train
28385,hungry,553,train
28423,hurry,290,train
28424,hurry,290,train
28425,hurry,290,train
28426,hurry,290,train
28430,hurry,290,train
28440,hurt,554,train
28441,hurt,554,train
28445,hurt,554,train
28446,hurt,554,train
28463,husband,215,train
28466,husband,215,train
28469,husband,215,train
28582,ice cream,900,train
28583,ice cream,900,train
28585,ice cream,900,train
28588,ice cream,900,train
28590,ice cream,900,train
28648,idea,405,train
28650,idea,405,train
28655,idea,405,train
28658,idea,405,train
28736,if,901,train
28739,if,901,train
28749,if,901,train
28776,ignore,713,train
28783,ignore,713,train
29065,important,406,train
29066,important,406,train
29068,important,406,train
29069,important,406,train
29089,impossible,714,train
29090,impossible,714,train
29092,impossible,714,train
29096,impossible,714,train
29136,improve,291,train
29143,improve,291,train
29145,improve,291,train
29147,improve,291,train
29327,increase,902,train
29329,increase,902,train
29384,independent,716,train
29386,independent,716,train
29388,independent,716,train
29391,independent,716,train
29402,india,903,train
29404,india,903,train
29407,india,903,train
29632,information,904,train
29634,information,904,train
29636,information,904,train
29637,information,904,train
29641,information,904,train
29647,inform,118,train
29648,inform,118,train
29649,inform,118,train
29655,inform,118,train
29661,inform,118,train
29718,in,715,train
29720,in,715,train
29723,in,715,train
29867,inside,717,train
29870,inside,717,train
30053,insurance,718,train
30055,insurance,718,train
30057,insurance,718,train
30060,insurance,718,train
30152,interest,216,train
30154,interest,216,train
30160,interest,216,train
30162,interest,216,train
30166,interest,216,train
30168,interest,216,train
30230,internet,292,train
30233,internet,292,train
30234,internet,292,train
30235,internet,292,train
30239,internet,292,train
30264,interpret,905,train
30268,interpret,905,train
30316,interview,906,train
30319,interview,906,train
30327,interview,906,train
30384,introduce,555,train
30385,introduce,555,train
30386,introduce,555,train
30392,introduce,555,train
30451,invest,556,train
30452,invest,556,train
30453,invest,556,train
30468,investigate,407,train
30470,investigate,407,train
30474,investigate,407,train
30511,invite,907,train
30514,invite,907,train
30516,invite,907,train
30675,island,719,train
30677,island,719,train
30679,island,719,train
30682,island,719,train
30707,israel,908,train
30710,israel,908,train
30713,israel,908,train
30719,israel,908,train
30831,jacket,87,train
30832,jacket,87,train
30834,jacket,87,train
30835,jacket,87,train
30840,jacket,87,train
30935,japan,408,train
30936,japan,408,train
30941,japan,408,train
30946,japan,408,train
30978,jealous,409,train
30979,jealous,409,train
30983,jealous,409,train
30984,jealous,409,train
30985,jealous,409,train
30988,jealous,409,train
31049,jesus,909,train
31050,jesus,909,train
31052,jesus,909,train
31054,jesus,909,train
31057,jesus,909,train
31151,join,217,train
31155,join,217,train
31157,join,217,train
31158,join,217,train
31165,join,217,train
31315,jump,293,train
31316,jump,293,train
31324,jump,293,train
31485,keep,910,train
31486,keep,910,train
31491,keep,910,train
31496,keep,910,train
31554,keyboard,911,train
31556,keyboard,911,train
31559,keyboard,911,train
31561,keyboard,911,train
31649,kill,294,train
31651,kill,294,train
31652,kill,294,train
31655,kill,294,train
31730,king,410,train
31731,king,410,train
31733,king,410,train
31740,king,410,train
31752,kiss,42,train
31753,kiss,42,train
31755,kiss,42,train
31756,kiss,42,train
31767,kiss,42,train
31773,kitchen,411,train
31774,kitchen,411,train
31775,kitchen,411,train
31778,kitchen,411,train
31842,knife,119,train
31843,knife,119,train
31844,knife,119,train
31856,knife,119,train
31897,know,159,train
31898,know,159,train
31899,know,159,train
31901,know,159,train
31903,know,159,train
32113,land,912,train
32117,land,912,train
32118,land,912,train
32120,land,912,train
32155,language,43,train
32158,language,43,train
32160,language,43,train
32163,language,43,train
32203,large,412,train
32204,large,412,train
32205,large,412,train
32207,large,412,train
32214,large,412,train
32248,last,65,train
32249,last,65,train
32250,last,65,train
32254,last,65,train
32257,last,65,train
32260,last,65,train
32261,last,65,train
32282,last year,413,train
32284,last year,413,train
32293,last year,413,train
32300,late,160,train
32302,late,160,train
32303,late,160,train
32304,late,160,train
32306,late,160,train
32312,late,160,train
32321,later,44,train
32322,later,44,train
32324,later,44,train
32326,later,44,train
32333,later,44,train
32337,later,44,train
32338,later,44,train
32377,laugh,120,train
32381,laugh,120,train
32382,laugh,120,train
32383,laugh,120,train
32388,laugh,120,train
32447,law,295,train
32448,law,295,train
32452,law,295,train
32458,law,295,train
32474,lawyer,913,train
32476,lawyer,913,train
32478,lawyer,913,train
32481,lawyer,913,train
32510,lazy,557,train
32511,lazy,557,train
32512,lazy,557,train
32518,lazy,557,train
32535,lead,914,train
32537,lead,914,train
32539,lead,914,train
32541,lead,914,train
32547,lead,914,train
32604,learn,121,train
32605,learn,121,train
32606,learn,121,train
32607,learn,121,train
32608,learn,121,train
32612,learn,121,train
32616,learn,121,train
32657,leave,161,train
32658,leave,161,train
32659,leave,161,train
32661,leave,161,train
32667,leave,161,train
32669,leave,161,train
32677,leave,161,train
32694,lecture,720,train
32696,lecture,720,train
32697,lecture,720,train
32699,lecture,720,train
32701,lecture,720,train
32820,lemon,414,train
32860,lesbian,915,train
32864,lesbian,915,train
32867,lesbian,915,train
32888,lesson,721,train
32889,lesson,721,train
32891,lesson,721,train
32894,lesson,721,train
32945,letter,88,train
32946,letter,88,train
32947,letter,88,train
32949,letter,88,train
32953,letter,88,train
32954,letter,88,train
32955,letter,88,train
32959,letter,88,train
32963,lettuce,415,train
32964,lettuce,415,train
32966,lettuce,415,train
32972,lettuce,415,train
33052,library,558,train
33053,library,558,train
33058,library,558,train
33114,lie,559,train
33115,lie,559,train
33120,lie,559,train
33121,lie,559,train
33128,lie,559,train
33205,light,218,train
33214,light,218,train
33217,light,218,train
33218,light,218,train
33231,light,218,train
33266,like,23,train
33267,like,23,train
33269,like,23,train
33273,like,23,train
33274,like,23,train
33285,like,23,train
33312,limit,722,train
33314,limit,722,train
33316,limit,722,train
33319,limit,722,train
33335,line,916,train
33337,line,916,train
33339,line,916,train
33341,line,916,train
33392,lion,723,train
33395,lion,723,train
33454,listen,724,train
33455,listen,724,train
33456,listen,724,train
33457,listen,724,train
33466,listen,724,train
33472,list,162,train
33473,list,162,train
33474,list,162,train
33477,list,162,train
33479,list,162,train
33486,list,162,train
33538,live,219,train
33542,live,219,train
33639,lobster,560,train
33640,lobster,560,train
33641,lobster,560,train
33646,lobster,560,train
33648,lobster,560,train
33697,lock,917,train
33698,lock,917,train
33701,lock,917,train
33704,lock,917,train
34002,lose,163,train
34005,lose,163,train
34007,lose,163,train
34008,lose,163,train
34012,lose,163,train
34017,lose,163,train
34018,lose,163,train
34088,loud,918,train
34089,loud,918,train
34095,loud,918,train
34110,lousy,919,train
34112,lousy,919,train
34114,lousy,919,train
34117,lousy,919,train
34121,love,561,train
34123,love,561,train
34124,love,561,train
34127,love,561,train
34128,love,561,train
34129,love,561,train
34137,love,561,train
34204,lucky,562,train
34208,lucky,562,train
34211,lucky,562,train
34265,lunch,920,train
34268,lunch,920,train
34269,lunch,920,train
34271,lunch,920,train
34276,lunch,920,train
34354,machine,921,train
34357,machine,921,train
34359,machine,921,train
34369,mad,922,train
34370,mad,922,train
34375,mad,922,train
34382,mad,922,train
34386,magazine,563,train
34387,magazine,563,train
34388,magazine,563,train
34395,magazine,563,train
34575,make,220,train
34578,make,220,train
34579,make,220,train
34580,make,220,train
34583,make,220,train
34584,make,220,train
34732,man,45,train
34733,man,45,train
34734,man,45,train
34736,man,45,train
34737,man,45,train
34738,man,45,train
34742,man,45,train
34746,man,45,train
34823,many,24,train
34824,many,24,train
34825,many,24,train
34826,many,24,train
34827,many,24,train
34830,many,24,train
34831,many,24,train
34832,many,24,train
34839,many,24,train
34861,march,725,train
34862,march,725,train
34864,march,725,train
34867,march,725,train
34872,march,725,train
34956,marry,416,train
34957,marry,416,train
34958,marry,416,train
34965,marry,416,train
35115,match,296,train
35116,match,296,train
35119,match,296,train
35120,match,296,train
35126,match,296,train
35155,math,726,train
35156,math,726,train
35158,math,726,train
35159,math,726,train
35218,maybe,727,train
35220,maybe,727,train
35222,maybe,727,train
35292,mean,221,train
35293,mean,221,train
35295,mean,221,train
35298,mean,221,train
35299,mean,221,train
35339,measure,564,train
35340,measure,564,train
35341,measure,564,train
35346,measure,564,train
35360,meat,297,train
35361,meat,297,train
35366,meat,297,train
35369,meat,297,train
35377,mechanic,728,train
35381,mechanic,728,train
35383,mechanic,728,train
35452,medicine,89,train
35453,medicine,89,train
35454,medicine,89,train
35455,medicine,89,train
35456,medicine,89,train
35458,medicine,89,train
35467,medicine,89,train
35509,meet,66,train
35511,meet,66,train
35512,meet,66,train
35516,meet,66,train
35517,meet,66,train
35518,meet,66,train
35523,meet,66,train
35525,meeting,417,train
35526,meeting,417,train
35527,meeting,417,train
35534,meeting,417,train
35604,memorize,923,train
35606,memorize,923,train
35609,memorize,923,train
35611,memorize,923,train
35948,microwave,565,train
35950,microwave,565,train
35956,microwave,565,train
36048,milk,298,train
36235,minus,924,train
36241,minus,924,train
36242,minute,418,train
36243,minute,418,train
36244,minute,418,train
36248,minute,418,train
36251,minute,418,train
36260,mirror,419,train
36261,mirror,419,train
36263,mirror,419,train
36266,mirror,419,train
36269,mirror,419,train
36335,miss,420,train
36336,miss,420,train
36342,miss,420,train
36343,miss,420,train
36350,miss,420,train
36603,mom,729,train
36605,mom,729,train
36607,mom,729,train
36631,monday,925,train
36632,monday,925,train
36635,monday,925,train
36652,money,299,train
36654,money,299,train
36660,money,299,train
36678,monkey,421,train
36679,monkey,421,train
36681,monkey,421,train
36687,monkey,421,train
36733,month,300,train
36734,month,300,train
36738,month,300,train
36741,month,300,train
36779,moon,301,train
36781,moon,301,train
36782,moon,301,train
36783,moon,301,train
36827,more,222,train
36828,more,222,train
36829,more,222,train
36834,more,222,train
36836,more,222,train
36857,morning,422,train
36858,morning,422,train
36860,morning,422,train
36866,morning,422,train
36913,most,223,train
36918,most,223,train
36922,most,223,train
36929,mother,25,train
36930,mother,25,train
36931,mother,25,train
36932,mother,25,train
36933,mother,25,train
36936,mother,25,train
36937,mother,25,train
36946,mother,25,train
36992,motorcycle,423,train
36993,motorcycle,423,train
36994,motorcycle,423,train
36996,motorcycle,423,train
37001,motorcycle,423,train
37019,mountain,926,train
37022,mountain,926,train
37026,mountain,926,train
37042,mouse,730,train
37043,mouse,730,train
37046,mouse,730,train
37053,mouse,730,train
37063,mouth,927,train
37065,mouth,927,train
37068,mouth,927,train
37087,move,302,train
37089,move,302,train
37093,move,302,train
37094,move,302,train
37098,move,302,train
37102,move,302,train
37125,movie,122,train
37126,movie,122,train
37129,movie,122,train
37152,movie,122,train
37194,much,731,train
37196,much,731,train
37198,much,731,train
37202,much,731,train
37314,muscle,732,train
37316,muscle,732,train
37318,muscle,732,train
37334,museum,733,train
37335,museum,733,train
37341,museum,733,train
37344,mushroom,928,train
37346,mushroom,928,train
37347,mushroom,928,train
37350,mushroom,928,train
37363,music,224,train
37367,music,224,train
37369,music,224,train
37397,mustache,735,train
37398,mustache,735,train
37399,mustache,735,train
37400,mustache,735,train
37418,must,734,train
37419,must,734,train
37425,must,734,train
37430,must,734,train
37432,must,734,train
37470,my,566,train
37471,my,566,train
37477,my,566,train
37581,name,164,train
37582,name,164,train
37585,name,164,train
37590,name,164,train
37612,napkin,929,train
37614,napkin,929,train
37617,napkin,929,train
37784,near,303,train
37788,near,303,train
37789,near,303,train
37790,near,303,train
37794,near,303,train
37796,near,303,train
37838,neck,930,train
37841,neck,930,train
37845,neck,930,train
37850,necklace,424,train
37852,necklace,424,train
37853,necklace,424,train
37855,necklace,424,train
37864,necklace,424,train
37881,need,90,train
37883,need,90,train
37884,need,90,train
37886,need,90,train
37894,need,90,train
37911,negative,736,train
37914,negative,736,train
37915,negative,736,train
37956,neighbor,567,train
37957,neighbor,567,train
37958,neighbor,567,train
37962,neighbor,567,train
37967,neighbor,567,train
37984,nephew,304,train
37985,nephew,304,train
37989,nephew,304,train
37993,nephew,304,train
38011,nervous,737,train
38012,nervous,737,train
38014,nervous,737,train
38015,nervous,737,train
38019,nervous,737,train
38063,neutral,738,train
38065,neutral,738,train
38071,neutral,738,train
38084,never,425,train
38085,never,425,train
38086,never,425,train
38092,never,425,train
38122,new,225,train
38125,new,225,train
38126,new,225,train
38127,new,225,train
38130,new,225,train
38178,newspaper,426,train
38179,newspaper,426,train
38181,newspaper,426,train
38186,newspaper,426,train
38231,next,931,train
38232,next,931,train
38238,next,931,train
38243,next,931,train
38282,nice,305,train
38287,nice,305,train
38293,nice,305,train
38315,niece,306,train
38316,niece,306,train
38320,niece,306,train
38324,niece,306,train
38336,night,427,train
38337,night,427,train
38345,night,427,train
38524,no,13,train
38527,no,13,train
38529,no,13,train
38530,no,13,train
38532,no,13,train
38534,no,13,train
38544,no,13,train
38586,none,226,train
38590,none,226,train
38594,none,226,train
38621,noon,307,train
38626,noon,307,train
38632,noon,307,train
38681,north,308,train
38682,north,308,train
38687,north,308,train
38691,north,308,train
38729,nose,739,train
38731,nose,739,train
38733,nose,739,train
38737,nose,739,train
38857,not,309,train
38858,not,309,train
38863,not,309,train
38868,not,309,train
38990,now,26,train
38995,now,26,train
38997,now,26,train
38999,now,26,train
39006,now,26,train
39033,number,568,train
39034,number,568,train
39036,number,568,train
39040,number,568,train
39091,nurse,310,train
39093,nurse,310,train
39099,nurse,310,train
39349,ocean,932,train
39352,ocean,932,train
39442,off,311,train
39443,off,311,train
39456,office,227,train
39459,office,227,train
39460,office,227,train
39462,office,227,train
39463,office,227,train
39468,office,227,train
39504,often,740,train
39505,often,740,train
39507,often,740,train
39511,often,740,train
39583,ok,312,train
39586,ok,312,train
39589,ok,312,train
39596,ok,312,train
39626,old,165,train
39627,old,165,train
39632,old,165,train
39635,old,165,train
39743,one,569,train
39744,one,569,train
39750,one,569,train
39847,onion,428,train
39848,onion,428,train
39850,onion,428,train
39853,onion,428,train
39854,onion,428,train
39857,onion,428,train
39951,open,933,train
39952,open,933,train
39955,open,933,train
39957,open,933,train
39986,operate,741,train
39996,operate,741,train
40011,opinion,742,train
40012,opinion,742,train
40013,opinion,742,train
40014,opinion,742,train
40115,orange,27,train
40116,orange,27,train
40117,orange,27,train
40119,orange,27,train
40121,orange,27,train
40129,orange,27,train
40130,orange,27,train
40169,order,228,train
40171,order,228,train
40172,order,228,train
40177,order,228,train
40178,order,228,train
40179,order,228,train
40313,other,743,train
40314,other,743,train
40317,other,743,train
40321,other,743,train
40464,outside,570,train
40469,outside,570,train
40470,outside,570,train
40474,outside,570,train
40476,outside,570,train
40477,outside,570,train
40635,overwhelm,934,train
40637,overwhelm,934,train
40639,overwhelm,934,train
40640,overwhelm,934,train
40642,overwhelm,934,train
40650,owe,935,train
40652,owe,935,train
40654,owe,935,train
40657,owe,935,train
40759,page,936,train
40760,page,936,train
40802,pain,937,train
40803,pain,937,train
40806,pain,937,train
40807,pain,937,train
40810,pain,937,train
40834,paint,91,train
40836,paint,91,train
40837,paint,91,train
40841,paint,91,train
40847,paint,91,train
40985,pants,229,train
40986,pants,229,train
40988,pants,229,train
40991,pants,229,train
40996,pants,229,train
41025,paper,92,train
41026,paper,92,train
41028,paper,92,train
41029,paper,92,train
41030,paper,92,train
41032,paper,92,train
41037,paper,92,train
41063,parade,938,train
41065,parade,938,train
41068,parade,938,train
41070,parade,938,train
41164,parents,939,train
41166,parents,939,train
41311,party,230,train
41312,party,230,train
41315,party,230,train
41317,party,230,train
41350,pass,744,train
41356,pass,744,train
41364,pass,744,train
41365,pass,744,train
41446,past,231,train
41449,past,231,train
41450,past,231,train
41452,past,231,train
41454,past,231,train
41506,patient,313,train
41508,patient,313,train
41509,patient,313,train
41595,pay,314,train
41596,pay,314,train
41598,pay,314,train
41608,pay,314,train
41662,peach,571,train
41663,peach,571,train
41664,peach,571,train
41669,peach,571,train
41670,peach,571,train
41822,pencil,232,train
41824,pencil,232,train
41826,pencil,232,train
41922,people,429,train
41923,people,429,train
41931,people,429,train
41939,pepper,430,train
41942,pepper,430,train
41943,pepper,430,train
41945,pepper,430,train
41998,perfect,940,train
42002,perfect,940,train
42004,perfect,940,train
42005,perfect,940,train
42008,perfect,940,train
42076,period,941,train
42080,period,941,train
42088,period,941,train
42225,person,166,train
42226,person,166,train
42227,person,166,train
42232,person,166,train
42239,person,166,train
42243,perspective,315,train
42245,perspective,315,train
42246,perspective,315,train
42247,perspective,315,train
42251,perspective,315,train
42252,perspective,315,train
42253,perspective,315,train
42401,philosophy,942,train
42403,philosophy,942,train
42407,philosophy,942,train
42410,philosophy,942,train
42423,phone,431,train
42424,phone,431,train
42425,phone,431,train
42434,phone,431,train
42470,photographer,943,train
42471,photographer,943,train
42475,photographer,943,train
42478,photographer,943,train
42651,picture,432,train
42652,picture,432,train
42653,picture,432,train
42654,picture,432,train
42656,picture,432,train
42660,picture,432,train
42702,pig,572,train
42703,pig,572,train
42704,pig,572,train
42709,pig,572,train
42747,pillow,745,train
42749,pillow,745,train
42753,pillow,745,train
42754,pillow,745,train
42758,pillow,745,train
42829,pink,67,train
42830,pink,67,train
42831,pink,67,train
42832,pink,67,train
42836,pink,67,train
42843,pink,67,train
42956,pizza,68,train
42958,pizza,68,train
42959,pizza,68,train
42961,pizza,68,train
42966,pizza,68,train
42967,pizza,68,train
42969,pizza,68,train
42987,place,944,train
42989,place,944,train
43056,plan,233,train
43061,plan,233,train
43062,plan,233,train
43167,play,69,train
43168,play,69,train
43169,play,69,train
43170,play,69,train
43173,play,69,train
43174,play,69,train
43179,play,69,train
43180,play,69,train
43217,please,234,train
43218,please,234,train
43222,please,234,train
43226,please,234,train
43339,plus,433,train
43340,plus,433,train
43342,plus,433,train
43349,plus,433,train
43443,point,434,train
43444,point,434,train
43445,point,434,train
43446,point,434,train
43447,point,434,train
43461,point,434,train
43462,point,434,train
43522,police,167,train
43523,police,167,train
43524,police,167,train
43525,police,167,train
43528,police,167,train
43554,policy,945,train
43557,policy,945,train
43561,policy,945,train
43571,polite,573,train
43572,polite,573,train
43573,polite,573,train
43580,polite,573,train
43679,poor,435,train
43680,poor,435,train
43682,poor,435,train
43689,poor,435,train
43726,popular,946,train
43730,popular,946,train
43733,popular,946,train
43830,possible,436,train
43834,possible,436,train
43835,possible,436,train
43836,possible,436,train
43839,possible,436,train
43901,postpone,574,train
43902,postpone,574,train
43903,postpone,574,train
43904,postpone,574,train
43907,postpone,574,train
43929,potato,316,train
43930,potato,316,train
43935,potato,316,train
43938,potato,316,train
44045,power,575,train
44046,power,575,train
44050,power,575,train
44051,power,575,train
44058,power,575,train
44085,practice,235,train
44086,practice,235,train
44088,practice,235,train
44091,practice,235,train
44128,pray,947,train
44132,pray,947,train
44136,pray,947,train
44200,predict,948,train
44202,predict,948,train
44208,predict,948,train
44274,prepare,746,train
44276,prepare,746,train
44278,prepare,746,train
44281,prepare,746,train
44321,presentation,949,train
44323,presentation,949,train
44324,presentation,949,train
44327,presentation,949,train
44329,presentation,949,train
44333,present,576,train
44344,present,576,train
44347,present,576,train
44349,present,576,train
44350,present,576,train
44367,president,236,train
44369,president,236,train
44370,president,236,train
44371,president,236,train
44373,president,236,train
44426,pretty,747,train
44471,price,577,train
44473,price,577,train
44474,price,577,train
44493,priest,748,train
44495,priest,748,train
44496,priest,748,train
44500,priest,748,train
44558,printer,951,train
44559,printer,951,train
44561,printer,951,train
44563,printer,951,train
44566,printer,951,train
44570,print,950,train
44572,print,950,train
44602,prison,578,train
44604,prison,578,train
44624,private,952,train
44626,private,952,train
44628,private,952,train
44629,private,952,train
44633,private,952,train
44680,problem,168,train
44681,problem,168,train
44682,problem,168,train
44683,problem,168,train
44686,problem,168,train
44687,problem,168,train
44733,procrastinate,953,train
44734,procrastinate,953,train
44738,procrastinate,953,train
44739,procrastinate,953,train
44741,procrastinate,953,train
44830,program,749,train
44833,program,749,train
44837,program,749,train
44860,project,954,train
44863,project,954,train
44868,project,954,train
44897,promise,750,train
44900,promise,750,train
45060,protect,955,train
45062,protect,955,train
45064,protect,955,train
45067,protect,955,train
45098,prove,956,train
45099,prove,956,train
45101,prove,956,train
45104,prove,956,train
45110,provide,957,train
45114,provide,957,train
45117,provide,957,train
45171,psychology,958,train
45173,psychology,958,train
45177,psychology,958,train
45180,psychology,958,train
45261,pull,93,train
45263,pull,93,train
45264,pull,93,train
45265,pull,93,train
45273,pull,93,train
45364,punish,959,train
45367,punish,959,train
45369,punish,959,train
45433,purple,94,train
45434,purple,94,train
45436,purple,94,train
45443,purple,94,train
45479,push,579,train
45480,push,579,train
45481,push,579,train
45487,push,579,train
45511,put,751,train
45513,put,751,train
45515,put,751,train
45572,puzzled,960,train
45574,puzzled,960,train
45575,puzzled,960,train
45577,puzzled,960,train
45685,queen,752,train
45687,queen,752,train
45689,queen,752,train
45692,queen,752,train
45715,question,961,train
45719,question,961,train
45723,question,961,train
45742,quick,962,train
45746,quick,962,train
45749,quick,962,train
45757,quiet,437,train
45759,quiet,437,train
45762,quiet,437,train
45767,quiet,437,train
45780,quit,753,train
45782,quit,753,train
45785,quit,753,train
45786,quit,753,train
45789,quit,753,train
45838,rabbit,123,train
45839,rabbit,123,train
45840,rabbit,123,train
45842,rabbit,123,train
45843,rabbit,123,train
45851,rabbit,123,train
45853,raccoon,580,train
45854,raccoon,580,train
45855,raccoon,580,train
45861,raccoon,580,train
45907,radio,754,train
45908,radio,754,train
45910,radio,754,train
45912,radio,754,train
45916,radio,754,train
45967,rainbow,963,train
45968,rainbow,963,train
45975,rainbow,963,train
45993,rain,438,train
45994,rain,438,train
45995,rain,438,train
46001,rain,438,train
46055,rake,964,train
46058,rake,964,train
46060,rake,964,train
46174,rat,755,train
46175,rat,755,train
46178,rat,755,train
46179,rat,755,train
46182,rat,755,train
46266,read,124,train
46267,read,124,train
46268,read,124,train
46269,read,124,train
46272,read,124,train
46288,ready,439,train
46289,ready,439,train
46291,ready,439,train
46292,ready,439,train
46293,ready,439,train
46296,ready,439,train
46299,ready,439,train
46305,ready,439,train
46369,really,581,train
46375,really,581,train
46428,reason,582,train
46429,reason,582,train
46430,reason,582,train
46436,reason,582,train
46731,red,125,train
46732,red,125,train
46733,red,125,train
46734,red,125,train
46742,red,125,train
46957,rehearse,965,train
46958,rehearse,965,train
46960,rehearse,965,train
46962,rehearse,965,train
46963,rehearse,965,train
46965,rehearse,965,train
47001,reject,756,train
47003,reject,756,train
47005,reject,756,train
47104,religion,583,train
47105,religion,583,train
47106,religion,583,train
47112,religion,583,train
47175,remember,169,train
47176,remember,169,train
47177,remember,169,train
47178,remember,169,train
47183,remember,169,train
47237,remove,966,train
47239,remove,966,train
47242,remove,966,train
47244,remove,966,train
47460,require,757,train
47462,require,757,train
47466,require,757,train
47469,require,757,train
47490,research,440,train
47492,research,440,train
47496,research,440,train
47604,respect,584,train
47611,respect,584,train
47612,respect,584,train
47615,respect,584,train
47658,restaurant,237,train
47659,restaurant,237,train
47672,rest,758,train
47675,rest,758,train
47787,retire,759,train
47789,retire,759,train
47790,retire,759,train
47794,retire,759,train
47859,revenge,967,train
47864,revenge,967,train
47901,review,968,train
47902,review,968,train
47903,review,968,train
47905,review,968,train
48020,rich,969,train
48021,rich,969,train
48023,rich,969,train
48029,rich,969,train
48042,ride,238,train
48043,ride,238,train
48044,ride,238,train
48050,ride,238,train
48051,ride,238,train
48105,right,95,train
48106,right,95,train
48107,right,95,train
48109,right,95,train
48114,right,95,train
48210,rise,760,train
48212,rise,760,train
48216,rise,760,train
48218,rise,760,train
48219,rise,760,train
48253,river,761,train
48255,river,761,train
48258,river,761,train
48489,roof,970,train
48490,roof,970,train
48509,room,126,train
48511,room,126,train
48513,room,126,train
48516,room,126,train
48517,room,126,train
48538,rooster,971,train
48540,rooster,971,train
48542,rooster,971,train
48545,rooster,971,train
48607,rough,762,train
48610,rough,762,train
48611,rough,762,train
48614,rough,762,train
48704,rude,972,train
48705,rude,972,train
48706,rude,972,train
48710,rude,972,train
48741,rule,585,train
48743,rule,585,train
48747,rule,585,train
48798,run,127,train
48801,run,127,train
48809,run,127,train
48810,run,127,train
48827,run,127,train
48899,russia,239,train
48901,russia,239,train
48902,russia,239,train
48903,russia,239,train
48971,sad,317,train
48973,sad,317,train
48974,sad,317,train
48976,sad,317,train
48978,sad,317,train
49077,salad,586,train
49078,salad,586,train
49079,salad,586,train
49084,salad,586,train
49129,salt,240,train
49131,salt,240,train
49132,salt,240,train
49134,salt,240,train
49174,same,96,train
49175,same,96,train
49178,same,96,train
49181,same,96,train
49183,same,96,train
49188,same,96,train
49246,sandwich,241,train
49247,sandwich,241,train
49248,sandwich,241,train
49250,sandwich,241,train
49252,sandwich,241,train
49334,saturday,318,train
49338,saturday,318,train
49374,save,319,train
49378,save,319,train
49379,save,319,train
49383,save,319,train
49384,save,319,train
49433,say,973,train
49436,say,973,train
49477,scared,441,train
49478,scared,441,train
49480,scared,441,train
49483,scared,441,train
49487,scared,441,train
49538,schedule,587,train
49539,schedule,587,train
49540,schedule,587,train
49547,schedule,587,train
49595,school,70,train
49596,school,70,train
49597,school,70,train
49598,school,70,train
49599,school,70,train
49600,school,70,train
49602,school,70,train
49631,science,442,train
49632,science,442,train
49633,science,442,train
49634,science,442,train
49640,science,442,train
49644,scientist,974,train
49646,scientist,974,train
49648,scientist,974,train
49651,scientist,974,train
49656,scissors,320,train
49658,scissors,320,train
49659,scissors,320,train
49663,scissors,320,train
49692,score,443,train
49694,score,443,train
49695,score,443,train
49697,score,443,train
49702,score,443,train
49706,score,443,train
49728,scotland,975,train
49730,scotland,975,train
49737,scotland,975,train
49804,screwdriver,976,train
49806,screwdriver,976,train
49807,screwdriver,976,train
49809,screwdriver,976,train
50006,second,977,train
50007,second,977,train
50020,second,977,train
50023,second,977,train
50037,secretary,71,train
50038,secretary,71,train
50039,secretary,71,train
50040,secretary,71,train
50044,secretary,71,train
50045,secretary,71,train
50046,secretary,71,train
50053,secret,321,train
50054,secret,321,train
50055,secret,321,train
50058,secret,321,train
50061,secret,321,train
50125,see,763,train
50140,seem,764,train
50143,seem,764,train
50144,seem,764,train
50267,sell,588,train
50268,sell,588,train
50269,sell,588,train
50274,sell,588,train
50317,senate,978,train
50319,senate,978,train
50321,senate,978,train
50324,senate,978,train
50331,send,765,train
50332,send,765,train
50409,sentence,444,train
50410,sentence,444,train
50411,sentence,444,train
50414,sentence,444,train
50415,sentence,444,train
50420,sentence,444,train
50433,separate,979,train
50436,separate,979,train
50439,separate,979,train
50503,serious,589,train
50508,serious,589,train
50512,serious,589,train
50547,service,980,train
50548,service,980,train
50550,service,980,train
50553,service,980,train
50555,service,980,train
50721,sew,766,train
50723,sew,766,train
50835,shape,445,train
50836,shape,445,train
50838,shape,445,train
50845,shape,445,train
50849,share,170,train
50850,share,170,train
50851,share,170,train
50855,share,170,train
50856,share,170,train
50934,sheep,767,train
50935,sheep,767,train
50938,sheep,767,train
50942,sheep,767,train
51020,shine,768,train
51022,shine,768,train
51023,shine,768,train
51024,shine,768,train
51025,shine,768,train
51056,shirt,46,train
51057,shirt,46,train
51058,shirt,46,train
51059,shirt,46,train
51060,shirt,46,train
51061,shirt,46,train
51063,shirt,46,train
51064,shirt,46,train
51102,shock,769,train
51103,shock,769,train
51104,shock,769,train
51105,shock,769,train
51107,shock,769,train
51108,shock,769,train
51114,shock,769,train
51128,shoes,322,train
51133,shoes,322,train
51140,shoes,322,train
51177,shop,323,train
51180,shop,323,train
51185,shop,323,train
51221,short,72,train
51223,short,72,train
51225,short,72,train
51226,short,72,train
51231,short,72,train
51232,short,72,train
51235,short,72,train
51236,short,72,train
51287,should,770,train
51289,should,770,train
51292,should,770,train
51329,shower,590,train
51335,shower,590,train
51345,show,128,train
51346,show,128,train
51347,show,128,train
51348,show,128,train
51353,show,128,train
51355,show,128,train
51356,show,128,train
51360,show,128,train
51397,shrimp,981,train
51398,shrimp,981,train
51403,shrimp,981,train
51404,shrimp,981,train
51408,shrimp,981,train
51476,shy,982,train
51478,shy,982,train
51501,sick,129,train
51502,sick,129,train
51503,sick,129,train
51504,sick,129,train
51507,sick,129,train
51545,side,983,train
51548,side,983,train
51552,side,983,train
51615,sign,242,train
51616,sign,242,train
51617,sign,242,train
51621,sign,242,train
51622,sign,242,train
51628,sign,242,train
51637,sign,242,train
51688,silent,771,train
51690,silent,771,train
51696,silent,771,train
51706,silly,324,train
51708,silly,324,train
51709,silly,324,train
51712,silly,324,train
51713,silly,324,train
51775,since,243,train
51778,since,243,train
51781,since,243,train
51814,single,591,train
51818,single,591,train
51824,single,591,train
51884,sister,325,train
51885,sister,325,train
51886,sister,325,train
51889,sister,325,train
51916,sit,446,train
51917,sit,446,train
51919,sit,446,train
51927,sit,446,train
51933,situation,984,train
51935,situation,984,train
51937,situation,984,train
51940,situation,984,train
52169,skinny,772,train
52170,skinny,772,train
52171,skinny,772,train
52175,skinny,772,train
52199,skirt,773,train
52200,skirt,773,train
52201,skirt,773,train
52208,skirt,773,train
52229,sky,774,train
52231,sky,774,train
52232,sky,774,train
52238,sky,774,train
52288,slave,985,train
52289,slave,985,train
52291,slave,985,train
52293,slave,985,train
52296,slave,985,train
52316,sleep,326,train
52317,sleep,326,train
52318,sleep,326,train
52324,sleep,326,train
52506,slow,447,train
52507,slow,447,train
52508,slow,447,train
52510,slow,447,train
52515,slow,447,train
52551,small,244,train
52552,small,244,train
52554,small,244,train
52556,small,244,train
52557,small,244,train
52566,small,244,train
52575,smart,592,train
52576,smart,592,train
52578,smart,592,train
52579,smart,592,train
52581,smart,592,train
52584,smart,592,train
52615,smile,593,train
52621,smile,593,train
52711,snake,448,train
52712,snake,448,train
52713,snake,448,train
52720,snake,448,train
52858,snow,130,train
52859,snow,130,train
52860,snow,130,train
52862,snow,130,train
52867,snow,130,train
52917,soap,449,train
52918,soap,449,train
52919,soap,449,train
52921,soap,449,train
52926,soap,449,train
52943,soccer,986,train
52947,soccer,986,train
53015,socks,987,train
53016,socks,987,train
53022,socks,987,train
53024,soda,450,train
53025,soda,450,train
53026,soda,450,train
53028,soda,450,train
53065,soft,594,train
53066,soft,594,train
53067,soft,594,train
53068,soft,594,train
53073,soft,594,train
53153,solid,988,train
53155,solid,988,train
53157,solid,988,train
53160,solid,988,train
53207,some,245,train
53208,some,245,train
53212,some,245,train
53216,some,245,train
53240,sometimes,989,train
53242,sometimes,989,train
53247,sometimes,989,train
53268,son,97,train
53270,son,97,train
53271,son,97,train
53273,son,97,train
53275,son,97,train
53279,son,97,train
53293,soon,171,train
53295,soon,171,train
53300,soon,171,train
53301,soon,171,train
53304,soon,171,train
53305,soon,171,train
53365,sorry,327,train
53370,sorry,327,train
53371,sorry,327,train
53414,sound,595,train
53415,sound,595,train
53416,sound,595,train
53420,sound,595,train
53423,sound,595,train
53428,soup,596,train
53429,soup,596,train
53434,soup,596,train
53443,sour,775,train
53445,sour,775,train
53447,sour,775,train
53448,sour,775,train
53449,sour,775,train
53452,sour,775,train
53482,south,246,train
53485,south,246,train
53486,south,246,train
53488,south,246,train
53544,spain,597,train
53545,spain,597,train
53546,spain,597,train
53547,spain,597,train
53548,spain,597,train
53642,special,776,train
53644,special,776,train
53646,special,776,train
53698,speech,451,train
53699,speech,451,train
53706,speech,451,train
53707,speech,451,train
53709,speech,451,train
53710,speech,451,train
53826,spider,990,train
53829,spider,990,train
53831,spider,990,train
53872,spin,991,train
53873,spin,991,train
53876,spin,991,train
53878,spin,991,train
53879,spin,991,train
53901,spirit,777,train
53903,spirit,777,train
53906,spirit,777,train
53907,spirit,777,train
53908,spirit,777,train
53910,spirit,777,train
54074,spray,598,train
54080,spray,598,train
54082,spray,598,train
54083,spray,598,train
54173,square,992,train
54180,square,992,train
54205,squirrel,599,train
54206,squirrel,599,train
54207,squirrel,599,train
54213,squirrel,599,train
54257,staff,778,train
54260,staff,778,train
54264,staff,778,train
54296,stairs,993,train
54297,stairs,993,train
54298,stairs,993,train
54300,stairs,993,train
54302,stairs,993,train
54378,stand,779,train
54381,stand,779,train
54424,stare,994,train
54426,stare,994,train
54428,stare,994,train
54433,stare,994,train
54437,star,452,train
54438,star,452,train
54439,star,452,train
54444,star,452,train
54447,star,452,train
54461,start,995,train
54464,start,995,train
54554,stay,172,train
54556,stay,172,train
54557,stay,172,train
54561,stay,172,train
54563,stay,172,train
54567,stay,172,train
54589,steal,780,train
54591,steal,780,train
54593,steal,780,train
54597,steal,780,train
54600,steal,780,train
54820,stink,453,train
54821,stink,453,train
54822,stink,453,train
54828,stink,453,train
54878,stomach,600,train
54879,stomach,600,train
54880,stomach,600,train
54886,stomach,600,train
54922,stop,781,train
54923,stop,781,train
54925,stop,781,train
54928,stop,781,train
54955,store,996,train
54956,store,996,train
54957,store,996,train
54962,store,996,train
54965,store,996,train
54995,story,601,train
55003,story,601,train
55043,straight,328,train
55045,straight,328,train
55050,straight,328,train
55070,strange,602,train
55071,strange,602,train
55072,strange,602,train
55077,strange,602,train
55117,straw,997,train
55119,straw,997,train
55122,straw,997,train
55126,straw,997,train
55150,street,603,train
55151,street,603,train
55152,street,603,train
55157,street,603,train
55176,stress,604,train
55177,stress,604,train
55178,stress,604,train
55182,stress,604,train
55184,stress,604,train
55198,strict,605,train
55199,strict,605,train
55200,strict,605,train
55206,strict,605,train
55276,strong,606,train
55277,strong,606,train
55283,strong,606,train
55286,strong,606,train
55288,structure,998,train
55290,structure,998,train
55292,structure,998,train
55295,structure,998,train
55299,struggle,454,train
55300,struggle,454,train
55301,struggle,454,train
55308,struggle,454,train
55313,stubborn,455,train
55314,stubborn,455,train
55315,stubborn,455,train
55321,stubborn,455,train
55337,student,247,train
55338,student,247,train
55339,student,247,train
55340,student,247,train
55341,student,247,train
55343,student,247,train
55361,study,47,train
55362,study,47,train
55363,study,47,train
55364,study,47,train
55365,study,47,train
55366,study,47,train
55368,study,47,train
55369,study,47,train
55419,stupid,782,train
55423,stupid,782,train
55431,stupid,782,train
55659,sugar,607,train
55660,sugar,607,train
55661,sugar,607,train
55668,sugar,607,train
55670,suggest,999,train
55671,suggest,999,train
55673,suggest,999,train
55675,suggest,999,train
55678,suggest,999,train
55731,summer,608,train
55732,summer,608,train
55733,summer,608,train
55738,summer,608,train
55747,summon,783,train
55750,summon,783,train
55751,summon,783,train
55755,summon,783,train
55770,sunday,173,train
55771,sunday,173,train
55772,sunday,173,train
55773,sunday,173,train
55777,sunday,173,train
55782,sunday,173,train
55841,sunrise,784,train
55849,sunrise,784,train
55854,sunset,456,train
55855,sunset,456,train
55856,sunset,456,train
55864,sunset,456,train
56081,surgery,457,train
56082,surgery,457,train
56084,surgery,457,train
56089,surgery,457,train
56158,suspect,609,train
56159,suspect,609,train
56160,suspect,609,train
56167,suspect,609,train
56195,swallow,785,train
56196,swallow,785,train
56198,swallow,785,train
56202,swallow,785,train
56295,sweetheart,610,train
56296,sweetheart,610,train
56297,sweetheart,610,train
56305,sweetheart,610,train
56306,sweet,329,train
56312,sweet,329,train
56313,sweet,329,train
56317,sweet,329,train
56556,table,28,train
56557,table,28,train
56558,table,28,train
56563,table,28,train
56579,table,28,train
56692,take,131,train
56694,take,131,train
56698,take,131,train
56699,take,131,train
56700,take,131,train
56704,take,131,train
56811,talk,330,train
56813,talk,330,train
56816,talk,330,train
56821,talk,330,train
56830,talk,330,train
56837,tall,48,train
56838,tall,48,train
56839,tall,48,train
56841,tall,48,train
56842,tall,48,train
56844,tall,48,train
56846,tall,48,train
56848,tall,48,train
56852,tall,48,train
57039,teacher,133,train
57040,teacher,133,train
57041,teacher,133,train
57042,teacher,133,train
57044,teacher,133,train
57051,teacher,133,train
57058,teach,248,train
57063,teach,248,train
57064,teach,248,train
57068,teach,248,train
57076,tea,132,train
57077,tea,132,train
57078,tea,132,train
57079,tea,132,train
57080,tea,132,train
57087,tea,132,train
57132,tease,611,train
57133,tease,611,train
57134,tease,611,train
57138,tease,611,train
57139,tease,611,train
57141,tease,611,train
57261,television,786,train
57263,television,786,train
57265,television,786,train
57266,television,786,train
57276,tell,98,train
57277,tell,98,train
57283,tell,98,train
57284,tell,98,train
57286,tell,98,train
57287,tell,98,train
57291,tell,98,train
57300,temperature,331,train
57303,temperature,331,train
57304,temperature,331,train
57306,temperature,331,train
57436,tent,332,train
57437,tent,332,train
57441,tent,332,train
57442,tent,332,train
57447,tent,332,train
57527,test,174,train
57528,test,174,train
57529,test,174,train
57531,test,174,train
57535,test,174,train
57541,test,174,train
57630,thanksgiving,29,train
57631,thanksgiving,29,train
57632,thanksgiving,29,train
57633,thanksgiving,29,train
57634,thanksgiving,29,train
57635,thanksgiving,29,train
57638,thanksgiving,29,train
57641,thanksgiving,29,train
57647,thanksgiving,29,train
57655,thank you,333,train
57659,thank you,333,train
57670,that,612,train
57677,that,612,train
57758,themselves,613,train
57759,themselves,613,train
57764,themselves,613,train
57765,themselves,613,train
57768,themselves,613,train
57782,theory,249,train
57783,theory,249,train
57784,theory,249,train
57785,theory,249,train
57788,theory,249,train
57789,theory,249,train
57791,theory,249,train
57802,therapy,614,train
57806,therapy,614,train
57807,therapy,614,train
57825,there,458,train
57826,there,458,train
57828,there,458,train
57832,there,458,train
57934,thin,14,train
57935,thin,14,train
57936,thin,14,train
57937,thin,14,train
57939,thin,14,train
57940,thin,14,train
57942,thin,14,train
57947,thin,14,train
57949,thin,14,train
57953,thin,14,train
57973,think,334,train
57974,think,334,train
57982,think,334,train
58024,thirsty,615,train
58025,thirsty,615,train
58026,thirsty,615,train
58031,thirsty,615,train
58293,throw,335,train
58294,throw,335,train
58296,throw,335,train
58300,throw,335,train
58360,thursday,99,train
58361,thursday,99,train
58362,thursday,99,train
58363,thursday,99,train
58366,thursday,99,train
58388,ticket,616,train
58389,ticket,616,train
58397,ticket,616,train
58444,tiger,459,train
58445,tiger,459,train
58446,tiger,459,train
58448,tiger,459,train
58452,tiger,459,train
58498,time,73,train
58499,time,73,train
58503,time,73,train
58508,time,73,train
58589,tired,175,train
58591,tired,175,train
58592,tired,175,train
58593,tired,175,train
58594,tired,175,train
58600,tired,175,train
58651,toast,460,train
58652,toast,460,train
58653,toast,460,train
58655,toast,460,train
58657,toast,460,train
58677,today,336,train
58678,today,336,train
58682,today,336,train
58683,today,336,train
58687,today,336,train
58707,together,788,train
58709,together,788,train
58710,together,788,train
58714,together,788,train
58721,to,787,train
58723,to,787,train
58725,to,787,train
58727,to,787,train
58730,to,787,train
58732,toilet,461,train
58733,toilet,461,train
58742,toilet,461,train
58784,tomato,250,train
58786,tomato,250,train
58787,tomato,250,train
58788,tomato,250,train
58805,tomorrow,462,train
58806,tomorrow,462,train
58807,tomorrow,462,train
58814,tomorrow,462,train
58935,top,617,train
58936,top,617,train
58937,top,617,train
59146,town,463,train
59147,town,463,train
59148,town,463,train
59149,town,463,train
59151,town,463,train
59153,town,463,train
59155,town,463,train
59204,trade,176,train
59205,trade,176,train
59207,trade,176,train
59208,trade,176,train
59209,trade,176,train
59211,trade,176,train
59214,trade,176,train
59215,trade,176,train
59216,trade,176,train
59219,trade,176,train
59248,traffic,337,train
59249,traffic,337,train
59252,traffic,337,train
59307,train,251,train
59308,train,251,train
59309,train,251,train
59310,train,251,train
59314,train,251,train
59316,train,251,train
59320,train,251,train
59367,transfer,464,train
59369,transfer,464,train
59373,transfer,464,train
59378,transfer,464,train
59406,translate,789,train
59407,translate,789,train
59409,translate,789,train
59411,translate,789,train
59495,travel,177,train
59496,travel,177,train
59497,travel,177,train
59499,travel,177,train
59500,travel,177,train
59503,travel,177,train
59546,tree,465,train
59547,tree,465,train
59548,tree,465,train
59555,tree,465,train
59597,triangle,790,train
59598,triangle,790,train
59602,triangle,790,train
59603,triangle,790,train
59609,triangle,790,train
59764,truck,466,train
59765,truck,466,train
59774,truck,466,train
59903,tuesday,618,train
59909,tuesday,618,train
59913,tuesday,618,train
59952,turkey,619,train
59953,turkey,619,train
59954,turkey,619,train
59956,turkey,619,train
59959,turkey,619,train
60045,turtle,791,train
60048,turtle,791,train
60052,turtle,791,train
60346,ugly,252,train
60347,ugly,252,train
60349,ugly,252,train
60350,ugly,252,train
60354,ugly,252,train
60357,ugly,252,train
60457,uncle,467,train
60458,uncle,467,train
60459,uncle,467,train
60460,uncle,467,train
60462,uncle,467,train
60465,uncle,467,train
60545,understand,338,train
60546,understand,338,train
60556,understand,338,train
60571,underwear,792,train
60572,underwear,792,train
60575,underwear,792,train
60576,underwear,792,train
60579,underwear,792,train
60583,underwear,792,train
60760,university,620,train
60761,university,620,train
60762,university,620,train
60768,university,620,train
60851,until,621,train
60852,until,621,train
60853,until,621,train
60860,until,621,train
60907,up,793,train
60910,up,793,train
60912,up,793,train
60915,up,793,train
60948,upset,794,train
60950,upset,794,train
60951,upset,794,train
60952,upset,794,train
60956,upset,794,train
61056,use,339,train
61057,use,339,train
61058,use,339,train
61142,vacation,468,train
61143,vacation,468,train
61144,vacation,468,train
61146,vacation,468,train
61150,vacation,468,train
61738,violin,795,train
61740,violin,795,train
61742,violin,795,train
61743,violin,795,train
61745,violin,795,train
61805,visit,100,train
61806,visit,100,train
61807,visit,100,train
61808,visit,100,train
61809,visit,100,train
61812,visit,100,train
61917,voice,340,train
61918,voice,340,train
61920,voice,340,train
61924,voice,340,train
61967,volunteer,796,train
61969,volunteer,796,train
61971,volunteer,796,train
61979,vomit,341,train
61980,vomit,341,train
61982,vomit,341,train
61983,vomit,341,train
61986,vomit,341,train
61987,vomit,341,train
61995,vote,342,train
61996,vote,342,train
61997,vote,342,train
62000,vote,342,train
62003,vote,342,train
62097,wait,101,train
62098,wait,101,train
62100,wait,101,train
62101,wait,101,train
62103,wait,101,train
62106,wait,101,train
62107,wait,101,train
62159,walk,15,train
62163,walk,15,train
62164,walk,15,train
62168,walk,15,train
62169,walk,15,train
62170,walk,15,train
62175,walk,15,train
62245,want,74,train
62246,want,74,train
62248,want,74,train
62250,want,74,train
62251,want,74,train
62259,want,74,train
62273,war,253,train
62275,war,253,train
62276,war,253,train
62279,war,253,train
62289,warm,797,train
62290,warm,797,train
62294,warm,797,train
62297,warm,797,train
62302,warn,798,train
62305,warn,798,train
62309,warn,798,train
62358,wash,799,train
62365,wash,799,train
62367,wash,799,train
62372,wash,799,train
62439,watch,622,train
62443,watch,622,train
62444,watch,622,train
62445,watch,622,train
62452,watch,622,train
62453,watch,622,train
62499,water,102,train
62500,water,102,train
62502,water,102,train
62503,water,102,train
62506,water,102,train
62510,water,102,train
62585,weak,623,train
62586,weak,623,train
62587,weak,623,train
62588,weak,623,train
62593,weak,623,train
62639,weather,469,train
62641,weather,469,train
62643,weather,469,train
62645,weather,469,train
62646,weather,469,train
62650,weather,469,train
62689,wedding,624,train
62690,wedding,624,train
62691,wedding,624,train
62697,wedding,624,train
62710,wednesday,343,train
62712,wednesday,343,train
62713,wednesday,343,train
62717,wednesday,343,train
62730,weekend,470,train
62731,weekend,470,train
62732,weekend,470,train
62734,weekend,470,train
62738,weekend,470,train
62740,week,134,train
62741,week,134,train
62742,week,134,train
62743,week,134,train
62748,week,134,train
62752,week,134,train
62906,west,344,train
62907,west,344,train
62912,west,344,train
62915,west,344,train
62922,wet,345,train
62927,wet,345,train
62930,wet,345,train
62964,what,30,train
62966,what,30,train
62968,what,30,train
62970,what,30,train
62979,what,30,train
63066,when,346,train
63069,when,346,train
63070,when,346,train
63072,when,346,train
63081,where,254,train
63083,where,254,train
63084,where,254,train
63104,which,347,train
63105,which,347,train
63113,which,347,train
63200,white,49,train
63202,white,49,train
63203,white,49,train
63204,white,49,train
63205,white,49,train
63207,white,49,train
63208,white,49,train
63214,white,49,train
63225,who,7,train
63227,who,7,train
63228,who,7,train
63231,who,7,train
63232,who,7,train
63236,who,7,train
63242,who,7,train
63280,why,135,train
63281,why,135,train
63282,why,135,train
63283,why,135,train
63284,why,135,train
63287,why,135,train
63288,why,135,train
63292,why,135,train
63327,wife,103,train
63328,wife,103,train
63329,wife,103,train
63332,wife,103,train
63337,wife,103,train
63360,will,625,train
63364,will,625,train
63402,wind,626,train
63403,wind,626,train
63404,wind,626,train
63405,wind,626,train
63410,wind,626,train
63417,window,178,train
63418,window,178,train
63422,window,178,train
63427,window,178,train
63449,wine,800,train
63452,wine,800,train
63468,win,348,train
63469,win,348,train
63473,win,348,train
63478,win,348,train
63587,with,136,train
63588,with,136,train
63589,with,136,train
63590,with,136,train
63592,with,136,train
63596,with,136,train
63622,witness,801,train
63623,witness,801,train
63629,witness,801,train
63630,witness,801,train
63640,witness,801,train
63665,woman,31,train
63666,woman,31,train
63667,woman,31,train
63668,woman,31,train
63672,woman,31,train
63673,woman,31,train
63679,woman,31,train
63724,wood,802,train
63726,wood,802,train
63729,wood,802,train
63752,word,349,train
63756,word,349,train
63763,word,349,train
63790,work,75,train
63791,work,75,train
63792,work,75,train
63793,work,75,train
63799,work,75,train
63806,work,75,train
63836,world,627,train
63837,world,627,train
63948,wow,629,train
63949,wow,629,train
63951,wow,629,train
63953,wow,629,train
63955,wow,629,train
63964,wow,629,train
64056,write,137,train
64057,write,137,train
64058,write,137,train
64059,write,137,train
64060,write,137,train
64065,write,137,train
64068,write,137,train
64084,wrong,50,train
64085,wrong,50,train
64086,wrong,50,train
64087,wrong,50,train
64088,wrong,50,train
64090,wrong,50,train
64091,wrong,50,train
64212,year,16,train
64213,year,16,train
64218,year,16,train
64219,year,16,train
64224,year,16,train
64261,yellow,104,train
64262,yellow,104,train
64264,yellow,104,train
64271,yellow,104,train
64280,yes,17,train
64281,yes,17,train
64283,yes,17,train
64284,yes,17,train
64288,yes,17,train
64291,yes,17,train
64292,yes,17,train
64300,yes,17,train
64305,yesterday,138,train
64306,yesterday,138,train
64307,yesterday,138,train
64309,yesterday,138,train
64311,yesterday,138,train
64315,yesterday,138,train
64381,you,179,train
64382,you,179,train
64383,you,179,train
64385,you,179,train
64391,you,179,train
64411,young,630,train
64413,young,630,train
64414,young,630,train
64427,your,255,train
64429,your,255,train
64430,your,255,train
64433,your,255,train
64544,zero,803,train
64547,zero,803,train
65002,about,180,train
65003,about,180,train
65007,accept,471,train
65009,accident,51,train
65017,actor,805,train
65018,add,631,train
65029,africa,76,train
65031,afternoon,350,train
65034,age,351,train
65040,alarm,807,train
65043,all,18,train
65050,allergy,808,train
65053,allow,475,train
65054,allow,475,train
65056,almost,809,train
65057,alone,352,train
65059,also,634,train
65061,always,256,train
65066,analyze,635,train
65072,angry,637,train
65073,animal,257,train
65074,announce,810,train
65083,appear,638,train
65084,apple,52,train
65085,apple,52,train
65087,appointment,353,train
65092,argue,258,train
65095,army,640,train
65096,arrive,182,train
65097,art,481,train
65101,ask,643,train
65107,attention,812,train
65108,attitude,644,train
65111,australia,354,train
65113,autumn,815,train
65114,avoid,355,train
65117,away,816,train
65119,baby,259,train
65120,back,260,train
65125,bad,140,train
65127,bake,261,train
65128,bake,261,train
65129,balance,183,train
65130,bald,646,train
65131,ball,141,train
65132,balloon,356,train
65133,balloon,356,train
65134,banana,184,train
65135,banana,184,train
65139,bark,487,train
65140,baseball,648,train
65142,basement,357,train
65144,basketball,77,train
65145,basketball,77,train
65147,bath,262,train
65148,bathroom,142,train
65155,bear,358,train
65156,beard,185,train
65158,because,186,train
65159,because,186,train
65160,become,818,train
65161,bed,32,train
65162,bed,32,train
65164,bedroom,488,train
65167,before,3,train
65168,beg,649,train
65169,behind,263,train
65170,believe,359,train
65171,believe,359,train
65175,benefit,650,train
65179,better,360,train
65181,bicycle,822,train
65182,big,491,train
65183,big,491,train
65186,biology,823,train
65187,bird,53,train
65192,birthday,78,train
65200,black,19,train
65202,blame,652,train
65205,blanket,143,train
65209,blind,361,train
65216,blue,33,train
65222,body,654,train
65230,borrow,655,train
65233,both,493,train
65234,bother,657,train
65235,bottle,658,train
65240,bowl,363,train
65241,bowling,34,train
65242,bowling,34,train
65244,box,364,train
65245,boy,187,train
65247,bracelet,365,train
65249,brag,660,train
65259,bridge,826,train
65260,bring,264,train
65262,brother,107,train
65263,brown,79,train
65264,brush,827,train
65268,build,661,train
65269,building,828,train
65275,business,188,train
65277,busy,829,train
65278,but,80,train
65279,butter,663,train
65284,cafeteria,367,train
65286,cake,494,train
65290,call,145,train
65297,candle,666,train
65298,candy,8,train
65299,candy,8,train
65303,caption,832,train
65306,careful,189,train
65307,careful,189,train
65308,carrot,497,train
65309,carry,834,train
65312,cat,108,train
65313,cat,108,train
65321,celebrate,835,train
65324,center,190,train
65325,cereal,266,train
65326,certificate,836,train
65327,chain,837,train
65328,chair,4,train
65330,champion,267,train
65334,character,839,train
65337,chase,840,train
65343,check,109,train
65345,cheese,268,train
65349,chicken,369,train
65351,child,370,train
65352,children,192,train
65357,christmas,193,train
65362,city,82,train
65363,city,82,train
65364,class,110,train
65366,clear,842,train
65381,comfortable,670,train
65388,complex,505,train
65389,complex,505,train
65403,cool,20,train
65405,copy,149,train
65408,corn,56,train
65409,corn,56,train
65411,cough,269,train
65414,country,197,train
65416,cover,672,train
65421,crazy,270,train
65422,crazy,270,train
65429,curious,853,train
65431,curriculum,854,train
65434,dance,58,train
65439,dark,59,train
65440,dark,59,train
65444,day,199,train
65445,deaf,10,train
65449,decide,84,train
65450,decide,84,train
65453,deep,377,train
65457,delicious,272,train
65460,dentist,379,train
65462,deodorant,673,train
65471,destroy,675,train
65473,develop,516,train
65476,diamond,676,train
65477,diaper,858,train
65480,different,112,train
65485,dirty,380,train
65491,discuss,200,train
65494,dissolve,861,train
65495,dive,381,train
65499,divide,862,train
65503,doctor,60,train
65504,doctor,60,train
65507,dog,36,train
65510,doll,518,train
65520,door,113,train
65523,double,864,train
65524,doubt,865,train
65526,down,382,train
65531,draw,275,train
65532,drawer,678,train
65533,dream,679,train
65539,drink,1,train
65540,drink,1,train
65548,drunk,680,train
65549,dry,383,train
65554,duty,519,train
65556,call,145,train
65575,perfect,940,train
65588,eagle,683,train
65590,ear,384,train
65591,ear,384,train
65594,earn,385,train
65595,earring,386,train
65596,earthquake,868,train
65597,east,276,train
65599,easter,520,train
65600,easy,277,train
65601,eat,61,train
65607,egg,278,train
65609,egypt,521,train
65620,elephant,387,train
65621,elevator,522,train
65626,embarrass,870,train
65628,encourage,872,train
65630,energy,873,train
65634,english,388,train
65635,enjoy,62,train
65637,enough,874,train
65638,environment,279,train
65639,environment,279,train
65640,equal,685,train
65644,escape,389,train
65647,event,527,train
65650,exact,877,train
65652,example,152,train
65654,example,152,train
65655,excited,687,train
65660,experiment,689,train
65668,face,530,train
65669,face,530,train
65677,family,37,train
65690,fast,392,train
65694,favorite,881,train
65696,feel,205,train
65711,fight,393,train
65721,finish,21,train
65728,first,154,train
65730,first,154,train
65731,fish,38,train
65732,fishing,395,train
65746,flower,282,train
65751,follow,398,train
65752,follow,398,train
65775,fox,883,train
65777,france,696,train
65781,friday,539,train
65783,friendly,283,train
65784,frog,697,train
65785,from,399,train
65789,fruit,885,train
65796,function,886,train
65797,future,207,train
65798,future,207,train
65800,game,208,train
65808,get,400,train
65817,girl,209,train
65822,glasses,284,train
65824,go,5,train
65829,goal,700,train
65830,goat,890,train
65833,golf,701,train
65834,gone,702,train
65840,government,210,train
65849,grapes,705,train
65853,greece,546,train
65854,green,114,train
65859,group,706,train
65860,group,706,train
65864,guess,547,train
65868,gum,893,train
65870,hair,115,train
65873,halloween,285,train
65874,halloween,285,train
65875,hammer,549,train
65881,headache,117,train
65889,help,12,train
65890,help,12,train
65892,here,212,train
65893,high,551,train
65894,history,552,train
65913,husband,215,train
65918,idea,405,train
65926,important,406,train
65929,improve,291,train
65932,independent,716,train
65940,inform,118,train
65942,inside,717,train
65959,invest,556,train
65961,invite,907,train
65966,island,719,train
65983,jump,293,train
65992,kill,294,train
65994,king,410,train
65996,kiss,42,train
65997,kitchen,411,train
66000,knife,119,train
66007,language,43,train
66008,language,43,train
66010,last,65,train
66012,last year,413,train
66013,late,160,train
66014,later,44,train
66016,laugh,120,train
66017,law,295,train
66020,lead,914,train
66024,learn,121,train
66030,lemon,414,train
66031,lemon,414,train
66032,lemon,414,train
66033,lemon,414,train
66035,lesbian,915,train
66038,letter,88,train
66065,lettuce,415,train
66067,lie,559,train
66072,limit,722,train
66078,live,219,train
66079,live,219,train
66088,lousy,919,train
66090,lucky,562,train
66091,machine,921,train
66098,man,45,train
66099,man,45,train
66104,marry,416,train
66106,match,296,train
66107,math,726,train
66108,measure,564,train
66109,meat,297,train
66110,mechanic,728,train
66114,memorize,923,train
66121,microwave,565,train
66127,minute,418,train
66129,mirror,419,train
66138,money,299,train
66140,monkey,421,train
66141,month,300,train
66142,moon,301,train
66145,most,223,train
66146,mother,25,train
66147,mother,25,train
66149,mouth,927,train
66151,move,302,train
66154,much,731,train
66156,music,224,train
66159,napkin,929,train
66161,neck,930,train
66164,negative,736,train
66166,never,425,train
66171,niece,306,train
66183,no,13,train
66186,none,226,train
66228,one,569,train
66240,opinion,742,train
66246,orange,27,train
66255,overwhelm,934,train
66265,party,230,train
66270,patient,313,train
66271,pay,314,train
66279,period,941,train
66280,person,166,train
66281,perspective,315,train
66296,pink,67,train
66297,pizza,68,train
66298,plan,233,train
66303,plus,433,train
66307,policy,945,train
66312,popular,946,train
66316,possible,436,train
66318,potato,316,train
66320,practice,235,train
66324,prepare,746,train
66326,president,236,train
66332,print,950,train
66334,prison,578,train
66337,program,749,train
66338,project,954,train
66339,promise,750,train
66343,protect,955,train
66346,provide,957,train
66351,pull,93,train
66354,punish,959,train
66355,purple,94,train
66359,puzzled,960,train
66362,queen,752,train
66363,quick,962,train
66365,quiet,437,train
66368,raccoon,580,train
66369,rain,438,train
66370,rake,964,train
66390,remove,966,train
66393,research,440,train
66396,respect,584,train
66398,restaurant,237,train
66400,retire,759,train
66403,revenge,967,train
66405,ride,238,train
66410,river,761,train
66415,room,126,train
66416,room,126,train
66418,rough,762,train
66419,rule,585,train
66422,salt,240,train
66423,sandwich,241,train
66424,sandwich,241,train
66428,saturday,318,train
66429,say,973,train
66432,scared,441,train
66433,scissors,320,train
66434,score,443,train
66439,second,977,train
66440,secret,321,train
66441,secretary,71,train
66442,seem,764,train
66444,senate,978,train
66448,serious,589,train
66468,shop,323,train
66469,short,72,train
66474,shy,982,train
66475,sick,129,train
66477,side,983,train
66481,silly,324,train
66482,since,243,train
66483,since,243,train
66484,single,591,train
66488,sister,325,train
66489,situation,984,train
66508,slow,447,train
66511,smile,593,train
66512,smile,593,train
66515,snake,448,train
66518,snow,130,train
66519,snow,130,train
66522,soap,449,train
66523,soccer,986,train
66527,socks,987,train
66528,solid,988,train
66531,son,97,train
66532,son,97,train
66534,soon,171,train
66536,sorry,327,train
66542,special,776,train
66546,spider,990,train
66552,stairs,993,train
66553,stand,779,train
66557,stink,453,train
66558,stink,453,train
66562,story,601,train
66563,straight,328,train
66572,strong,606,train
66573,struggle,454,train
66574,stubborn,455,train
66575,study,47,train
66580,sunrise,784,train
66585,sweet,329,train
66592,tall,48,train
66593,teacher,133,train
66598,thank you,333,train
66599,that,612,train
66603,theory,249,train
66604,theory,249,train
66605,therapy,614,train
66606,thin,14,train
66609,think,334,train
66636,throw,335,train
66637,thursday,99,train
66638,thursday,99,train
66639,thursday,99,train
66640,thursday,99,train
66643,tiger,459,train
66644,time,73,train
66653,together,788,train
66654,tomato,250,train
66655,tomorrow,462,train
66658,top,617,train
66664,traffic,337,train
66665,train,251,train
66667,transfer,464,train
66669,translate,789,train
66672,travel,177,train
66673,tree,465,train
66677,truck,466,train
66678,truck,466,train
66683,turkey,619,train
66704,understand,338,train
66712,upset,794,train
66715,vacation,468,train
66729,violin,795,train
66731,visit,100,train
66736,voice,340,train
66739,volunteer,796,train
66740,wait,101,train
66742,walk,15,train
66743,walk,15,train
66746,war,253,train
66747,warn,798,train
66752,water,102,train
66758,wednesday,343,train
66759,week,134,train
66760,weekend,470,train
66761,weekend,470,train
66765,west,344,train
66766,wet,345,train
66767,wet,345,train
66769,what,30,train
66773,when,346,train
66774,where,254,train
66775,which,347,train
66778,who,7,train
66779,who,7,train
66781,why,135,train
66784,wife,103,train
66785,wife,103,train
66789,win,348,train
66795,with,136,train
66798,woman,31,train
66799,woman,31,train
66802,wood,802,train
66803,word,349,train
66804,work,75,train
66807,world,627,train
66810,worry,628,train
66815,write,137,train
66816,year,16,train
66818,year,16,train
66819,yellow,104,train
66820,yes,17,train
66821,yesterday,138,train
66822,yesterday,138,train
66825,zero,803,train
69206,all,18,train
69207,also,634,train
69211,animal,257,train
69212,any,479,train
69215,arm,639,train
69216,away,816,train
69217,baby,259,train
69218,back,260,train
69230,bet,821,train
69231,big,491,train
69239,boat,653,train
69240,body,654,train
69241,book,0,train
69242,both,493,train
69243,bottle,658,train
69244,box,364,train
69245,boy,187,train
69250,bring,264,train
69259,carrot,497,train
69260,carry,834,train
69262,catch,265,train
69280,cookie,373,train
69281,cool,20,train
69282,corn,56,train
69283,cow,57,train
69289,dad,855,train
69290,dark,59,train
69291,day,199,train
69292,deer,378,train
69294,describe,857,train
69296,dirty,380,train
69298,dog,36,train
69299,doll,518,train
69301,down,382,train
69304,dry,383,train
69305,duck,681,train
69306,ear,384,train
69309,eight,869,train
69311,every,686,train
69315,fact,691,train
69318,father,280,train
69319,feel,205,train
69325,fish,38,train
69330,food,535,train
69331,football,206,train
69337,from,399,train
69341,get,400,train
69342,girl,209,train
69343,give,64,train
69347,good,156,train
69352,great,545,train
69354,grow,892,train
69358,hard,286,train
69362,head,710,train
69365,here,212,train
69369,house,214,train
69375,if,901,train
69376,important,406,train
69377,in,715,train
69380,jump,293,train
69382,land,912,train
69390,line,916,train
69401,more,222,train
69404,my,566,train
69406,negative,736,train
69407,new,225,train
69412,none,226,train
69416,ocean,932,train
69418,off,311,train
69421,one,569,train
69426,people,429,train
69429,pig,572,train
69430,pink,67,train
69432,place,944,train
69434,please,234,train
69437,pretty,747,train
69438,print,950,train
69441,put,751,train
69442,question,961,train
69445,really,581,train
69450,sad,317,train
69451,salt,240,train
69454,say,973,train
69460,see,763,train
69461,sell,588,train
69465,shape,445,train
69472,since,243,train
69477,sky,774,train
69479,sleep,326,train
69482,soda,450,train
69483,soft,594,train
69484,some,245,train
69485,soup,596,train
69486,special,776,train
69489,store,996,train
69491,strange,602,train
69493,strong,606,train
69495,summer,608,train
69499,sweet,329,train
69500,take,131,train
69501,tent,332,train
69502,thank you,333,train
69505,think,334,train
69506,thirsty,615,train
69510,tiger,459,train
69512,today,336,train
69522,up,793,train
69529,wet,345,train
69532,when,346,train
69534,who,7,train
69536,will,625,train
