video_id,path,reason
00295,raw/videos/00295.mp4,missing_file
00333,raw/videos/00333.mp4,missing_file
00337,raw/videos/00337.mp4,missing_file
00340,raw/videos/00340.mp4,missing_file
00374,raw/videos/00374.mp4,missing_file
00378,raw/videos/00378.mp4,missing_file
00383,raw/videos/00383.mp4,missing_file
00412,raw/videos/00412.mp4,missing_file
00419,raw/videos/00419.mp4,missing_file
00422,raw/videos/00422.mp4,missing_file
00423,raw/videos/00423.mp4,missing_file
00424,raw/videos/00424.mp4,missing_file
00425,raw/videos/00425.mp4,missing_file
00429,raw/videos/00429.mp4,missing_file
00432,raw/videos/00432.mp4,missing_file
00434,raw/videos/00434.mp4,missing_file
00581,raw/videos/00581.mp4,missing_file
00587,raw/videos/00587.mp4,missing_file
00588,raw/videos/00588.mp4,missing_file
00598,raw/videos/00598.mp4,missing_file
00601,raw/videos/00601.mp4,missing_file
00602,raw/videos/00602.mp4,missing_file
00618,raw/videos/00618.mp4,missing_file
00630,raw/videos/00630.mp4,missing_file
00635,raw/videos/00635.mp4,missing_file
00636,raw/videos/00636.mp4,missing_file
00638,raw/videos/00638.mp4,missing_file
00662,raw/videos/00662.mp4,missing_file
00665,raw/videos/00665.mp4,missing_file
00667,raw/videos/00667.mp4,missing_file
00691,raw/videos/00691.mp4,missing_file
00693,raw/videos/00693.mp4,missing_file
00829,raw/videos/00829.mp4,missing_file
00838,raw/videos/00838.mp4,missing_file
00840,raw/videos/00840.mp4,missing_file
00841,raw/videos/00841.mp4,missing_file
00850,raw/videos/00850.mp4,missing_file
00857,raw/videos/00857.mp4,missing_file
00867,raw/videos/00867.mp4,missing_file
00870,raw/videos/00870.mp4,missing_file
00873,raw/videos/00873.mp4,missing_file
00886,raw/videos/00886.mp4,missing_file
00893,raw/videos/00893.mp4,missing_file
00897,raw/videos/00897.mp4,missing_file
00902,raw/videos/00902.mp4,missing_file
00903,raw/videos/00903.mp4,missing_file
00950,raw/videos/00950.mp4,missing_file
00966,raw/videos/00966.mp4,missing_file
00972,raw/videos/00972.mp4,missing_file
01016,raw/videos/01016.mp4,missing_file
01020,raw/videos/01020.mp4,missing_file
01021,raw/videos/01021.mp4,missing_file
01062,raw/videos/01062.mp4,missing_file
01067,raw/videos/01067.mp4,missing_file
01069,raw/videos/01069.mp4,missing_file
01075,raw/videos/01075.mp4,missing_file
01077,raw/videos/01077.mp4,missing_file
01078,raw/videos/01078.mp4,missing_file
01102,raw/videos/01102.mp4,missing_file
01106,raw/videos/01106.mp4,missing_file
01121,raw/videos/01121.mp4,missing_file
01124,raw/videos/01124.mp4,missing_file
01149,raw/videos/01149.mp4,missing_file
01161,raw/videos/01161.mp4,missing_file
01194,raw/videos/01194.mp4,missing_file
01211,raw/videos/01211.mp4,missing_file
01212,raw/videos/01212.mp4,missing_file
01215,raw/videos/01215.mp4,missing_file
01216,raw/videos/01216.mp4,missing_file
01224,raw/videos/01224.mp4,missing_file
01228,raw/videos/01228.mp4,missing_file
01230,raw/videos/01230.mp4,missing_file
01242,raw/videos/01242.mp4,missing_file
01247,raw/videos/01247.mp4,missing_file
01248,raw/videos/01248.mp4,missing_file
01249,raw/videos/01249.mp4,missing_file
01251,raw/videos/01251.mp4,missing_file
01263,raw/videos/01263.mp4,missing_file
01267,raw/videos/01267.mp4,missing_file
01269,raw/videos/01269.mp4,missing_file
01322,raw/videos/01322.mp4,missing_file
01325,raw/videos/01325.mp4,missing_file
01372,raw/videos/01372.mp4,missing_file
01375,raw/videos/01375.mp4,missing_file
01379,raw/videos/01379.mp4,missing_file
01382,raw/videos/01382.mp4,missing_file
01390,raw/videos/01390.mp4,missing_file
01392,raw/videos/01392.mp4,missing_file
01393,raw/videos/01393.mp4,missing_file
01394,raw/videos/01394.mp4,missing_file
01395,raw/videos/01395.mp4,missing_file
01396,raw/videos/01396.mp4,missing_file
01397,raw/videos/01397.mp4,missing_file
01411,raw/videos/01411.mp4,missing_file
01423,raw/videos/01423.mp4,missing_file
01426,raw/videos/01426.mp4,missing_file
01427,raw/videos/01427.mp4,missing_file
01429,raw/videos/01429.mp4,missing_file
01437,raw/videos/01437.mp4,missing_file
01440,raw/videos/01440.mp4,missing_file
01441,raw/videos/01441.mp4,missing_file
01457,raw/videos/01457.mp4,missing_file
01465,raw/videos/01465.mp4,missing_file
01467,raw/videos/01467.mp4,missing_file
01468,raw/videos/01468.mp4,missing_file
01469,raw/videos/01469.mp4,missing_file
01470,raw/videos/01470.mp4,missing_file
01472,raw/videos/01472.mp4,missing_file
01475,raw/videos/01475.mp4,missing_file
01478,raw/videos/01478.mp4,missing_file
01482,raw/videos/01482.mp4,missing_file
01488,raw/videos/01488.mp4,missing_file
01491,raw/videos/01491.mp4,missing_file
01493,raw/videos/01493.mp4,missing_file
01494,raw/videos/01494.mp4,missing_file
01504,raw/videos/01504.mp4,missing_file
01509,raw/videos/01509.mp4,missing_file
01513,raw/videos/01513.mp4,missing_file
01514,raw/videos/01514.mp4,missing_file
01551,raw/videos/01551.mp4,missing_file
01555,raw/videos/01555.mp4,missing_file
01562,raw/videos/01562.mp4,missing_file
01572,raw/videos/01572.mp4,missing_file
01578,raw/videos/01578.mp4,missing_file
01580,raw/videos/01580.mp4,missing_file
01581,raw/videos/01581.mp4,missing_file
01596,raw/videos/01596.mp4,missing_file
01601,raw/videos/01601.mp4,missing_file
01603,raw/videos/01603.mp4,missing_file
01604,raw/videos/01604.mp4,missing_file
01611,raw/videos/01611.mp4,missing_file
01613,raw/videos/01613.mp4,missing_file
01614,raw/videos/01614.mp4,missing_file
01625,raw/videos/01625.mp4,missing_file
01628,raw/videos/01628.mp4,missing_file
01644,raw/videos/01644.mp4,missing_file
01645,raw/videos/01645.mp4,missing_file
01651,raw/videos/01651.mp4,missing_file
01721,raw/videos/01721.mp4,missing_file
01728,raw/videos/01728.mp4,missing_file
01733,raw/videos/01733.mp4,missing_file
01796,raw/videos/01796.mp4,missing_file
01803,raw/videos/01803.mp4,missing_file
01805,raw/videos/01805.mp4,missing_file
01806,raw/videos/01806.mp4,missing_file
01828,raw/videos/01828.mp4,missing_file
01833,raw/videos/01833.mp4,missing_file
01837,raw/videos/01837.mp4,missing_file
01838,raw/videos/01838.mp4,missing_file
01873,raw/videos/01873.mp4,missing_file
01877,raw/videos/01877.mp4,missing_file
01879,raw/videos/01879.mp4,missing_file
01912,raw/videos/01912.mp4,missing_file
01921,raw/videos/01921.mp4,missing_file
01925,raw/videos/01925.mp4,missing_file
01959,raw/videos/01959.mp4,missing_file
01964,raw/videos/01964.mp4,missing_file
01989,raw/videos/01989.mp4,missing_file
01990,raw/videos/01990.mp4,missing_file
01995,raw/videos/01995.mp4,missing_file
01996,raw/videos/01996.mp4,missing_file
01997,raw/videos/01997.mp4,missing_file
01998,raw/videos/01998.mp4,missing_file
01999,raw/videos/01999.mp4,missing_file
02000,raw/videos/02000.mp4,missing_file
02002,raw/videos/02002.mp4,missing_file
02011,raw/videos/02011.mp4,missing_file
02013,raw/videos/02013.mp4,missing_file
02041,raw/videos/02041.mp4,missing_file
02047,raw/videos/02047.mp4,missing_file
02050,raw/videos/02050.mp4,missing_file
02051,raw/videos/02051.mp4,missing_file
02089,raw/videos/02089.mp4,missing_file
02094,raw/videos/02094.mp4,missing_file
02096,raw/videos/02096.mp4,missing_file
02097,raw/videos/02097.mp4,missing_file
02098,raw/videos/02098.mp4,missing_file
02102,raw/videos/02102.mp4,missing_file
02107,raw/videos/02107.mp4,missing_file
02111,raw/videos/02111.mp4,missing_file
02123,raw/videos/02123.mp4,missing_file
02143,raw/videos/02143.mp4,missing_file
02146,raw/videos/02146.mp4,missing_file
02147,raw/videos/02147.mp4,missing_file
02150,raw/videos/02150.mp4,missing_file
02158,raw/videos/02158.mp4,missing_file
02164,raw/videos/02164.mp4,missing_file
02167,raw/videos/02167.mp4,missing_file
02173,raw/videos/02173.mp4,missing_file
02176,raw/videos/02176.mp4,missing_file
02179,raw/videos/02179.mp4,missing_file
02180,raw/videos/02180.mp4,missing_file
02227,raw/videos/02227.mp4,missing_file
02232,raw/videos/02232.mp4,missing_file
02234,raw/videos/02234.mp4,missing_file
02235,raw/videos/02235.mp4,missing_file
02236,raw/videos/02236.mp4,missing_file
02237,raw/videos/02237.mp4,missing_file
02275,raw/videos/02275.mp4,missing_file
02284,raw/videos/02284.mp4,missing_file
02348,raw/videos/02348.mp4,missing_file
02352,raw/videos/02352.mp4,missing_file
02354,raw/videos/02354.mp4,missing_file
02355,raw/videos/02355.mp4,missing_file
02432,raw/videos/02432.mp4,missing_file
02433,raw/videos/02433.mp4,missing_file
02473,raw/videos/02473.mp4,missing_file
02479,raw/videos/02479.mp4,missing_file
02482,raw/videos/02482.mp4,missing_file
02484,raw/videos/02484.mp4,missing_file
02488,raw/videos/02488.mp4,missing_file
02491,raw/videos/02491.mp4,missing_file
02517,raw/videos/02517.mp4,missing_file
02520,raw/videos/02520.mp4,missing_file
02522,raw/videos/02522.mp4,missing_file
02523,raw/videos/02523.mp4,missing_file
02524,raw/videos/02524.mp4,missing_file
02539,raw/videos/02539.mp4,missing_file
02543,raw/videos/02543.mp4,missing_file
02546,raw/videos/02546.mp4,missing_file
02547,raw/videos/02547.mp4,missing_file
02556,raw/videos/02556.mp4,missing_file
02562,raw/videos/02562.mp4,missing_file
02564,raw/videos/02564.mp4,missing_file
02570,raw/videos/02570.mp4,missing_file
02575,raw/videos/02575.mp4,missing_file
02581,raw/videos/02581.mp4,missing_file
02588,raw/videos/02588.mp4,missing_file
02590,raw/videos/02590.mp4,missing_file
02591,raw/videos/02591.mp4,missing_file
02607,raw/videos/02607.mp4,missing_file
02612,raw/videos/02612.mp4,missing_file
02613,raw/videos/02613.mp4,missing_file
02615,raw/videos/02615.mp4,missing_file
02618,raw/videos/02618.mp4,missing_file
02621,raw/videos/02621.mp4,missing_file
02623,raw/videos/02623.mp4,missing_file
02624,raw/videos/02624.mp4,missing_file
02634,raw/videos/02634.mp4,missing_file
02646,raw/videos/02646.mp4,missing_file
02652,raw/videos/02652.mp4,missing_file
02696,raw/videos/02696.mp4,missing_file
02700,raw/videos/02700.mp4,missing_file
02702,raw/videos/02702.mp4,missing_file
02705,raw/videos/02705.mp4,missing_file
02707,raw/videos/02707.mp4,missing_file
02714,raw/videos/02714.mp4,missing_file
02716,raw/videos/02716.mp4,missing_file
02717,raw/videos/02717.mp4,missing_file
02818,raw/videos/02818.mp4,missing_file
02827,raw/videos/02827.mp4,missing_file
02829,raw/videos/02829.mp4,missing_file
02830,raw/videos/02830.mp4,missing_file
02831,raw/videos/02831.mp4,missing_file
02832,raw/videos/02832.mp4,missing_file
02850,raw/videos/02850.mp4,missing_file
02853,raw/videos/02853.mp4,missing_file
02855,raw/videos/02855.mp4,missing_file
02863,raw/videos/02863.mp4,missing_file
02866,raw/videos/02866.mp4,missing_file
02869,raw/videos/02869.mp4,missing_file
02871,raw/videos/02871.mp4,missing_file
02876,raw/videos/02876.mp4,missing_file
02878,raw/videos/02878.mp4,missing_file
02879,raw/videos/02879.mp4,missing_file
02914,raw/videos/02914.mp4,missing_file
02916,raw/videos/02916.mp4,missing_file
02941,raw/videos/02941.mp4,missing_file
02955,raw/videos/02955.mp4,missing_file
02959,raw/videos/02959.mp4,missing_file
02968,raw/videos/02968.mp4,missing_file
02972,raw/videos/02972.mp4,missing_file
02974,raw/videos/02974.mp4,missing_file
02997,raw/videos/02997.mp4,missing_file
03004,raw/videos/03004.mp4,missing_file
03006,raw/videos/03006.mp4,missing_file
03007,raw/videos/03007.mp4,missing_file
03053,raw/videos/03053.mp4,missing_file
03067,raw/videos/03067.mp4,missing_file
03071,raw/videos/03071.mp4,missing_file
03072,raw/videos/03072.mp4,missing_file
03089,raw/videos/03089.mp4,missing_file
03094,raw/videos/03094.mp4,missing_file
03100,raw/videos/03100.mp4,missing_file
03104,raw/videos/03104.mp4,missing_file
03106,raw/videos/03106.mp4,missing_file
03107,raw/videos/03107.mp4,missing_file
03117,raw/videos/03117.mp4,missing_file
03123,raw/videos/03123.mp4,missing_file
03126,raw/videos/03126.mp4,missing_file
03127,raw/videos/03127.mp4,missing_file
03128,raw/videos/03128.mp4,missing_file
03129,raw/videos/03129.mp4,missing_file
03130,raw/videos/03130.mp4,missing_file
03150,raw/videos/03150.mp4,missing_file
03157,raw/videos/03157.mp4,missing_file
03159,raw/videos/03159.mp4,missing_file
03199,raw/videos/03199.mp4,missing_file
03203,raw/videos/03203.mp4,missing_file
03206,raw/videos/03206.mp4,missing_file
03239,raw/videos/03239.mp4,missing_file
03243,raw/videos/03243.mp4,missing_file
03244,raw/videos/03244.mp4,missing_file
03245,raw/videos/03245.mp4,missing_file
03266,raw/videos/03266.mp4,missing_file
03276,raw/videos/03276.mp4,missing_file
03280,raw/videos/03280.mp4,missing_file
03281,raw/videos/03281.mp4,missing_file
03311,raw/videos/03311.mp4,missing_file
03317,raw/videos/03317.mp4,missing_file
03320,raw/videos/03320.mp4,missing_file
03328,raw/videos/03328.mp4,missing_file
03340,raw/videos/03340.mp4,missing_file
03343,raw/videos/03343.mp4,missing_file
03360,raw/videos/03360.mp4,missing_file
03363,raw/videos/03363.mp4,missing_file
03365,raw/videos/03365.mp4,missing_file
03366,raw/videos/03366.mp4,missing_file
03367,raw/videos/03367.mp4,missing_file
03380,raw/videos/03380.mp4,missing_file
03385,raw/videos/03385.mp4,missing_file
03387,raw/videos/03387.mp4,missing_file
03422,raw/videos/03422.mp4,missing_file
03423,raw/videos/03423.mp4,missing_file
03426,raw/videos/03426.mp4,missing_file
03427,raw/videos/03427.mp4,missing_file
03429,raw/videos/03429.mp4,missing_file
03434,raw/videos/03434.mp4,missing_file
03440,raw/videos/03440.mp4,missing_file
03442,raw/videos/03442.mp4,missing_file
03443,raw/videos/03443.mp4,missing_file
03444,raw/videos/03444.mp4,missing_file
03452,raw/videos/03452.mp4,missing_file
03455,raw/videos/03455.mp4,missing_file
03469,raw/videos/03469.mp4,missing_file
03483,raw/videos/03483.mp4,missing_file
03485,raw/videos/03485.mp4,missing_file
03489,raw/videos/03489.mp4,missing_file
03492,raw/videos/03492.mp4,missing_file
03494,raw/videos/03494.mp4,missing_file
03495,raw/videos/03495.mp4,missing_file
03514,raw/videos/03514.mp4,missing_file
03518,raw/videos/03518.mp4,missing_file
03520,raw/videos/03520.mp4,missing_file
03521,raw/videos/03521.mp4,missing_file
03566,raw/videos/03566.mp4,missing_file
03569,raw/videos/03569.mp4,missing_file
03570,raw/videos/03570.mp4,missing_file
03587,raw/videos/03587.mp4,missing_file
03599,raw/videos/03599.mp4,missing_file
03602,raw/videos/03602.mp4,missing_file
03625,raw/videos/03625.mp4,missing_file
03637,raw/videos/03637.mp4,missing_file
03640,raw/videos/03640.mp4,missing_file
03641,raw/videos/03641.mp4,missing_file
03750,raw/videos/03750.mp4,missing_file
03752,raw/videos/03752.mp4,missing_file
03760,raw/videos/03760.mp4,missing_file
03762,raw/videos/03762.mp4,missing_file
03767,raw/videos/03767.mp4,missing_file
03797,raw/videos/03797.mp4,missing_file
03801,raw/videos/03801.mp4,missing_file
03804,raw/videos/03804.mp4,missing_file
03992,raw/videos/03992.mp4,missing_file
04001,raw/videos/04001.mp4,missing_file
04005,raw/videos/04005.mp4,missing_file
04008,raw/videos/04008.mp4,missing_file
04014,raw/videos/04014.mp4,missing_file
04016,raw/videos/04016.mp4,missing_file
04039,raw/videos/04039.mp4,missing_file
04043,raw/videos/04043.mp4,missing_file
04046,raw/videos/04046.mp4,missing_file
04047,raw/videos/04047.mp4,missing_file
04049,raw/videos/04049.mp4,missing_file
04052,raw/videos/04052.mp4,missing_file
04054,raw/videos/04054.mp4,missing_file
04056,raw/videos/04056.mp4,missing_file
04065,raw/videos/04065.mp4,missing_file
04066,raw/videos/04066.mp4,missing_file
04067,raw/videos/04067.mp4,missing_file
04075,raw/videos/04075.mp4,missing_file
04097,raw/videos/04097.mp4,missing_file
04103,raw/videos/04103.mp4,missing_file
04105,raw/videos/04105.mp4,missing_file
04110,raw/videos/04110.mp4,missing_file
04117,raw/videos/04117.mp4,missing_file
04121,raw/videos/04121.mp4,missing_file
04122,raw/videos/04122.mp4,missing_file
04128,raw/videos/04128.mp4,missing_file
04131,raw/videos/04131.mp4,missing_file
04133,raw/videos/04133.mp4,missing_file
04135,raw/videos/04135.mp4,missing_file
04138,raw/videos/04138.mp4,missing_file
04140,raw/videos/04140.mp4,missing_file
04154,raw/videos/04154.mp4,missing_file
04158,raw/videos/04158.mp4,missing_file
04160,raw/videos/04160.mp4,missing_file
04161,raw/videos/04161.mp4,missing_file
04165,raw/videos/04165.mp4,missing_file
04172,raw/videos/04172.mp4,missing_file
04174,raw/videos/04174.mp4,missing_file
04175,raw/videos/04175.mp4,missing_file
04183,raw/videos/04183.mp4,missing_file
04191,raw/videos/04191.mp4,missing_file
04195,raw/videos/04195.mp4,missing_file
04196,raw/videos/04196.mp4,missing_file
04204,raw/videos/04204.mp4,missing_file
04205,raw/videos/04205.mp4,missing_file
04207,raw/videos/04207.mp4,missing_file
04216,raw/videos/04216.mp4,missing_file
04220,raw/videos/04220.mp4,missing_file
04222,raw/videos/04222.mp4,missing_file
04225,raw/videos/04225.mp4,missing_file
04229,raw/videos/04229.mp4,missing_file
04231,raw/videos/04231.mp4,missing_file
04288,raw/videos/04288.mp4,missing_file
04293,raw/videos/04293.mp4,missing_file
04295,raw/videos/04295.mp4,missing_file
04300,raw/videos/04300.mp4,missing_file
04303,raw/videos/04303.mp4,missing_file
04305,raw/videos/04305.mp4,missing_file
04323,raw/videos/04323.mp4,missing_file
04328,raw/videos/04328.mp4,missing_file
04329,raw/videos/04329.mp4,missing_file
04341,raw/videos/04341.mp4,missing_file
04346,raw/videos/04346.mp4,missing_file
04349,raw/videos/04349.mp4,missing_file
04350,raw/videos/04350.mp4,missing_file
04351,raw/videos/04351.mp4,missing_file
04354,raw/videos/04354.mp4,missing_file
04357,raw/videos/04357.mp4,missing_file
04360,raw/videos/04360.mp4,missing_file
04363,raw/videos/04363.mp4,missing_file
04367,raw/videos/04367.mp4,missing_file
04370,raw/videos/04370.mp4,missing_file
04371,raw/videos/04371.mp4,missing_file
04374,raw/videos/04374.mp4,missing_file
04377,raw/videos/04377.mp4,missing_file
04379,raw/videos/04379.mp4,missing_file
04386,raw/videos/04386.mp4,missing_file
04391,raw/videos/04391.mp4,missing_file
04395,raw/videos/04395.mp4,missing_file
04396,raw/videos/04396.mp4,missing_file
04422,raw/videos/04422.mp4,missing_file
04428,raw/videos/04428.mp4,missing_file
04432,raw/videos/04432.mp4,missing_file
04433,raw/videos/04433.mp4,missing_file
04436,raw/videos/04436.mp4,missing_file
04442,raw/videos/04442.mp4,missing_file
04444,raw/videos/04444.mp4,missing_file
04445,raw/videos/04445.mp4,missing_file
04466,raw/videos/04466.mp4,missing_file
04467,raw/videos/04467.mp4,missing_file
04484,raw/videos/04484.mp4,missing_file
04510,raw/videos/04510.mp4,missing_file
04512,raw/videos/04512.mp4,missing_file
04513,raw/videos/04513.mp4,missing_file
04530,raw/videos/04530.mp4,missing_file
04534,raw/videos/04534.mp4,missing_file
04535,raw/videos/04535.mp4,missing_file
04536,raw/videos/04536.mp4,missing_file
04579,raw/videos/04579.mp4,missing_file
04583,raw/videos/04583.mp4,missing_file
04587,raw/videos/04587.mp4,missing_file
04589,raw/videos/04589.mp4,missing_file
04595,raw/videos/04595.mp4,missing_file
04596,raw/videos/04596.mp4,missing_file
04597,raw/videos/04597.mp4,missing_file
04602,raw/videos/04602.mp4,missing_file
04603,raw/videos/04603.mp4,missing_file
04614,raw/videos/04614.mp4,missing_file
04621,raw/videos/04621.mp4,missing_file
04622,raw/videos/04622.mp4,missing_file
04626,raw/videos/04626.mp4,missing_file
04627,raw/videos/04627.mp4,missing_file
04628,raw/videos/04628.mp4,missing_file
04629,raw/videos/04629.mp4,missing_file
04630,raw/videos/04630.mp4,missing_file
04678,raw/videos/04678.mp4,missing_file
04683,raw/videos/04683.mp4,missing_file
04685,raw/videos/04685.mp4,missing_file
04686,raw/videos/04686.mp4,missing_file
04694,raw/videos/04694.mp4,missing_file
04716,raw/videos/04716.mp4,missing_file
04720,raw/videos/04720.mp4,missing_file
04721,raw/videos/04721.mp4,missing_file
04722,raw/videos/04722.mp4,missing_file
04764,raw/videos/04764.mp4,missing_file
04771,raw/videos/04771.mp4,missing_file
04773,raw/videos/04773.mp4,missing_file
04774,raw/videos/04774.mp4,missing_file
04790,raw/videos/04790.mp4,missing_file
04800,raw/videos/04800.mp4,missing_file
04804,raw/videos/04804.mp4,missing_file
04805,raw/videos/04805.mp4,missing_file
04814,raw/videos/04814.mp4,missing_file
04825,raw/videos/04825.mp4,missing_file
04829,raw/videos/04829.mp4,missing_file
04830,raw/videos/04830.mp4,missing_file
04833,raw/videos/04833.mp4,missing_file
04853,raw/videos/04853.mp4,missing_file
04859,raw/videos/04859.mp4,missing_file
04860,raw/videos/04860.mp4,missing_file
04861,raw/videos/04861.mp4,missing_file
04862,raw/videos/04862.mp4,missing_file
04866,raw/videos/04866.mp4,missing_file
04871,raw/videos/04871.mp4,missing_file
04874,raw/videos/04874.mp4,missing_file
04895,raw/videos/04895.mp4,missing_file
04901,raw/videos/04901.mp4,missing_file
04902,raw/videos/04902.mp4,missing_file
04904,raw/videos/04904.mp4,missing_file
04905,raw/videos/04905.mp4,missing_file
04973,raw/videos/04973.mp4,missing_file
04975,raw/videos/04975.mp4,missing_file
05016,raw/videos/05016.mp4,missing_file
05024,raw/videos/05024.mp4,missing_file
05068,raw/videos/05068.mp4,missing_file
05071,raw/videos/05071.mp4,missing_file
05092,raw/videos/05092.mp4,missing_file
05093,raw/videos/05093.mp4,missing_file
05099,raw/videos/05099.mp4,missing_file
05101,raw/videos/05101.mp4,missing_file
05111,raw/videos/05111.mp4,missing_file
05115,raw/videos/05115.mp4,missing_file
05116,raw/videos/05116.mp4,missing_file
05117,raw/videos/05117.mp4,missing_file
05165,raw/videos/05165.mp4,missing_file
05174,raw/videos/05174.mp4,missing_file
05176,raw/videos/05176.mp4,missing_file
05193,raw/videos/05193.mp4,missing_file
05197,raw/videos/05197.mp4,missing_file
05200,raw/videos/05200.mp4,missing_file
05201,raw/videos/05201.mp4,missing_file
05202,raw/videos/05202.mp4,missing_file
05215,raw/videos/05215.mp4,missing_file
05218,raw/videos/05218.mp4,missing_file
05220,raw/videos/05220.mp4,missing_file
05227,raw/videos/05227.mp4,missing_file
05236,raw/videos/05236.mp4,missing_file
05237,raw/videos/05237.mp4,missing_file
05241,raw/videos/05241.mp4,missing_file
05270,raw/videos/05270.mp4,missing_file
05279,raw/videos/05279.mp4,missing_file
05281,raw/videos/05281.mp4,missing_file
05282,raw/videos/05282.mp4,missing_file
05283,raw/videos/05283.mp4,missing_file
05284,raw/videos/05284.mp4,missing_file
05296,raw/videos/05296.mp4,missing_file
05301,raw/videos/05301.mp4,missing_file
05302,raw/videos/05302.mp4,missing_file
05304,raw/videos/05304.mp4,missing_file
05305,raw/videos/05305.mp4,missing_file
05307,raw/videos/05307.mp4,missing_file
05308,raw/videos/05308.mp4,missing_file
05309,raw/videos/05309.mp4,missing_file
05363,raw/videos/05363.mp4,missing_file
05364,raw/videos/05364.mp4,missing_file
05366,raw/videos/05366.mp4,missing_file
05370,raw/videos/05370.mp4,missing_file
05371,raw/videos/05371.mp4,missing_file
05373,raw/videos/05373.mp4,missing_file
05474,raw/videos/05474.mp4,missing_file
05475,raw/videos/05475.mp4,missing_file
05477,raw/videos/05477.mp4,missing_file
05488,raw/videos/05488.mp4,missing_file
05494,raw/videos/05494.mp4,missing_file
05495,raw/videos/05495.mp4,missing_file
05496,raw/videos/05496.mp4,missing_file
05497,raw/videos/05497.mp4,missing_file
05554,raw/videos/05554.mp4,missing_file
05561,raw/videos/05561.mp4,missing_file
05564,raw/videos/05564.mp4,missing_file
05595,raw/videos/05595.mp4,missing_file
05603,raw/videos/05603.mp4,missing_file
05607,raw/videos/05607.mp4,missing_file
05608,raw/videos/05608.mp4,missing_file
05614,raw/videos/05614.mp4,missing_file
05618,raw/videos/05618.mp4,missing_file
05620,raw/videos/05620.mp4,missing_file
05621,raw/videos/05621.mp4,missing_file
05628,raw/videos/05628.mp4,missing_file
05635,raw/videos/05635.mp4,missing_file
05639,raw/videos/05639.mp4,missing_file
05641,raw/videos/05641.mp4,missing_file
05642,raw/videos/05642.mp4,missing_file
05643,raw/videos/05643.mp4,missing_file
05651,raw/videos/05651.mp4,missing_file
05655,raw/videos/05655.mp4,missing_file
05658,raw/videos/05658.mp4,missing_file
05659,raw/videos/05659.mp4,missing_file
05660,raw/videos/05660.mp4,missing_file
05667,raw/videos/05667.mp4,missing_file
05686,raw/videos/05686.mp4,missing_file
05687,raw/videos/05687.mp4,missing_file
05699,raw/videos/05699.mp4,missing_file
05711,raw/videos/05711.mp4,missing_file
05713,raw/videos/05713.mp4,missing_file
05724,raw/videos/05724.mp4,missing_file
05735,raw/videos/05735.mp4,missing_file
05736,raw/videos/05736.mp4,missing_file
05737,raw/videos/05737.mp4,missing_file
05744,raw/videos/05744.mp4,missing_file
05746,raw/videos/05746.mp4,missing_file
05747,raw/videos/05747.mp4,missing_file
05748,raw/videos/05748.mp4,missing_file
05756,raw/videos/05756.mp4,missing_file
05760,raw/videos/05760.mp4,missing_file
05761,raw/videos/05761.mp4,missing_file
05764,raw/videos/05764.mp4,missing_file
05765,raw/videos/05765.mp4,missing_file
05766,raw/videos/05766.mp4,missing_file
05776,raw/videos/05776.mp4,missing_file
05795,raw/videos/05795.mp4,missing_file
05797,raw/videos/05797.mp4,missing_file
05800,raw/videos/05800.mp4,missing_file
05805,raw/videos/05805.mp4,missing_file
05806,raw/videos/05806.mp4,missing_file
05809,raw/videos/05809.mp4,missing_file
05810,raw/videos/05810.mp4,missing_file
05813,raw/videos/05813.mp4,missing_file
05814,raw/videos/05814.mp4,missing_file
05815,raw/videos/05815.mp4,missing_file
05850,raw/videos/05850.mp4,missing_file
05852,raw/videos/05852.mp4,missing_file
05857,raw/videos/05857.mp4,missing_file
05859,raw/videos/05859.mp4,missing_file
05860,raw/videos/05860.mp4,missing_file
05861,raw/videos/05861.mp4,missing_file
05869,raw/videos/05869.mp4,missing_file
05876,raw/videos/05876.mp4,missing_file
05880,raw/videos/05880.mp4,missing_file
05910,raw/videos/05910.mp4,missing_file
05914,raw/videos/05914.mp4,missing_file
05918,raw/videos/05918.mp4,missing_file
05919,raw/videos/05919.mp4,missing_file
05921,raw/videos/05921.mp4,missing_file
05927,raw/videos/05927.mp4,missing_file
05929,raw/videos/05929.mp4,missing_file
05930,raw/videos/05930.mp4,missing_file
05959,raw/videos/05959.mp4,missing_file
05963,raw/videos/05963.mp4,missing_file
05966,raw/videos/05966.mp4,missing_file
05986,raw/videos/05986.mp4,missing_file
05991,raw/videos/05991.mp4,missing_file
05997,raw/videos/05997.mp4,missing_file
06000,raw/videos/06000.mp4,missing_file
06014,raw/videos/06014.mp4,missing_file
06024,raw/videos/06024.mp4,missing_file
06026,raw/videos/06026.mp4,missing_file
06027,raw/videos/06027.mp4,missing_file
06028,raw/videos/06028.mp4,missing_file
06039,raw/videos/06039.mp4,missing_file
06048,raw/videos/06048.mp4,missing_file
06050,raw/videos/06050.mp4,missing_file
06051,raw/videos/06051.mp4,missing_file
06062,raw/videos/06062.mp4,missing_file
06068,raw/videos/06068.mp4,missing_file
06070,raw/videos/06070.mp4,missing_file
06071,raw/videos/06071.mp4,missing_file
06072,raw/videos/06072.mp4,missing_file
06073,raw/videos/06073.mp4,missing_file
06074,raw/videos/06074.mp4,missing_file
06077,raw/videos/06077.mp4,missing_file
06121,raw/videos/06121.mp4,missing_file
06123,raw/videos/06123.mp4,missing_file
06139,raw/videos/06139.mp4,missing_file
06143,raw/videos/06143.mp4,missing_file
06144,raw/videos/06144.mp4,missing_file
06145,raw/videos/06145.mp4,missing_file
06157,raw/videos/06157.mp4,missing_file
06162,raw/videos/06162.mp4,missing_file
06164,raw/videos/06164.mp4,missing_file
06176,raw/videos/06176.mp4,missing_file
06195,raw/videos/06195.mp4,missing_file
06196,raw/videos/06196.mp4,missing_file
06217,raw/videos/06217.mp4,missing_file
06298,raw/videos/06298.mp4,missing_file
06301,raw/videos/06301.mp4,missing_file
06312,raw/videos/06312.mp4,missing_file
06316,raw/videos/06316.mp4,missing_file
06318,raw/videos/06318.mp4,missing_file
06326,raw/videos/06326.mp4,missing_file
06336,raw/videos/06336.mp4,missing_file
06338,raw/videos/06338.mp4,missing_file
06339,raw/videos/06339.mp4,missing_file
06340,raw/videos/06340.mp4,missing_file
06341,raw/videos/06341.mp4,missing_file
06342,raw/videos/06342.mp4,missing_file
06346,raw/videos/06346.mp4,missing_file
06355,raw/videos/06355.mp4,missing_file
06361,raw/videos/06361.mp4,missing_file
06362,raw/videos/06362.mp4,missing_file
06366,raw/videos/06366.mp4,missing_file
06367,raw/videos/06367.mp4,missing_file
06368,raw/videos/06368.mp4,missing_file
06369,raw/videos/06369.mp4,missing_file
06370,raw/videos/06370.mp4,missing_file
06378,raw/videos/06378.mp4,missing_file
06407,raw/videos/06407.mp4,missing_file
06412,raw/videos/06412.mp4,missing_file
06413,raw/videos/06413.mp4,missing_file
06417,raw/videos/06417.mp4,missing_file
06418,raw/videos/06418.mp4,missing_file
06425,raw/videos/06425.mp4,missing_file
06433,raw/videos/06433.mp4,missing_file
06437,raw/videos/06437.mp4,missing_file
06438,raw/videos/06438.mp4,missing_file
06455,raw/videos/06455.mp4,missing_file
06475,raw/videos/06475.mp4,missing_file
06480,raw/videos/06480.mp4,missing_file
06481,raw/videos/06481.mp4,missing_file
06482,raw/videos/06482.mp4,missing_file
06483,raw/videos/06483.mp4,missing_file
06484,raw/videos/06484.mp4,missing_file
06485,raw/videos/06485.mp4,missing_file
06526,raw/videos/06526.mp4,missing_file
06530,raw/videos/06530.mp4,missing_file
06531,raw/videos/06531.mp4,missing_file
06534,raw/videos/06534.mp4,missing_file
06535,raw/videos/06535.mp4,missing_file
06550,raw/videos/06550.mp4,missing_file
06557,raw/videos/06557.mp4,missing_file
06560,raw/videos/06560.mp4,missing_file
06561,raw/videos/06561.mp4,missing_file
06562,raw/videos/06562.mp4,missing_file
06602,raw/videos/06602.mp4,missing_file
06616,raw/videos/06616.mp4,missing_file
06619,raw/videos/06619.mp4,missing_file
06622,raw/videos/06622.mp4,missing_file
06627,raw/videos/06627.mp4,missing_file
06630,raw/videos/06630.mp4,missing_file
06643,raw/videos/06643.mp4,missing_file
06653,raw/videos/06653.mp4,missing_file
06656,raw/videos/06656.mp4,missing_file
06657,raw/videos/06657.mp4,missing_file
06723,raw/videos/06723.mp4,missing_file
06735,raw/videos/06735.mp4,missing_file
06737,raw/videos/06737.mp4,missing_file
06790,raw/videos/06790.mp4,missing_file
06793,raw/videos/06793.mp4,missing_file
06822,raw/videos/06822.mp4,missing_file
06836,raw/videos/06836.mp4,missing_file
06837,raw/videos/06837.mp4,missing_file
06838,raw/videos/06838.mp4,missing_file
06840,raw/videos/06840.mp4,missing_file
06841,raw/videos/06841.mp4,missing_file
06842,raw/videos/06842.mp4,missing_file
06843,raw/videos/06843.mp4,missing_file
06844,raw/videos/06844.mp4,missing_file
06924,raw/videos/06924.mp4,missing_file
06926,raw/videos/06926.mp4,missing_file
06927,raw/videos/06927.mp4,missing_file
06929,raw/videos/06929.mp4,missing_file
06934,raw/videos/06934.mp4,missing_file
06941,raw/videos/06941.mp4,missing_file
06950,raw/videos/06950.mp4,missing_file
06952,raw/videos/06952.mp4,missing_file
06953,raw/videos/06953.mp4,missing_file
06967,raw/videos/06967.mp4,missing_file
06971,raw/videos/06971.mp4,missing_file
06974,raw/videos/06974.mp4,missing_file
07032,raw/videos/07032.mp4,missing_file
07035,raw/videos/07035.mp4,missing_file
07037,raw/videos/07037.mp4,missing_file
07071,raw/videos/07071.mp4,missing_file
07072,raw/videos/07072.mp4,missing_file
07073,raw/videos/07073.mp4,missing_file
07075,raw/videos/07075.mp4,missing_file
07076,raw/videos/07076.mp4,missing_file
07077,raw/videos/07077.mp4,missing_file
07078,raw/videos/07078.mp4,missing_file
07079,raw/videos/07079.mp4,missing_file
07080,raw/videos/07080.mp4,missing_file
07081,raw/videos/07081.mp4,missing_file
07082,raw/videos/07082.mp4,missing_file
07083,raw/videos/07083.mp4,missing_file
07084,raw/videos/07084.mp4,missing_file
07085,raw/videos/07085.mp4,missing_file
07086,raw/videos/07086.mp4,missing_file
07087,raw/videos/07087.mp4,missing_file
07088,raw/videos/07088.mp4,missing_file
07089,raw/videos/07089.mp4,missing_file
07090,raw/videos/07090.mp4,missing_file
07091,raw/videos/07091.mp4,missing_file
07092,raw/videos/07092.mp4,missing_file
07093,raw/videos/07093.mp4,missing_file
07094,raw/videos/07094.mp4,missing_file
07095,raw/videos/07095.mp4,missing_file
07096,raw/videos/07096.mp4,missing_file
07097,raw/videos/07097.mp4,missing_file
07098,raw/videos/07098.mp4,missing_file
07115,raw/videos/07115.mp4,missing_file
07116,raw/videos/07116.mp4,missing_file
07117,raw/videos/07117.mp4,missing_file
07120,raw/videos/07120.mp4,missing_file
07126,raw/videos/07126.mp4,missing_file
07129,raw/videos/07129.mp4,missing_file
07164,raw/videos/07164.mp4,missing_file
07169,raw/videos/07169.mp4,missing_file
07170,raw/videos/07170.mp4,missing_file
07171,raw/videos/07171.mp4,missing_file
07172,raw/videos/07172.mp4,missing_file
07194,raw/videos/07194.mp4,missing_file
07199,raw/videos/07199.mp4,missing_file
07200,raw/videos/07200.mp4,missing_file
07201,raw/videos/07201.mp4,missing_file
07202,raw/videos/07202.mp4,missing_file
07226,raw/videos/07226.mp4,missing_file
07229,raw/videos/07229.mp4,missing_file
07232,raw/videos/07232.mp4,missing_file
07233,raw/videos/07233.mp4,missing_file
07236,raw/videos/07236.mp4,missing_file
07241,raw/videos/07241.mp4,missing_file
07246,raw/videos/07246.mp4,missing_file
07258,raw/videos/07258.mp4,missing_file
07259,raw/videos/07259.mp4,missing_file
07263,raw/videos/07263.mp4,missing_file
07268,raw/videos/07268.mp4,missing_file
07273,raw/videos/07273.mp4,missing_file
07275,raw/videos/07275.mp4,missing_file
07276,raw/videos/07276.mp4,missing_file
07284,raw/videos/07284.mp4,missing_file
07289,raw/videos/07289.mp4,missing_file
07291,raw/videos/07291.mp4,missing_file
07302,raw/videos/07302.mp4,missing_file
07306,raw/videos/07306.mp4,missing_file
07369,raw/videos/07369.mp4,missing_file
07374,raw/videos/07374.mp4,missing_file
07379,raw/videos/07379.mp4,missing_file
07380,raw/videos/07380.mp4,missing_file
07381,raw/videos/07381.mp4,missing_file
07383,raw/videos/07383.mp4,missing_file
07395,raw/videos/07395.mp4,missing_file
07396,raw/videos/07396.mp4,missing_file
07401,raw/videos/07401.mp4,missing_file
07402,raw/videos/07402.mp4,missing_file
07403,raw/videos/07403.mp4,missing_file
07413,raw/videos/07413.mp4,missing_file
07419,raw/videos/07419.mp4,missing_file
07422,raw/videos/07422.mp4,missing_file
07423,raw/videos/07423.mp4,missing_file
07425,raw/videos/07425.mp4,missing_file
07432,raw/videos/07432.mp4,missing_file
07434,raw/videos/07434.mp4,missing_file
07436,raw/videos/07436.mp4,missing_file
07444,raw/videos/07444.mp4,missing_file
07446,raw/videos/07446.mp4,missing_file
07447,raw/videos/07447.mp4,missing_file
07450,raw/videos/07450.mp4,missing_file
07457,raw/videos/07457.mp4,missing_file
07459,raw/videos/07459.mp4,missing_file
07460,raw/videos/07460.mp4,missing_file
07461,raw/videos/07461.mp4,missing_file
07467,raw/videos/07467.mp4,missing_file
07469,raw/videos/07469.mp4,missing_file
07474,raw/videos/07474.mp4,missing_file
07476,raw/videos/07476.mp4,missing_file
07477,raw/videos/07477.mp4,missing_file
07478,raw/videos/07478.mp4,missing_file
07490,raw/videos/07490.mp4,missing_file
07494,raw/videos/07494.mp4,missing_file
07496,raw/videos/07496.mp4,missing_file
07497,raw/videos/07497.mp4,missing_file
07501,raw/videos/07501.mp4,missing_file
07503,raw/videos/07503.mp4,missing_file
07511,raw/videos/07511.mp4,missing_file
07513,raw/videos/07513.mp4,missing_file
07516,raw/videos/07516.mp4,missing_file
07523,raw/videos/07523.mp4,missing_file
07529,raw/videos/07529.mp4,missing_file
07531,raw/videos/07531.mp4,missing_file
07574,raw/videos/07574.mp4,missing_file
07577,raw/videos/07577.mp4,missing_file
07579,raw/videos/07579.mp4,missing_file
07593,raw/videos/07593.mp4,missing_file
07599,raw/videos/07599.mp4,missing_file
07602,raw/videos/07602.mp4,missing_file
07603,raw/videos/07603.mp4,missing_file
07608,raw/videos/07608.mp4,missing_file
07611,raw/videos/07611.mp4,missing_file
07627,raw/videos/07627.mp4,missing_file
07629,raw/videos/07629.mp4,missing_file
07635,raw/videos/07635.mp4,missing_file
07639,raw/videos/07639.mp4,missing_file
07679,raw/videos/07679.mp4,missing_file
07681,raw/videos/07681.mp4,missing_file
07701,raw/videos/07701.mp4,missing_file
07704,raw/videos/07704.mp4,missing_file
07705,raw/videos/07705.mp4,missing_file
07715,raw/videos/07715.mp4,missing_file
07717,raw/videos/07717.mp4,missing_file
07719,raw/videos/07719.mp4,missing_file
07720,raw/videos/07720.mp4,missing_file
07747,raw/videos/07747.mp4,missing_file
07752,raw/videos/07752.mp4,missing_file
07754,raw/videos/07754.mp4,missing_file
07755,raw/videos/07755.mp4,missing_file
07756,raw/videos/07756.mp4,missing_file
07768,raw/videos/07768.mp4,missing_file
07770,raw/videos/07770.mp4,missing_file
07771,raw/videos/07771.mp4,missing_file
07783,raw/videos/07783.mp4,missing_file
07788,raw/videos/07788.mp4,missing_file
07789,raw/videos/07789.mp4,missing_file
07803,raw/videos/07803.mp4,missing_file
07809,raw/videos/07809.mp4,missing_file
07812,raw/videos/07812.mp4,missing_file
07813,raw/videos/07813.mp4,missing_file
07814,raw/videos/07814.mp4,missing_file
07860,raw/videos/07860.mp4,missing_file
07863,raw/videos/07863.mp4,missing_file
07865,raw/videos/07865.mp4,missing_file
07876,raw/videos/07876.mp4,missing_file
07883,raw/videos/07883.mp4,missing_file
07884,raw/videos/07884.mp4,missing_file
07929,raw/videos/07929.mp4,missing_file
07939,raw/videos/07939.mp4,missing_file
07941,raw/videos/07941.mp4,missing_file
07942,raw/videos/07942.mp4,missing_file
07957,raw/videos/07957.mp4,missing_file
07964,raw/videos/07964.mp4,missing_file
07967,raw/videos/07967.mp4,missing_file
07968,raw/videos/07968.mp4,missing_file
07969,raw/videos/07969.mp4,missing_file
07971,raw/videos/07971.mp4,missing_file
07972,raw/videos/07972.mp4,missing_file
08002,raw/videos/08002.mp4,missing_file
08007,raw/videos/08007.mp4,missing_file
08091,raw/videos/08091.mp4,missing_file
08094,raw/videos/08094.mp4,missing_file
08109,raw/videos/08109.mp4,missing_file
08112,raw/videos/08112.mp4,missing_file
08113,raw/videos/08113.mp4,missing_file
08118,raw/videos/08118.mp4,missing_file
08122,raw/videos/08122.mp4,missing_file
08124,raw/videos/08124.mp4,missing_file
08125,raw/videos/08125.mp4,missing_file
08126,raw/videos/08126.mp4,missing_file
08133,raw/videos/08133.mp4,missing_file
08169,raw/videos/08169.mp4,missing_file
08171,raw/videos/08171.mp4,missing_file
08172,raw/videos/08172.mp4,missing_file
08173,raw/videos/08173.mp4,missing_file
08181,raw/videos/08181.mp4,missing_file
08186,raw/videos/08186.mp4,missing_file
08300,raw/videos/08300.mp4,missing_file
08304,raw/videos/08304.mp4,missing_file
08306,raw/videos/08306.mp4,missing_file
08330,raw/videos/08330.mp4,missing_file
08342,raw/videos/08342.mp4,missing_file
08353,raw/videos/08353.mp4,missing_file
08359,raw/videos/08359.mp4,missing_file
08360,raw/videos/08360.mp4,missing_file
08361,raw/videos/08361.mp4,missing_file
08363,raw/videos/08363.mp4,missing_file
08371,raw/videos/08371.mp4,missing_file
08374,raw/videos/08374.mp4,missing_file
08375,raw/videos/08375.mp4,missing_file
08376,raw/videos/08376.mp4,missing_file
08377,raw/videos/08377.mp4,missing_file
08378,raw/videos/08378.mp4,missing_file
08410,raw/videos/08410.mp4,missing_file
08415,raw/videos/08415.mp4,missing_file
08418,raw/videos/08418.mp4,missing_file
08419,raw/videos/08419.mp4,missing_file
08421,raw/videos/08421.mp4,missing_file
08427,raw/videos/08427.mp4,missing_file
08428,raw/videos/08428.mp4,missing_file
08432,raw/videos/08432.mp4,missing_file
08433,raw/videos/08433.mp4,missing_file
08434,raw/videos/08434.mp4,missing_file
08435,raw/videos/08435.mp4,missing_file
08436,raw/videos/08436.mp4,missing_file
08439,raw/videos/08439.mp4,missing_file
08441,raw/videos/08441.mp4,missing_file
08444,raw/videos/08444.mp4,missing_file
08446,raw/videos/08446.mp4,missing_file
08451,raw/videos/08451.mp4,missing_file
08453,raw/videos/08453.mp4,missing_file
08454,raw/videos/08454.mp4,missing_file
08467,raw/videos/08467.mp4,missing_file
08471,raw/videos/08471.mp4,missing_file
08473,raw/videos/08473.mp4,missing_file
08478,raw/videos/08478.mp4,missing_file
08487,raw/videos/08487.mp4,missing_file
08489,raw/videos/08489.mp4,missing_file
08490,raw/videos/08490.mp4,missing_file
08491,raw/videos/08491.mp4,missing_file
08511,raw/videos/08511.mp4,missing_file
08516,raw/videos/08516.mp4,missing_file
08532,raw/videos/08532.mp4,missing_file
08534,raw/videos/08534.mp4,missing_file
08537,raw/videos/08537.mp4,missing_file
08548,raw/videos/08548.mp4,missing_file
08586,raw/videos/08586.mp4,missing_file
08591,raw/videos/08591.mp4,missing_file
08608,raw/videos/08608.mp4,missing_file
08615,raw/videos/08615.mp4,missing_file
08620,raw/videos/08620.mp4,missing_file
08630,raw/videos/08630.mp4,missing_file
08634,raw/videos/08634.mp4,missing_file
08638,raw/videos/08638.mp4,missing_file
08640,raw/videos/08640.mp4,missing_file
08642,raw/videos/08642.mp4,missing_file
08646,raw/videos/08646.mp4,missing_file
08648,raw/videos/08648.mp4,missing_file
08669,raw/videos/08669.mp4,missing_file
08675,raw/videos/08675.mp4,missing_file
08679,raw/videos/08679.mp4,missing_file
08695,raw/videos/08695.mp4,missing_file
08697,raw/videos/08697.mp4,missing_file
08698,raw/videos/08698.mp4,missing_file
08739,raw/videos/08739.mp4,missing_file
08750,raw/videos/08750.mp4,missing_file
08751,raw/videos/08751.mp4,missing_file
08754,raw/videos/08754.mp4,missing_file
08776,raw/videos/08776.mp4,missing_file
08778,raw/videos/08778.mp4,missing_file
08779,raw/videos/08779.mp4,missing_file
08782,raw/videos/08782.mp4,missing_file
08785,raw/videos/08785.mp4,missing_file
08789,raw/videos/08789.mp4,missing_file
08790,raw/videos/08790.mp4,missing_file
08799,raw/videos/08799.mp4,missing_file
08821,raw/videos/08821.mp4,missing_file
08822,raw/videos/08822.mp4,missing_file
08828,raw/videos/08828.mp4,missing_file
08829,raw/videos/08829.mp4,missing_file
08840,raw/videos/08840.mp4,missing_file
08845,raw/videos/08845.mp4,missing_file
08847,raw/videos/08847.mp4,missing_file
08848,raw/videos/08848.mp4,missing_file
08858,raw/videos/08858.mp4,missing_file
08864,raw/videos/08864.mp4,missing_file
08867,raw/videos/08867.mp4,missing_file
08888,raw/videos/08888.mp4,missing_file
08892,raw/videos/08892.mp4,missing_file
08897,raw/videos/08897.mp4,missing_file
08901,raw/videos/08901.mp4,missing_file
08903,raw/videos/08903.mp4,missing_file
08904,raw/videos/08904.mp4,missing_file
08909,raw/videos/08909.mp4,missing_file
08922,raw/videos/08922.mp4,missing_file
08923,raw/videos/08923.mp4,missing_file
08926,raw/videos/08926.mp4,missing_file
08927,raw/videos/08927.mp4,missing_file
08928,raw/videos/08928.mp4,missing_file
08939,raw/videos/08939.mp4,missing_file
08945,raw/videos/08945.mp4,missing_file
08946,raw/videos/08946.mp4,missing_file
08947,raw/videos/08947.mp4,missing_file
08948,raw/videos/08948.mp4,missing_file
08949,raw/videos/08949.mp4,missing_file
08950,raw/videos/08950.mp4,missing_file
08951,raw/videos/08951.mp4,missing_file
08952,raw/videos/08952.mp4,missing_file
08953,raw/videos/08953.mp4,missing_file
08971,raw/videos/08971.mp4,missing_file
08978,raw/videos/08978.mp4,missing_file
08984,raw/videos/08984.mp4,missing_file
09079,raw/videos/09079.mp4,missing_file
09082,raw/videos/09082.mp4,missing_file
09083,raw/videos/09083.mp4,missing_file
09084,raw/videos/09084.mp4,missing_file
09089,raw/videos/09089.mp4,missing_file
09094,raw/videos/09094.mp4,missing_file
09129,raw/videos/09129.mp4,missing_file
09149,raw/videos/09149.mp4,missing_file
09154,raw/videos/09154.mp4,missing_file
09156,raw/videos/09156.mp4,missing_file
09160,raw/videos/09160.mp4,missing_file
09161,raw/videos/09161.mp4,missing_file
09162,raw/videos/09162.mp4,missing_file
09164,raw/videos/09164.mp4,missing_file
09178,raw/videos/09178.mp4,missing_file
09183,raw/videos/09183.mp4,missing_file
09184,raw/videos/09184.mp4,missing_file
09187,raw/videos/09187.mp4,missing_file
09202,raw/videos/09202.mp4,missing_file
09211,raw/videos/09211.mp4,missing_file
09212,raw/videos/09212.mp4,missing_file
09215,raw/videos/09215.mp4,missing_file
09217,raw/videos/09217.mp4,missing_file
09219,raw/videos/09219.mp4,missing_file
09222,raw/videos/09222.mp4,missing_file
09224,raw/videos/09224.mp4,missing_file
09240,raw/videos/09240.mp4,missing_file
09245,raw/videos/09245.mp4,missing_file
09246,raw/videos/09246.mp4,missing_file
09256,raw/videos/09256.mp4,missing_file
09263,raw/videos/09263.mp4,missing_file
09312,raw/videos/09312.mp4,missing_file
09314,raw/videos/09314.mp4,missing_file
09317,raw/videos/09317.mp4,missing_file
09322,raw/videos/09322.mp4,missing_file
09327,raw/videos/09327.mp4,missing_file
09431,raw/videos/09431.mp4,missing_file
09462,raw/videos/09462.mp4,missing_file
09463,raw/videos/09463.mp4,missing_file
09464,raw/videos/09464.mp4,missing_file
09470,raw/videos/09470.mp4,missing_file
09472,raw/videos/09472.mp4,missing_file
09487,raw/videos/09487.mp4,missing_file
09491,raw/videos/09491.mp4,missing_file
09492,raw/videos/09492.mp4,missing_file
09494,raw/videos/09494.mp4,missing_file
09504,raw/videos/09504.mp4,missing_file
09506,raw/videos/09506.mp4,missing_file
09517,raw/videos/09517.mp4,missing_file
09520,raw/videos/09520.mp4,missing_file
09522,raw/videos/09522.mp4,missing_file
09530,raw/videos/09530.mp4,missing_file
09531,raw/videos/09531.mp4,missing_file
09534,raw/videos/09534.mp4,missing_file
09535,raw/videos/09535.mp4,missing_file
09536,raw/videos/09536.mp4,missing_file
09537,raw/videos/09537.mp4,missing_file
09570,raw/videos/09570.mp4,missing_file
09575,raw/videos/09575.mp4,missing_file
09577,raw/videos/09577.mp4,missing_file
09578,raw/videos/09578.mp4,missing_file
09579,raw/videos/09579.mp4,missing_file
09620,raw/videos/09620.mp4,missing_file
09630,raw/videos/09630.mp4,missing_file
09632,raw/videos/09632.mp4,missing_file
09635,raw/videos/09635.mp4,missing_file
09638,raw/videos/09638.mp4,missing_file
09639,raw/videos/09639.mp4,missing_file
09710,raw/videos/09710.mp4,missing_file
09714,raw/videos/09714.mp4,missing_file
09719,raw/videos/09719.mp4,missing_file
09724,raw/videos/09724.mp4,missing_file
09727,raw/videos/09727.mp4,missing_file
09728,raw/videos/09728.mp4,missing_file
09729,raw/videos/09729.mp4,missing_file
09730,raw/videos/09730.mp4,missing_file
09731,raw/videos/09731.mp4,missing_file
09738,raw/videos/09738.mp4,missing_file
09739,raw/videos/09739.mp4,missing_file
09741,raw/videos/09741.mp4,missing_file
09773,raw/videos/09773.mp4,missing_file
09782,raw/videos/09782.mp4,missing_file
09783,raw/videos/09783.mp4,missing_file
09784,raw/videos/09784.mp4,missing_file
09785,raw/videos/09785.mp4,missing_file
09805,raw/videos/09805.mp4,missing_file
09809,raw/videos/09809.mp4,missing_file
09811,raw/videos/09811.mp4,missing_file
09834,raw/videos/09834.mp4,missing_file
09839,raw/videos/09839.mp4,missing_file
09841,raw/videos/09841.mp4,missing_file
09847,raw/videos/09847.mp4,missing_file
09853,raw/videos/09853.mp4,missing_file
09855,raw/videos/09855.mp4,missing_file
09856,raw/videos/09856.mp4,missing_file
09857,raw/videos/09857.mp4,missing_file
09858,raw/videos/09858.mp4,missing_file
09859,raw/videos/09859.mp4,missing_file
09860,raw/videos/09860.mp4,missing_file
09861,raw/videos/09861.mp4,missing_file
09862,raw/videos/09862.mp4,missing_file
09863,raw/videos/09863.mp4,missing_file
09865,raw/videos/09865.mp4,missing_file
09866,raw/videos/09866.mp4,missing_file
09867,raw/videos/09867.mp4,missing_file
09891,raw/videos/09891.mp4,missing_file
09895,raw/videos/09895.mp4,missing_file
09897,raw/videos/09897.mp4,missing_file
09898,raw/videos/09898.mp4,missing_file
09899,raw/videos/09899.mp4,missing_file
09914,raw/videos/09914.mp4,missing_file
09923,raw/videos/09923.mp4,missing_file
09925,raw/videos/09925.mp4,missing_file
09933,raw/videos/09933.mp4,missing_file
09938,raw/videos/09938.mp4,missing_file
09940,raw/videos/09940.mp4,missing_file
09941,raw/videos/09941.mp4,missing_file
09945,raw/videos/09945.mp4,missing_file
09961,raw/videos/09961.mp4,missing_file
09962,raw/videos/09962.mp4,missing_file
09968,raw/videos/09968.mp4,missing_file
09969,raw/videos/09969.mp4,missing_file
10004,raw/videos/10004.mp4,missing_file
10009,raw/videos/10009.mp4,missing_file
10012,raw/videos/10012.mp4,missing_file
10014,raw/videos/10014.mp4,missing_file
10022,raw/videos/10022.mp4,missing_file
10088,raw/videos/10088.mp4,missing_file
10092,raw/videos/10092.mp4,missing_file
10094,raw/videos/10094.mp4,missing_file
10095,raw/videos/10095.mp4,missing_file
10099,raw/videos/10099.mp4,missing_file
10108,raw/videos/10108.mp4,missing_file
10114,raw/videos/10114.mp4,missing_file
10134,raw/videos/10134.mp4,missing_file
10139,raw/videos/10139.mp4,missing_file
10140,raw/videos/10140.mp4,missing_file
10142,raw/videos/10142.mp4,missing_file
10143,raw/videos/10143.mp4,missing_file
10146,raw/videos/10146.mp4,missing_file
10156,raw/videos/10156.mp4,missing_file
10160,raw/videos/10160.mp4,missing_file
10161,raw/videos/10161.mp4,missing_file
10162,raw/videos/10162.mp4,missing_file
10164,raw/videos/10164.mp4,missing_file
10189,raw/videos/10189.mp4,missing_file
10193,raw/videos/10193.mp4,missing_file
10194,raw/videos/10194.mp4,missing_file
10195,raw/videos/10195.mp4,missing_file
10196,raw/videos/10196.mp4,missing_file
10249,raw/videos/10249.mp4,missing_file
10253,raw/videos/10253.mp4,missing_file
10254,raw/videos/10254.mp4,missing_file
10260,raw/videos/10260.mp4,missing_file
10270,raw/videos/10270.mp4,missing_file
10272,raw/videos/10272.mp4,missing_file
10273,raw/videos/10273.mp4,missing_file
10274,raw/videos/10274.mp4,missing_file
10295,raw/videos/10295.mp4,missing_file
10299,raw/videos/10299.mp4,missing_file
10305,raw/videos/10305.mp4,missing_file
10312,raw/videos/10312.mp4,missing_file
10314,raw/videos/10314.mp4,missing_file
10335,raw/videos/10335.mp4,missing_file
10344,raw/videos/10344.mp4,missing_file
10345,raw/videos/10345.mp4,missing_file
10388,raw/videos/10388.mp4,missing_file
10390,raw/videos/10390.mp4,missing_file
10392,raw/videos/10392.mp4,missing_file
10395,raw/videos/10395.mp4,missing_file
10399,raw/videos/10399.mp4,missing_file
10406,raw/videos/10406.mp4,missing_file
10407,raw/videos/10407.mp4,missing_file
10408,raw/videos/10408.mp4,missing_file
10410,raw/videos/10410.mp4,missing_file
10411,raw/videos/10411.mp4,missing_file
10435,raw/videos/10435.mp4,missing_file
10448,raw/videos/10448.mp4,missing_file
10451,raw/videos/10451.mp4,missing_file
10452,raw/videos/10452.mp4,missing_file
10465,raw/videos/10465.mp4,missing_file
10469,raw/videos/10469.mp4,missing_file
10470,raw/videos/10470.mp4,missing_file
10471,raw/videos/10471.mp4,missing_file
10472,raw/videos/10472.mp4,missing_file
10473,raw/videos/10473.mp4,missing_file
10514,raw/videos/10514.mp4,missing_file
10519,raw/videos/10519.mp4,missing_file
10524,raw/videos/10524.mp4,missing_file
10525,raw/videos/10525.mp4,missing_file
10577,raw/videos/10577.mp4,missing_file
10582,raw/videos/10582.mp4,missing_file
10584,raw/videos/10584.mp4,missing_file
10585,raw/videos/10585.mp4,missing_file
10586,raw/videos/10586.mp4,missing_file
10588,raw/videos/10588.mp4,missing_file
10593,raw/videos/10593.mp4,missing_file
10597,raw/videos/10597.mp4,missing_file
10603,raw/videos/10603.mp4,missing_file
10606,raw/videos/10606.mp4,missing_file
10608,raw/videos/10608.mp4,missing_file
10610,raw/videos/10610.mp4,missing_file
10613,raw/videos/10613.mp4,missing_file
10624,raw/videos/10624.mp4,missing_file
10628,raw/videos/10628.mp4,missing_file
10630,raw/videos/10630.mp4,missing_file
10639,raw/videos/10639.mp4,missing_file
10640,raw/videos/10640.mp4,missing_file
10650,raw/videos/10650.mp4,missing_file
10655,raw/videos/10655.mp4,missing_file
10673,raw/videos/10673.mp4,missing_file
10681,raw/videos/10681.mp4,missing_file
10683,raw/videos/10683.mp4,missing_file
10685,raw/videos/10685.mp4,missing_file
10690,raw/videos/10690.mp4,missing_file
10696,raw/videos/10696.mp4,missing_file
10706,raw/videos/10706.mp4,missing_file
10707,raw/videos/10707.mp4,missing_file
10712,raw/videos/10712.mp4,missing_file
10713,raw/videos/10713.mp4,missing_file
10714,raw/videos/10714.mp4,missing_file
10768,raw/videos/10768.mp4,missing_file
10773,raw/videos/10773.mp4,missing_file
10775,raw/videos/10775.mp4,missing_file
10776,raw/videos/10776.mp4,missing_file
10788,raw/videos/10788.mp4,missing_file
10790,raw/videos/10790.mp4,missing_file
10791,raw/videos/10791.mp4,missing_file
10810,raw/videos/10810.mp4,missing_file
10815,raw/videos/10815.mp4,missing_file
10816,raw/videos/10816.mp4,missing_file
10888,raw/videos/10888.mp4,missing_file
10896,raw/videos/10896.mp4,missing_file
10899,raw/videos/10899.mp4,missing_file
10900,raw/videos/10900.mp4,missing_file
10901,raw/videos/10901.mp4,missing_file
10902,raw/videos/10902.mp4,missing_file
10903,raw/videos/10903.mp4,missing_file
10965,raw/videos/10965.mp4,missing_file
10971,raw/videos/10971.mp4,missing_file
10974,raw/videos/10974.mp4,missing_file
10975,raw/videos/10975.mp4,missing_file
11006,raw/videos/11006.mp4,missing_file
11010,raw/videos/11010.mp4,missing_file
11012,raw/videos/11012.mp4,missing_file
11013,raw/videos/11013.mp4,missing_file
11014,raw/videos/11014.mp4,missing_file
11030,raw/videos/11030.mp4,missing_file
11038,raw/videos/11038.mp4,missing_file
11039,raw/videos/11039.mp4,missing_file
11041,raw/videos/11041.mp4,missing_file
11059,raw/videos/11059.mp4,missing_file
11063,raw/videos/11063.mp4,missing_file
11065,raw/videos/11065.mp4,missing_file
11066,raw/videos/11066.mp4,missing_file
11087,raw/videos/11087.mp4,missing_file
11090,raw/videos/11090.mp4,missing_file
11095,raw/videos/11095.mp4,missing_file
11106,raw/videos/11106.mp4,missing_file
11107,raw/videos/11107.mp4,missing_file
11112,raw/videos/11112.mp4,missing_file
11142,raw/videos/11142.mp4,missing_file
11146,raw/videos/11146.mp4,missing_file
11150,raw/videos/11150.mp4,missing_file
11151,raw/videos/11151.mp4,missing_file
11153,raw/videos/11153.mp4,missing_file
11197,raw/videos/11197.mp4,missing_file
11201,raw/videos/11201.mp4,missing_file
11202,raw/videos/11202.mp4,missing_file
11204,raw/videos/11204.mp4,missing_file
11205,raw/videos/11205.mp4,missing_file
11206,raw/videos/11206.mp4,missing_file
11209,raw/videos/11209.mp4,missing_file
11210,raw/videos/11210.mp4,missing_file
11212,raw/videos/11212.mp4,missing_file
11255,raw/videos/11255.mp4,missing_file
11256,raw/videos/11256.mp4,missing_file
11257,raw/videos/11257.mp4,missing_file
11259,raw/videos/11259.mp4,missing_file
11264,raw/videos/11264.mp4,missing_file
11265,raw/videos/11265.mp4,missing_file
11288,raw/videos/11288.mp4,missing_file
11292,raw/videos/11292.mp4,missing_file
11305,raw/videos/11305.mp4,missing_file
11312,raw/videos/11312.mp4,missing_file
11314,raw/videos/11314.mp4,missing_file
11315,raw/videos/11315.mp4,missing_file
11316,raw/videos/11316.mp4,missing_file
11317,raw/videos/11317.mp4,missing_file
11318,raw/videos/11318.mp4,missing_file
11319,raw/videos/11319.mp4,missing_file
11320,raw/videos/11320.mp4,missing_file
11321,raw/videos/11321.mp4,missing_file
11322,raw/videos/11322.mp4,missing_file
11323,raw/videos/11323.mp4,missing_file
11324,raw/videos/11324.mp4,missing_file
11325,raw/videos/11325.mp4,missing_file
11326,raw/videos/11326.mp4,missing_file
11327,raw/videos/11327.mp4,missing_file
11328,raw/videos/11328.mp4,missing_file
11329,raw/videos/11329.mp4,missing_file
11356,raw/videos/11356.mp4,missing_file
11363,raw/videos/11363.mp4,missing_file
11376,raw/videos/11376.mp4,missing_file
11381,raw/videos/11381.mp4,missing_file
11383,raw/videos/11383.mp4,missing_file
11412,raw/videos/11412.mp4,missing_file
11415,raw/videos/11415.mp4,missing_file
11421,raw/videos/11421.mp4,missing_file
11423,raw/videos/11423.mp4,missing_file
11440,raw/videos/11440.mp4,missing_file
11442,raw/videos/11442.mp4,missing_file
11443,raw/videos/11443.mp4,missing_file
11472,raw/videos/11472.mp4,missing_file
11474,raw/videos/11474.mp4,missing_file
11475,raw/videos/11475.mp4,missing_file
11497,raw/videos/11497.mp4,missing_file
11502,raw/videos/11502.mp4,missing_file
11530,raw/videos/11530.mp4,missing_file
11532,raw/videos/11532.mp4,missing_file
11533,raw/videos/11533.mp4,missing_file
11552,raw/videos/11552.mp4,missing_file
11562,raw/videos/11562.mp4,missing_file
11564,raw/videos/11564.mp4,missing_file
11565,raw/videos/11565.mp4,missing_file
11630,raw/videos/11630.mp4,missing_file
11636,raw/videos/11636.mp4,missing_file
11637,raw/videos/11637.mp4,missing_file
11688,raw/videos/11688.mp4,missing_file
11691,raw/videos/11691.mp4,missing_file
11692,raw/videos/11692.mp4,missing_file
11704,raw/videos/11704.mp4,missing_file
11712,raw/videos/11712.mp4,missing_file
11714,raw/videos/11714.mp4,missing_file
11715,raw/videos/11715.mp4,missing_file
11716,raw/videos/11716.mp4,missing_file
11717,raw/videos/11717.mp4,missing_file
11752,raw/videos/11752.mp4,missing_file
11771,raw/videos/11771.mp4,missing_file
11774,raw/videos/11774.mp4,missing_file
11775,raw/videos/11775.mp4,missing_file
11776,raw/videos/11776.mp4,missing_file
11777,raw/videos/11777.mp4,missing_file
11778,raw/videos/11778.mp4,missing_file
11779,raw/videos/11779.mp4,missing_file
11812,raw/videos/11812.mp4,missing_file
11822,raw/videos/11822.mp4,missing_file
11826,raw/videos/11826.mp4,missing_file
11827,raw/videos/11827.mp4,missing_file
11839,raw/videos/11839.mp4,missing_file
11879,raw/videos/11879.mp4,missing_file
11900,raw/videos/11900.mp4,missing_file
11907,raw/videos/11907.mp4,missing_file
11909,raw/videos/11909.mp4,missing_file
11910,raw/videos/11910.mp4,missing_file
11929,raw/videos/11929.mp4,missing_file
11932,raw/videos/11932.mp4,missing_file
11934,raw/videos/11934.mp4,missing_file
11936,raw/videos/11936.mp4,missing_file
11946,raw/videos/11946.mp4,missing_file
11947,raw/videos/11947.mp4,missing_file
11950,raw/videos/11950.mp4,missing_file
11951,raw/videos/11951.mp4,missing_file
11974,raw/videos/11974.mp4,missing_file
11977,raw/videos/11977.mp4,missing_file
11996,raw/videos/11996.mp4,missing_file
11998,raw/videos/11998.mp4,missing_file
11999,raw/videos/11999.mp4,missing_file
12004,raw/videos/12004.mp4,missing_file
12007,raw/videos/12007.mp4,missing_file
12011,raw/videos/12011.mp4,missing_file
12015,raw/videos/12015.mp4,missing_file
12017,raw/videos/12017.mp4,missing_file
12019,raw/videos/12019.mp4,missing_file
12022,raw/videos/12022.mp4,missing_file
12026,raw/videos/12026.mp4,missing_file
12058,raw/videos/12058.mp4,missing_file
12065,raw/videos/12065.mp4,missing_file
12067,raw/videos/12067.mp4,missing_file
12068,raw/videos/12068.mp4,missing_file
12071,raw/videos/12071.mp4,missing_file
12075,raw/videos/12075.mp4,missing_file
12077,raw/videos/12077.mp4,missing_file
12078,raw/videos/12078.mp4,missing_file
12099,raw/videos/12099.mp4,missing_file
12102,raw/videos/12102.mp4,missing_file
12107,raw/videos/12107.mp4,missing_file
12108,raw/videos/12108.mp4,missing_file
12111,raw/videos/12111.mp4,missing_file
12117,raw/videos/12117.mp4,missing_file
12119,raw/videos/12119.mp4,missing_file
12120,raw/videos/12120.mp4,missing_file
12121,raw/videos/12121.mp4,missing_file
12160,raw/videos/12160.mp4,missing_file
12162,raw/videos/12162.mp4,missing_file
12163,raw/videos/12163.mp4,missing_file
12188,raw/videos/12188.mp4,missing_file
12194,raw/videos/12194.mp4,missing_file
12196,raw/videos/12196.mp4,missing_file
12197,raw/videos/12197.mp4,missing_file
12213,raw/videos/12213.mp4,missing_file
12219,raw/videos/12219.mp4,missing_file
12222,raw/videos/12222.mp4,missing_file
12227,raw/videos/12227.mp4,missing_file
12229,raw/videos/12229.mp4,missing_file
12230,raw/videos/12230.mp4,missing_file
12290,raw/videos/12290.mp4,missing_file
12295,raw/videos/12295.mp4,missing_file
12297,raw/videos/12297.mp4,missing_file
12299,raw/videos/12299.mp4,missing_file
12306,raw/videos/12306.mp4,missing_file
12321,raw/videos/12321.mp4,missing_file
12322,raw/videos/12322.mp4,missing_file
12323,raw/videos/12323.mp4,missing_file
12324,raw/videos/12324.mp4,missing_file
12329,raw/videos/12329.mp4,missing_file
12330,raw/videos/12330.mp4,missing_file
12331,raw/videos/12331.mp4,missing_file
12332,raw/videos/12332.mp4,missing_file
12333,raw/videos/12333.mp4,missing_file
12335,raw/videos/12335.mp4,missing_file
12336,raw/videos/12336.mp4,missing_file
12337,raw/videos/12337.mp4,missing_file
12387,raw/videos/12387.mp4,missing_file
12393,raw/videos/12393.mp4,missing_file
12395,raw/videos/12395.mp4,missing_file
12396,raw/videos/12396.mp4,missing_file
12400,raw/videos/12400.mp4,missing_file
12405,raw/videos/12405.mp4,missing_file
12407,raw/videos/12407.mp4,missing_file
12411,raw/videos/12411.mp4,missing_file
12419,raw/videos/12419.mp4,missing_file
12420,raw/videos/12420.mp4,missing_file
12589,raw/videos/12589.mp4,missing_file
12591,raw/videos/12591.mp4,missing_file
12592,raw/videos/12592.mp4,missing_file
12607,raw/videos/12607.mp4,missing_file
12610,raw/videos/12610.mp4,missing_file
12615,raw/videos/12615.mp4,missing_file
12618,raw/videos/12618.mp4,missing_file
12639,raw/videos/12639.mp4,missing_file
12640,raw/videos/12640.mp4,missing_file
12648,raw/videos/12648.mp4,missing_file
12655,raw/videos/12655.mp4,missing_file
12674,raw/videos/12674.mp4,missing_file
12677,raw/videos/12677.mp4,missing_file
12679,raw/videos/12679.mp4,missing_file
12694,raw/videos/12694.mp4,missing_file
12697,raw/videos/12697.mp4,missing_file
12699,raw/videos/12699.mp4,missing_file
12703,raw/videos/12703.mp4,missing_file
12749,raw/videos/12749.mp4,missing_file
12757,raw/videos/12757.mp4,missing_file
12760,raw/videos/12760.mp4,missing_file
12806,raw/videos/12806.mp4,missing_file
12813,raw/videos/12813.mp4,missing_file
12822,raw/videos/12822.mp4,missing_file
12825,raw/videos/12825.mp4,missing_file
12857,raw/videos/12857.mp4,missing_file
12858,raw/videos/12858.mp4,missing_file
12861,raw/videos/12861.mp4,missing_file
12870,raw/videos/12870.mp4,missing_file
12875,raw/videos/12875.mp4,missing_file
12878,raw/videos/12878.mp4,missing_file
12941,raw/videos/12941.mp4,missing_file
12944,raw/videos/12944.mp4,missing_file
12946,raw/videos/12946.mp4,missing_file
12967,raw/videos/12967.mp4,missing_file
12972,raw/videos/12972.mp4,missing_file
12974,raw/videos/12974.mp4,missing_file
12975,raw/videos/12975.mp4,missing_file
12976,raw/videos/12976.mp4,missing_file
12986,raw/videos/12986.mp4,missing_file
12988,raw/videos/12988.mp4,missing_file
12991,raw/videos/12991.mp4,missing_file
12992,raw/videos/12992.mp4,missing_file
12993,raw/videos/12993.mp4,missing_file
13015,raw/videos/13015.mp4,missing_file
13021,raw/videos/13021.mp4,missing_file
13027,raw/videos/13027.mp4,missing_file
13040,raw/videos/13040.mp4,missing_file
13045,raw/videos/13045.mp4,missing_file
13047,raw/videos/13047.mp4,missing_file
13048,raw/videos/13048.mp4,missing_file
13089,raw/videos/13089.mp4,missing_file
13090,raw/videos/13090.mp4,missing_file
13110,raw/videos/13110.mp4,missing_file
13112,raw/videos/13112.mp4,missing_file
13113,raw/videos/13113.mp4,missing_file
13133,raw/videos/13133.mp4,missing_file
13139,raw/videos/13139.mp4,missing_file
13141,raw/videos/13141.mp4,missing_file
13146,raw/videos/13146.mp4,missing_file
13147,raw/videos/13147.mp4,missing_file
13154,raw/videos/13154.mp4,missing_file
13159,raw/videos/13159.mp4,missing_file
13162,raw/videos/13162.mp4,missing_file
13164,raw/videos/13164.mp4,missing_file
13165,raw/videos/13165.mp4,missing_file
13166,raw/videos/13166.mp4,missing_file
13169,raw/videos/13169.mp4,missing_file
13178,raw/videos/13178.mp4,missing_file
13180,raw/videos/13180.mp4,missing_file
13181,raw/videos/13181.mp4,missing_file
13205,raw/videos/13205.mp4,missing_file
13206,raw/videos/13206.mp4,missing_file
13207,raw/videos/13207.mp4,missing_file
13214,raw/videos/13214.mp4,missing_file
13222,raw/videos/13222.mp4,missing_file
13225,raw/videos/13225.mp4,missing_file
13226,raw/videos/13226.mp4,missing_file
13227,raw/videos/13227.mp4,missing_file
13248,raw/videos/13248.mp4,missing_file
13252,raw/videos/13252.mp4,missing_file
13258,raw/videos/13258.mp4,missing_file
13270,raw/videos/13270.mp4,missing_file
13271,raw/videos/13271.mp4,missing_file
13272,raw/videos/13272.mp4,missing_file
13276,raw/videos/13276.mp4,missing_file
13277,raw/videos/13277.mp4,missing_file
13309,raw/videos/13309.mp4,missing_file
13311,raw/videos/13311.mp4,missing_file
13314,raw/videos/13314.mp4,missing_file
13315,raw/videos/13315.mp4,missing_file
13317,raw/videos/13317.mp4,missing_file
13318,raw/videos/13318.mp4,missing_file
13319,raw/videos/13319.mp4,missing_file
13330,raw/videos/13330.mp4,missing_file
13331,raw/videos/13331.mp4,missing_file
13335,raw/videos/13335.mp4,missing_file
13336,raw/videos/13336.mp4,missing_file
13349,raw/videos/13349.mp4,missing_file
13353,raw/videos/13353.mp4,missing_file
13357,raw/videos/13357.mp4,missing_file
13407,raw/videos/13407.mp4,missing_file
13418,raw/videos/13418.mp4,missing_file
13423,raw/videos/13423.mp4,missing_file
13455,raw/videos/13455.mp4,missing_file
13459,raw/videos/13459.mp4,missing_file
13461,raw/videos/13461.mp4,missing_file
13462,raw/videos/13462.mp4,missing_file
13463,raw/videos/13463.mp4,missing_file
13467,raw/videos/13467.mp4,missing_file
13471,raw/videos/13471.mp4,missing_file
13472,raw/videos/13472.mp4,missing_file
13474,raw/videos/13474.mp4,missing_file
13475,raw/videos/13475.mp4,missing_file
13476,raw/videos/13476.mp4,missing_file
13477,raw/videos/13477.mp4,missing_file
13498,raw/videos/13498.mp4,missing_file
13502,raw/videos/13502.mp4,missing_file
13507,raw/videos/13507.mp4,missing_file
13511,raw/videos/13511.mp4,missing_file
13513,raw/videos/13513.mp4,missing_file
13533,raw/videos/13533.mp4,missing_file
13535,raw/videos/13535.mp4,missing_file
13542,raw/videos/13542.mp4,missing_file
13547,raw/videos/13547.mp4,missing_file
13548,raw/videos/13548.mp4,missing_file
13552,raw/videos/13552.mp4,missing_file
13553,raw/videos/13553.mp4,missing_file
13604,raw/videos/13604.mp4,missing_file
13622,raw/videos/13622.mp4,missing_file
13624,raw/videos/13624.mp4,missing_file
13637,raw/videos/13637.mp4,missing_file
13638,raw/videos/13638.mp4,missing_file
13639,raw/videos/13639.mp4,missing_file
13643,raw/videos/13643.mp4,missing_file
13644,raw/videos/13644.mp4,missing_file
13645,raw/videos/13645.mp4,missing_file
13654,raw/videos/13654.mp4,missing_file
13658,raw/videos/13658.mp4,missing_file
13660,raw/videos/13660.mp4,missing_file
13661,raw/videos/13661.mp4,missing_file
13662,raw/videos/13662.mp4,missing_file
13663,raw/videos/13663.mp4,missing_file
13681,raw/videos/13681.mp4,missing_file
13700,raw/videos/13700.mp4,missing_file
13701,raw/videos/13701.mp4,missing_file
13704,raw/videos/13704.mp4,missing_file
13705,raw/videos/13705.mp4,missing_file
13706,raw/videos/13706.mp4,missing_file
13707,raw/videos/13707.mp4,missing_file
13708,raw/videos/13708.mp4,missing_file
13709,raw/videos/13709.mp4,missing_file
13725,raw/videos/13725.mp4,missing_file
13736,raw/videos/13736.mp4,missing_file
13743,raw/videos/13743.mp4,missing_file
13747,raw/videos/13747.mp4,missing_file
13750,raw/videos/13750.mp4,missing_file
13801,raw/videos/13801.mp4,missing_file
13802,raw/videos/13802.mp4,missing_file
13809,raw/videos/13809.mp4,missing_file
13810,raw/videos/13810.mp4,missing_file
13811,raw/videos/13811.mp4,missing_file
13821,raw/videos/13821.mp4,missing_file
13823,raw/videos/13823.mp4,missing_file
13850,raw/videos/13850.mp4,missing_file
13856,raw/videos/13856.mp4,missing_file
13857,raw/videos/13857.mp4,missing_file
13861,raw/videos/13861.mp4,missing_file
13862,raw/videos/13862.mp4,missing_file
13879,raw/videos/13879.mp4,missing_file
13883,raw/videos/13883.mp4,missing_file
14012,raw/videos/14012.mp4,missing_file
14014,raw/videos/14014.mp4,missing_file
14050,raw/videos/14050.mp4,missing_file
14055,raw/videos/14055.mp4,missing_file
14101,raw/videos/14101.mp4,missing_file
14104,raw/videos/14104.mp4,missing_file
14106,raw/videos/14106.mp4,missing_file
14125,raw/videos/14125.mp4,missing_file
14130,raw/videos/14130.mp4,missing_file
14132,raw/videos/14132.mp4,missing_file
14133,raw/videos/14133.mp4,missing_file
14156,raw/videos/14156.mp4,missing_file
14160,raw/videos/14160.mp4,missing_file
14161,raw/videos/14161.mp4,missing_file
14164,raw/videos/14164.mp4,missing_file
14172,raw/videos/14172.mp4,missing_file
14178,raw/videos/14178.mp4,missing_file
14179,raw/videos/14179.mp4,missing_file
14185,raw/videos/14185.mp4,missing_file
14186,raw/videos/14186.mp4,missing_file
14187,raw/videos/14187.mp4,missing_file
14205,raw/videos/14205.mp4,missing_file
14207,raw/videos/14207.mp4,missing_file
14209,raw/videos/14209.mp4,missing_file
14211,raw/videos/14211.mp4,missing_file
14253,raw/videos/14253.mp4,missing_file
14257,raw/videos/14257.mp4,missing_file
14263,raw/videos/14263.mp4,missing_file
14265,raw/videos/14265.mp4,missing_file
14266,raw/videos/14266.mp4,missing_file
14276,raw/videos/14276.mp4,missing_file
14290,raw/videos/14290.mp4,missing_file
14294,raw/videos/14294.mp4,missing_file
14295,raw/videos/14295.mp4,missing_file
14296,raw/videos/14296.mp4,missing_file
14297,raw/videos/14297.mp4,missing_file
14311,raw/videos/14311.mp4,missing_file
14315,raw/videos/14315.mp4,missing_file
14317,raw/videos/14317.mp4,missing_file
14318,raw/videos/14318.mp4,missing_file
14365,raw/videos/14365.mp4,missing_file
14369,raw/videos/14369.mp4,missing_file
14371,raw/videos/14371.mp4,missing_file
14372,raw/videos/14372.mp4,missing_file
14374,raw/videos/14374.mp4,missing_file
14377,raw/videos/14377.mp4,missing_file
14381,raw/videos/14381.mp4,missing_file
14382,raw/videos/14382.mp4,missing_file
14383,raw/videos/14383.mp4,missing_file
14384,raw/videos/14384.mp4,missing_file
14390,raw/videos/14390.mp4,missing_file
14392,raw/videos/14392.mp4,missing_file
14394,raw/videos/14394.mp4,missing_file
14395,raw/videos/14395.mp4,missing_file
14431,raw/videos/14431.mp4,missing_file
14435,raw/videos/14435.mp4,missing_file
14436,raw/videos/14436.mp4,missing_file
14450,raw/videos/14450.mp4,missing_file
14455,raw/videos/14455.mp4,missing_file
14456,raw/videos/14456.mp4,missing_file
14459,raw/videos/14459.mp4,missing_file
14460,raw/videos/14460.mp4,missing_file
14471,raw/videos/14471.mp4,missing_file
14472,raw/videos/14472.mp4,missing_file
14473,raw/videos/14473.mp4,missing_file
14474,raw/videos/14474.mp4,missing_file
14484,raw/videos/14484.mp4,missing_file
14553,raw/videos/14553.mp4,missing_file
14570,raw/videos/14570.mp4,missing_file
14571,raw/videos/14571.mp4,missing_file
14579,raw/videos/14579.mp4,missing_file
14581,raw/videos/14581.mp4,missing_file
14582,raw/videos/14582.mp4,missing_file
14583,raw/videos/14583.mp4,missing_file
14601,raw/videos/14601.mp4,missing_file
14605,raw/videos/14605.mp4,missing_file
14607,raw/videos/14607.mp4,missing_file
14621,raw/videos/14621.mp4,missing_file
14626,raw/videos/14626.mp4,missing_file
14628,raw/videos/14628.mp4,missing_file
14629,raw/videos/14629.mp4,missing_file
14630,raw/videos/14630.mp4,missing_file
14631,raw/videos/14631.mp4,missing_file
14632,raw/videos/14632.mp4,missing_file
14634,raw/videos/14634.mp4,missing_file
14637,raw/videos/14637.mp4,missing_file
14644,raw/videos/14644.mp4,missing_file
14649,raw/videos/14649.mp4,missing_file
14655,raw/videos/14655.mp4,missing_file
14669,raw/videos/14669.mp4,missing_file
14677,raw/videos/14677.mp4,missing_file
14678,raw/videos/14678.mp4,missing_file
14679,raw/videos/14679.mp4,missing_file
14682,raw/videos/14682.mp4,missing_file
14683,raw/videos/14683.mp4,missing_file
14684,raw/videos/14684.mp4,missing_file
14732,raw/videos/14732.mp4,missing_file
14738,raw/videos/14738.mp4,missing_file
14740,raw/videos/14740.mp4,missing_file
14748,raw/videos/14748.mp4,missing_file
14754,raw/videos/14754.mp4,missing_file
14758,raw/videos/14758.mp4,missing_file
14759,raw/videos/14759.mp4,missing_file
14772,raw/videos/14772.mp4,missing_file
14775,raw/videos/14775.mp4,missing_file
14776,raw/videos/14776.mp4,missing_file
14780,raw/videos/14780.mp4,missing_file
14797,raw/videos/14797.mp4,missing_file
14800,raw/videos/14800.mp4,missing_file
14801,raw/videos/14801.mp4,missing_file
14802,raw/videos/14802.mp4,missing_file
14829,raw/videos/14829.mp4,missing_file
14838,raw/videos/14838.mp4,missing_file
14840,raw/videos/14840.mp4,missing_file
14841,raw/videos/14841.mp4,missing_file
14843,raw/videos/14843.mp4,missing_file
14844,raw/videos/14844.mp4,missing_file
14855,raw/videos/14855.mp4,missing_file
14889,raw/videos/14889.mp4,missing_file
14891,raw/videos/14891.mp4,missing_file
14895,raw/videos/14895.mp4,missing_file
14896,raw/videos/14896.mp4,missing_file
14898,raw/videos/14898.mp4,missing_file
14899,raw/videos/14899.mp4,missing_file
14900,raw/videos/14900.mp4,missing_file
14901,raw/videos/14901.mp4,missing_file
14956,raw/videos/14956.mp4,missing_file
14960,raw/videos/14960.mp4,missing_file
14965,raw/videos/14965.mp4,missing_file
14967,raw/videos/14967.mp4,missing_file
14980,raw/videos/14980.mp4,missing_file
14982,raw/videos/14982.mp4,missing_file
14983,raw/videos/14983.mp4,missing_file
15017,raw/videos/15017.mp4,missing_file
15021,raw/videos/15021.mp4,missing_file
15023,raw/videos/15023.mp4,missing_file
15031,raw/videos/15031.mp4,missing_file
15036,raw/videos/15036.mp4,missing_file
15039,raw/videos/15039.mp4,missing_file
15040,raw/videos/15040.mp4,missing_file
15041,raw/videos/15041.mp4,missing_file
15042,raw/videos/15042.mp4,missing_file
15092,raw/videos/15092.mp4,missing_file
15097,raw/videos/15097.mp4,missing_file
15098,raw/videos/15098.mp4,missing_file
15102,raw/videos/15102.mp4,missing_file
15114,raw/videos/15114.mp4,missing_file
15115,raw/videos/15115.mp4,missing_file
15118,raw/videos/15118.mp4,missing_file
15143,raw/videos/15143.mp4,missing_file
15144,raw/videos/15144.mp4,missing_file
15153,raw/videos/15153.mp4,missing_file
15161,raw/videos/15161.mp4,missing_file
15164,raw/videos/15164.mp4,missing_file
15165,raw/videos/15165.mp4,missing_file
15169,raw/videos/15169.mp4,missing_file
15174,raw/videos/15174.mp4,missing_file
15175,raw/videos/15175.mp4,missing_file
15178,raw/videos/15178.mp4,missing_file
15179,raw/videos/15179.mp4,missing_file
15182,raw/videos/15182.mp4,missing_file
15190,raw/videos/15190.mp4,missing_file
15192,raw/videos/15192.mp4,missing_file
15197,raw/videos/15197.mp4,missing_file
15209,raw/videos/15209.mp4,missing_file
15216,raw/videos/15216.mp4,missing_file
15218,raw/videos/15218.mp4,missing_file
15292,raw/videos/15292.mp4,missing_file
15295,raw/videos/15295.mp4,missing_file
15300,raw/videos/15300.mp4,missing_file
15317,raw/videos/15317.mp4,missing_file
15324,raw/videos/15324.mp4,missing_file
15331,raw/videos/15331.mp4,missing_file
15368,raw/videos/15368.mp4,missing_file
15372,raw/videos/15372.mp4,missing_file
15373,raw/videos/15373.mp4,missing_file
15397,raw/videos/15397.mp4,missing_file
15404,raw/videos/15404.mp4,missing_file
15407,raw/videos/15407.mp4,missing_file
15421,raw/videos/15421.mp4,missing_file
15427,raw/videos/15427.mp4,missing_file
15429,raw/videos/15429.mp4,missing_file
15447,raw/videos/15447.mp4,missing_file
15451,raw/videos/15451.mp4,missing_file
15452,raw/videos/15452.mp4,missing_file
15473,raw/videos/15473.mp4,missing_file
15478,raw/videos/15478.mp4,missing_file
15480,raw/videos/15480.mp4,missing_file
15527,raw/videos/15527.mp4,missing_file
15532,raw/videos/15532.mp4,missing_file
15535,raw/videos/15535.mp4,missing_file
15536,raw/videos/15536.mp4,missing_file
15546,raw/videos/15546.mp4,missing_file
15550,raw/videos/15550.mp4,missing_file
15554,raw/videos/15554.mp4,missing_file
15555,raw/videos/15555.mp4,missing_file
15556,raw/videos/15556.mp4,missing_file
15560,raw/videos/15560.mp4,missing_file
15562,raw/videos/15562.mp4,missing_file
15563,raw/videos/15563.mp4,missing_file
15576,raw/videos/15576.mp4,missing_file
15581,raw/videos/15581.mp4,missing_file
15585,raw/videos/15585.mp4,missing_file
15586,raw/videos/15586.mp4,missing_file
15594,raw/videos/15594.mp4,missing_file
15604,raw/videos/15604.mp4,missing_file
15605,raw/videos/15605.mp4,missing_file
15608,raw/videos/15608.mp4,missing_file
15609,raw/videos/15609.mp4,missing_file
15634,raw/videos/15634.mp4,missing_file
15636,raw/videos/15636.mp4,missing_file
15637,raw/videos/15637.mp4,missing_file
15647,raw/videos/15647.mp4,missing_file
15651,raw/videos/15651.mp4,missing_file
15691,raw/videos/15691.mp4,missing_file
15696,raw/videos/15696.mp4,missing_file
15698,raw/videos/15698.mp4,missing_file
15705,raw/videos/15705.mp4,missing_file
15710,raw/videos/15710.mp4,missing_file
15712,raw/videos/15712.mp4,missing_file
15726,raw/videos/15726.mp4,missing_file
15729,raw/videos/15729.mp4,missing_file
15730,raw/videos/15730.mp4,missing_file
15731,raw/videos/15731.mp4,missing_file
15741,raw/videos/15741.mp4,missing_file
15752,raw/videos/15752.mp4,missing_file
15769,raw/videos/15769.mp4,missing_file
15777,raw/videos/15777.mp4,missing_file
15778,raw/videos/15778.mp4,missing_file
15779,raw/videos/15779.mp4,missing_file
15780,raw/videos/15780.mp4,missing_file
15807,raw/videos/15807.mp4,missing_file
15812,raw/videos/15812.mp4,missing_file
15816,raw/videos/15816.mp4,missing_file
15825,raw/videos/15825.mp4,missing_file
15830,raw/videos/15830.mp4,missing_file
15832,raw/videos/15832.mp4,missing_file
15833,raw/videos/15833.mp4,missing_file
15840,raw/videos/15840.mp4,missing_file
15846,raw/videos/15846.mp4,missing_file
15847,raw/videos/15847.mp4,missing_file
15848,raw/videos/15848.mp4,missing_file
15874,raw/videos/15874.mp4,missing_file
15877,raw/videos/15877.mp4,missing_file
15879,raw/videos/15879.mp4,missing_file
15901,raw/videos/15901.mp4,missing_file
15902,raw/videos/15902.mp4,missing_file
15905,raw/videos/15905.mp4,missing_file
15906,raw/videos/15906.mp4,missing_file
15932,raw/videos/15932.mp4,missing_file
15937,raw/videos/15937.mp4,missing_file
15939,raw/videos/15939.mp4,missing_file
15940,raw/videos/15940.mp4,missing_file
15956,raw/videos/15956.mp4,missing_file
15961,raw/videos/15961.mp4,missing_file
15962,raw/videos/15962.mp4,missing_file
15997,raw/videos/15997.mp4,missing_file
15999,raw/videos/15999.mp4,missing_file
16001,raw/videos/16001.mp4,missing_file
16006,raw/videos/16006.mp4,missing_file
16008,raw/videos/16008.mp4,missing_file
16066,raw/videos/16066.mp4,missing_file
16070,raw/videos/16070.mp4,missing_file
16071,raw/videos/16071.mp4,missing_file
16072,raw/videos/16072.mp4,missing_file
16076,raw/videos/16076.mp4,missing_file
16084,raw/videos/16084.mp4,missing_file
16086,raw/videos/16086.mp4,missing_file
16095,raw/videos/16095.mp4,missing_file
16101,raw/videos/16101.mp4,missing_file
16103,raw/videos/16103.mp4,missing_file
16112,raw/videos/16112.mp4,missing_file
16116,raw/videos/16116.mp4,missing_file
16123,raw/videos/16123.mp4,missing_file
16128,raw/videos/16128.mp4,missing_file
16129,raw/videos/16129.mp4,missing_file
16130,raw/videos/16130.mp4,missing_file
16132,raw/videos/16132.mp4,missing_file
16133,raw/videos/16133.mp4,missing_file
16155,raw/videos/16155.mp4,missing_file
16162,raw/videos/16162.mp4,missing_file
16165,raw/videos/16165.mp4,missing_file
16167,raw/videos/16167.mp4,missing_file
16190,raw/videos/16190.mp4,missing_file
16196,raw/videos/16196.mp4,missing_file
16197,raw/videos/16197.mp4,missing_file
16199,raw/videos/16199.mp4,missing_file
16200,raw/videos/16200.mp4,missing_file
16201,raw/videos/16201.mp4,missing_file
16202,raw/videos/16202.mp4,missing_file
16211,raw/videos/16211.mp4,missing_file
16214,raw/videos/16214.mp4,missing_file
16219,raw/videos/16219.mp4,missing_file
16225,raw/videos/16225.mp4,missing_file
16236,raw/videos/16236.mp4,missing_file
16237,raw/videos/16237.mp4,missing_file
16239,raw/videos/16239.mp4,missing_file
16267,raw/videos/16267.mp4,missing_file
16271,raw/videos/16271.mp4,missing_file
16273,raw/videos/16273.mp4,missing_file
16313,raw/videos/16313.mp4,missing_file
16318,raw/videos/16318.mp4,missing_file
16326,raw/videos/16326.mp4,missing_file
16329,raw/videos/16329.mp4,missing_file
16332,raw/videos/16332.mp4,missing_file
16350,raw/videos/16350.mp4,missing_file
16353,raw/videos/16353.mp4,missing_file
16356,raw/videos/16356.mp4,missing_file
16357,raw/videos/16357.mp4,missing_file
16382,raw/videos/16382.mp4,missing_file
16385,raw/videos/16385.mp4,missing_file
16387,raw/videos/16387.mp4,missing_file
16388,raw/videos/16388.mp4,missing_file
16389,raw/videos/16389.mp4,missing_file
16392,raw/videos/16392.mp4,missing_file
16399,raw/videos/16399.mp4,missing_file
16402,raw/videos/16402.mp4,missing_file
16408,raw/videos/16408.mp4,missing_file
16410,raw/videos/16410.mp4,missing_file
16427,raw/videos/16427.mp4,missing_file
16432,raw/videos/16432.mp4,missing_file
16434,raw/videos/16434.mp4,missing_file
16435,raw/videos/16435.mp4,missing_file
16437,raw/videos/16437.mp4,missing_file
16442,raw/videos/16442.mp4,missing_file
16447,raw/videos/16447.mp4,missing_file
16448,raw/videos/16448.mp4,missing_file
16449,raw/videos/16449.mp4,missing_file
16505,raw/videos/16505.mp4,missing_file
16510,raw/videos/16510.mp4,missing_file
16529,raw/videos/16529.mp4,missing_file
16540,raw/videos/16540.mp4,missing_file
16543,raw/videos/16543.mp4,missing_file
16545,raw/videos/16545.mp4,missing_file
16565,raw/videos/16565.mp4,missing_file
16568,raw/videos/16568.mp4,missing_file
16581,raw/videos/16581.mp4,missing_file
16588,raw/videos/16588.mp4,missing_file
16590,raw/videos/16590.mp4,missing_file
16594,raw/videos/16594.mp4,missing_file
16595,raw/videos/16595.mp4,missing_file
16596,raw/videos/16596.mp4,missing_file
16597,raw/videos/16597.mp4,missing_file
16634,raw/videos/16634.mp4,missing_file
16637,raw/videos/16637.mp4,missing_file
16638,raw/videos/16638.mp4,missing_file
16645,raw/videos/16645.mp4,missing_file
16699,raw/videos/16699.mp4,missing_file
16705,raw/videos/16705.mp4,missing_file
16706,raw/videos/16706.mp4,missing_file
16708,raw/videos/16708.mp4,missing_file
16803,raw/videos/16803.mp4,missing_file
16807,raw/videos/16807.mp4,missing_file
16810,raw/videos/16810.mp4,missing_file
16874,raw/videos/16874.mp4,missing_file
16879,raw/videos/16879.mp4,missing_file
16889,raw/videos/16889.mp4,missing_file
16896,raw/videos/16896.mp4,missing_file
16898,raw/videos/16898.mp4,missing_file
16922,raw/videos/16922.mp4,missing_file
16928,raw/videos/16928.mp4,missing_file
16934,raw/videos/16934.mp4,missing_file
16935,raw/videos/16935.mp4,missing_file
16949,raw/videos/16949.mp4,missing_file
16956,raw/videos/16956.mp4,missing_file
16957,raw/videos/16957.mp4,missing_file
16961,raw/videos/16961.mp4,missing_file
16971,raw/videos/16971.mp4,missing_file
16973,raw/videos/16973.mp4,missing_file
16975,raw/videos/16975.mp4,missing_file
16980,raw/videos/16980.mp4,missing_file
16985,raw/videos/16985.mp4,missing_file
16987,raw/videos/16987.mp4,missing_file
16988,raw/videos/16988.mp4,missing_file
17007,raw/videos/17007.mp4,missing_file
17018,raw/videos/17018.mp4,missing_file
17022,raw/videos/17022.mp4,missing_file
17023,raw/videos/17023.mp4,missing_file
17024,raw/videos/17024.mp4,missing_file
17025,raw/videos/17025.mp4,missing_file
17031,raw/videos/17031.mp4,missing_file
17076,raw/videos/17076.mp4,missing_file
17088,raw/videos/17088.mp4,missing_file
17092,raw/videos/17092.mp4,missing_file
17093,raw/videos/17093.mp4,missing_file
17095,raw/videos/17095.mp4,missing_file
17096,raw/videos/17096.mp4,missing_file
17122,raw/videos/17122.mp4,missing_file
17123,raw/videos/17123.mp4,missing_file
17130,raw/videos/17130.mp4,missing_file
17134,raw/videos/17134.mp4,missing_file
17150,raw/videos/17150.mp4,missing_file
17151,raw/videos/17151.mp4,missing_file
17152,raw/videos/17152.mp4,missing_file
17161,raw/videos/17161.mp4,missing_file
17163,raw/videos/17163.mp4,missing_file
17164,raw/videos/17164.mp4,missing_file
17165,raw/videos/17165.mp4,missing_file
17208,raw/videos/17208.mp4,missing_file
17213,raw/videos/17213.mp4,missing_file
17303,raw/videos/17303.mp4,missing_file
17317,raw/videos/17317.mp4,missing_file
17329,raw/videos/17329.mp4,missing_file
17331,raw/videos/17331.mp4,missing_file
17332,raw/videos/17332.mp4,missing_file
17333,raw/videos/17333.mp4,missing_file
17334,raw/videos/17334.mp4,missing_file
17335,raw/videos/17335.mp4,missing_file
17357,raw/videos/17357.mp4,missing_file
17358,raw/videos/17358.mp4,missing_file
17360,raw/videos/17360.mp4,missing_file
17363,raw/videos/17363.mp4,missing_file
17374,raw/videos/17374.mp4,missing_file
17380,raw/videos/17380.mp4,missing_file
17382,raw/videos/17382.mp4,missing_file
17383,raw/videos/17383.mp4,missing_file
17388,raw/videos/17388.mp4,missing_file
17393,raw/videos/17393.mp4,missing_file
17399,raw/videos/17399.mp4,missing_file
17422,raw/videos/17422.mp4,missing_file
17432,raw/videos/17432.mp4,missing_file
17434,raw/videos/17434.mp4,missing_file
17435,raw/videos/17435.mp4,missing_file
17455,raw/videos/17455.mp4,missing_file
17459,raw/videos/17459.mp4,missing_file
17461,raw/videos/17461.mp4,missing_file
17462,raw/videos/17462.mp4,missing_file
17511,raw/videos/17511.mp4,missing_file
17513,raw/videos/17513.mp4,missing_file
17518,raw/videos/17518.mp4,missing_file
17520,raw/videos/17520.mp4,missing_file
17531,raw/videos/17531.mp4,missing_file
17533,raw/videos/17533.mp4,missing_file
17534,raw/videos/17534.mp4,missing_file
17535,raw/videos/17535.mp4,missing_file
17561,raw/videos/17561.mp4,missing_file
17563,raw/videos/17563.mp4,missing_file
17584,raw/videos/17584.mp4,missing_file
17587,raw/videos/17587.mp4,missing_file
17588,raw/videos/17588.mp4,missing_file
17597,raw/videos/17597.mp4,missing_file
17601,raw/videos/17601.mp4,missing_file
17602,raw/videos/17602.mp4,missing_file
17604,raw/videos/17604.mp4,missing_file
17605,raw/videos/17605.mp4,missing_file
17624,raw/videos/17624.mp4,missing_file
17629,raw/videos/17629.mp4,missing_file
17634,raw/videos/17634.mp4,missing_file
17635,raw/videos/17635.mp4,missing_file
17658,raw/videos/17658.mp4,missing_file
17661,raw/videos/17661.mp4,missing_file
17664,raw/videos/17664.mp4,missing_file
17714,raw/videos/17714.mp4,missing_file
17715,raw/videos/17715.mp4,missing_file
17716,raw/videos/17716.mp4,missing_file
17717,raw/videos/17717.mp4,missing_file
17718,raw/videos/17718.mp4,missing_file
17719,raw/videos/17719.mp4,missing_file
17725,raw/videos/17725.mp4,missing_file
17726,raw/videos/17726.mp4,missing_file
17727,raw/videos/17727.mp4,missing_file
17728,raw/videos/17728.mp4,missing_file
17729,raw/videos/17729.mp4,missing_file
17730,raw/videos/17730.mp4,missing_file
17731,raw/videos/17731.mp4,missing_file
17732,raw/videos/17732.mp4,missing_file
17751,raw/videos/17751.mp4,missing_file
17763,raw/videos/17763.mp4,missing_file
17764,raw/videos/17764.mp4,missing_file
17765,raw/videos/17765.mp4,missing_file
17770,raw/videos/17770.mp4,missing_file
17771,raw/videos/17771.mp4,missing_file
17825,raw/videos/17825.mp4,missing_file
17826,raw/videos/17826.mp4,missing_file
17829,raw/videos/17829.mp4,missing_file
17830,raw/videos/17830.mp4,missing_file
17831,raw/videos/17831.mp4,missing_file
17879,raw/videos/17879.mp4,missing_file
17885,raw/videos/17885.mp4,missing_file
17888,raw/videos/17888.mp4,missing_file
17895,raw/videos/17895.mp4,missing_file
17898,raw/videos/17898.mp4,missing_file
17899,raw/videos/17899.mp4,missing_file
17907,raw/videos/17907.mp4,missing_file
17913,raw/videos/17913.mp4,missing_file
17916,raw/videos/17916.mp4,missing_file
17919,raw/videos/17919.mp4,missing_file
17934,raw/videos/17934.mp4,missing_file
17937,raw/videos/17937.mp4,missing_file
17938,raw/videos/17938.mp4,missing_file
17945,raw/videos/17945.mp4,missing_file
17950,raw/videos/17950.mp4,missing_file
17952,raw/videos/17952.mp4,missing_file
17953,raw/videos/17953.mp4,missing_file
17958,raw/videos/17958.mp4,missing_file
17978,raw/videos/17978.mp4,missing_file
17981,raw/videos/17981.mp4,missing_file
17989,raw/videos/17989.mp4,missing_file
17993,raw/videos/17993.mp4,missing_file
17994,raw/videos/17994.mp4,missing_file
18027,raw/videos/18027.mp4,missing_file
18031,raw/videos/18031.mp4,missing_file
18033,raw/videos/18033.mp4,missing_file
18034,raw/videos/18034.mp4,missing_file
18035,raw/videos/18035.mp4,missing_file
18039,raw/videos/18039.mp4,missing_file
18041,raw/videos/18041.mp4,missing_file
18060,raw/videos/18060.mp4,missing_file
18062,raw/videos/18062.mp4,missing_file
18063,raw/videos/18063.mp4,missing_file
18064,raw/videos/18064.mp4,missing_file
18065,raw/videos/18065.mp4,missing_file
18066,raw/videos/18066.mp4,missing_file
18067,raw/videos/18067.mp4,missing_file
18072,raw/videos/18072.mp4,missing_file
18074,raw/videos/18074.mp4,missing_file
18075,raw/videos/18075.mp4,missing_file
18090,raw/videos/18090.mp4,missing_file
18093,raw/videos/18093.mp4,missing_file
18094,raw/videos/18094.mp4,missing_file
18107,raw/videos/18107.mp4,missing_file
18108,raw/videos/18108.mp4,missing_file
18111,raw/videos/18111.mp4,missing_file
18115,raw/videos/18115.mp4,missing_file
18116,raw/videos/18116.mp4,missing_file
18117,raw/videos/18117.mp4,missing_file
18137,raw/videos/18137.mp4,missing_file
18141,raw/videos/18141.mp4,missing_file
18143,raw/videos/18143.mp4,missing_file
18145,raw/videos/18145.mp4,missing_file
18157,raw/videos/18157.mp4,missing_file
18159,raw/videos/18159.mp4,missing_file
18160,raw/videos/18160.mp4,missing_file
18164,raw/videos/18164.mp4,missing_file
18177,raw/videos/18177.mp4,missing_file
18181,raw/videos/18181.mp4,missing_file
18182,raw/videos/18182.mp4,missing_file
18183,raw/videos/18183.mp4,missing_file
18190,raw/videos/18190.mp4,missing_file
18198,raw/videos/18198.mp4,missing_file
18200,raw/videos/18200.mp4,missing_file
18201,raw/videos/18201.mp4,missing_file
18202,raw/videos/18202.mp4,missing_file
18203,raw/videos/18203.mp4,missing_file
18218,raw/videos/18218.mp4,missing_file
18222,raw/videos/18222.mp4,missing_file
18223,raw/videos/18223.mp4,missing_file
18224,raw/videos/18224.mp4,missing_file
18226,raw/videos/18226.mp4,missing_file
18227,raw/videos/18227.mp4,missing_file
18239,raw/videos/18239.mp4,missing_file
18244,raw/videos/18244.mp4,missing_file
18247,raw/videos/18247.mp4,missing_file
18253,raw/videos/18253.mp4,missing_file
18257,raw/videos/18257.mp4,missing_file
18259,raw/videos/18259.mp4,missing_file
18261,raw/videos/18261.mp4,missing_file
18270,raw/videos/18270.mp4,missing_file
18271,raw/videos/18271.mp4,missing_file
18277,raw/videos/18277.mp4,missing_file
18278,raw/videos/18278.mp4,missing_file
18282,raw/videos/18282.mp4,missing_file
18283,raw/videos/18283.mp4,missing_file
18293,raw/videos/18293.mp4,missing_file
18295,raw/videos/18295.mp4,missing_file
18296,raw/videos/18296.mp4,missing_file
18297,raw/videos/18297.mp4,missing_file
18301,raw/videos/18301.mp4,missing_file
18309,raw/videos/18309.mp4,missing_file
18312,raw/videos/18312.mp4,missing_file
18313,raw/videos/18313.mp4,missing_file
18316,raw/videos/18316.mp4,missing_file
18326,raw/videos/18326.mp4,missing_file
18328,raw/videos/18328.mp4,missing_file
18331,raw/videos/18331.mp4,missing_file
18332,raw/videos/18332.mp4,missing_file
18333,raw/videos/18333.mp4,missing_file
18334,raw/videos/18334.mp4,missing_file
18373,raw/videos/18373.mp4,missing_file
18375,raw/videos/18375.mp4,missing_file
18376,raw/videos/18376.mp4,missing_file
18418,raw/videos/18418.mp4,missing_file
18421,raw/videos/18421.mp4,missing_file
18424,raw/videos/18424.mp4,missing_file
18430,raw/videos/18430.mp4,missing_file
18431,raw/videos/18431.mp4,missing_file
18477,raw/videos/18477.mp4,missing_file
18478,raw/videos/18478.mp4,missing_file
18480,raw/videos/18480.mp4,missing_file
18481,raw/videos/18481.mp4,missing_file
18485,raw/videos/18485.mp4,missing_file
18489,raw/videos/18489.mp4,missing_file
18491,raw/videos/18491.mp4,missing_file
18496,raw/videos/18496.mp4,missing_file
18497,raw/videos/18497.mp4,missing_file
18521,raw/videos/18521.mp4,missing_file
18529,raw/videos/18529.mp4,missing_file
18530,raw/videos/18530.mp4,missing_file
18531,raw/videos/18531.mp4,missing_file
18534,raw/videos/18534.mp4,missing_file
18536,raw/videos/18536.mp4,missing_file
18551,raw/videos/18551.mp4,missing_file
18556,raw/videos/18556.mp4,missing_file
18572,raw/videos/18572.mp4,missing_file
18574,raw/videos/18574.mp4,missing_file
18576,raw/videos/18576.mp4,missing_file
18577,raw/videos/18577.mp4,missing_file
18640,raw/videos/18640.mp4,missing_file
18643,raw/videos/18643.mp4,missing_file
18646,raw/videos/18646.mp4,missing_file
18647,raw/videos/18647.mp4,missing_file
18719,raw/videos/18719.mp4,missing_file
18722,raw/videos/18722.mp4,missing_file
18725,raw/videos/18725.mp4,missing_file
18731,raw/videos/18731.mp4,missing_file
18733,raw/videos/18733.mp4,missing_file
18755,raw/videos/18755.mp4,missing_file
18758,raw/videos/18758.mp4,missing_file
18760,raw/videos/18760.mp4,missing_file
18769,raw/videos/18769.mp4,missing_file
18774,raw/videos/18774.mp4,missing_file
18776,raw/videos/18776.mp4,missing_file
18777,raw/videos/18777.mp4,missing_file
18778,raw/videos/18778.mp4,missing_file
18785,raw/videos/18785.mp4,missing_file
18792,raw/videos/18792.mp4,missing_file
18793,raw/videos/18793.mp4,missing_file
18799,raw/videos/18799.mp4,missing_file
18854,raw/videos/18854.mp4,missing_file
18857,raw/videos/18857.mp4,missing_file
18859,raw/videos/18859.mp4,missing_file
18860,raw/videos/18860.mp4,missing_file
18876,raw/videos/18876.mp4,missing_file
18877,raw/videos/18877.mp4,missing_file
18878,raw/videos/18878.mp4,missing_file
18882,raw/videos/18882.mp4,missing_file
18883,raw/videos/18883.mp4,missing_file
18887,raw/videos/18887.mp4,missing_file
18901,raw/videos/18901.mp4,missing_file
18902,raw/videos/18902.mp4,missing_file
18939,raw/videos/18939.mp4,missing_file
18948,raw/videos/18948.mp4,missing_file
18950,raw/videos/18950.mp4,missing_file
18970,raw/videos/18970.mp4,missing_file
18982,raw/videos/18982.mp4,missing_file
18984,raw/videos/18984.mp4,missing_file
19044,raw/videos/19044.mp4,missing_file
19053,raw/videos/19053.mp4,missing_file
19055,raw/videos/19055.mp4,missing_file
19056,raw/videos/19056.mp4,missing_file
19086,raw/videos/19086.mp4,missing_file
19091,raw/videos/19091.mp4,missing_file
19093,raw/videos/19093.mp4,missing_file
19103,raw/videos/19103.mp4,missing_file
19112,raw/videos/19112.mp4,missing_file
19113,raw/videos/19113.mp4,missing_file
19116,raw/videos/19116.mp4,missing_file
19117,raw/videos/19117.mp4,missing_file
19118,raw/videos/19118.mp4,missing_file
19164,raw/videos/19164.mp4,missing_file
19168,raw/videos/19168.mp4,missing_file
19170,raw/videos/19170.mp4,missing_file
19171,raw/videos/19171.mp4,missing_file
19187,raw/videos/19187.mp4,missing_file
19188,raw/videos/19188.mp4,missing_file
19189,raw/videos/19189.mp4,missing_file
19190,raw/videos/19190.mp4,missing_file
19195,raw/videos/19195.mp4,missing_file
19196,raw/videos/19196.mp4,missing_file
19198,raw/videos/19198.mp4,missing_file
19199,raw/videos/19199.mp4,missing_file
19206,raw/videos/19206.mp4,missing_file
19216,raw/videos/19216.mp4,missing_file
19218,raw/videos/19218.mp4,missing_file
19225,raw/videos/19225.mp4,missing_file
19227,raw/videos/19227.mp4,missing_file
19228,raw/videos/19228.mp4,missing_file
19230,raw/videos/19230.mp4,missing_file
19234,raw/videos/19234.mp4,missing_file
19235,raw/videos/19235.mp4,missing_file
19237,raw/videos/19237.mp4,missing_file
19238,raw/videos/19238.mp4,missing_file
19255,raw/videos/19255.mp4,missing_file
19262,raw/videos/19262.mp4,missing_file
19263,raw/videos/19263.mp4,missing_file
19265,raw/videos/19265.mp4,missing_file
19266,raw/videos/19266.mp4,missing_file
19267,raw/videos/19267.mp4,missing_file
19268,raw/videos/19268.mp4,missing_file
19301,raw/videos/19301.mp4,missing_file
19302,raw/videos/19302.mp4,missing_file
19304,raw/videos/19304.mp4,missing_file
19308,raw/videos/19308.mp4,missing_file
19310,raw/videos/19310.mp4,missing_file
19311,raw/videos/19311.mp4,missing_file
19325,raw/videos/19325.mp4,missing_file
19329,raw/videos/19329.mp4,missing_file
19331,raw/videos/19331.mp4,missing_file
19332,raw/videos/19332.mp4,missing_file
19333,raw/videos/19333.mp4,missing_file
19334,raw/videos/19334.mp4,missing_file
19392,raw/videos/19392.mp4,missing_file
19396,raw/videos/19396.mp4,missing_file
19398,raw/videos/19398.mp4,missing_file
19402,raw/videos/19402.mp4,missing_file
19413,raw/videos/19413.mp4,missing_file
19417,raw/videos/19417.mp4,missing_file
19456,raw/videos/19456.mp4,missing_file
19460,raw/videos/19460.mp4,missing_file
19461,raw/videos/19461.mp4,missing_file
19463,raw/videos/19463.mp4,missing_file
19502,raw/videos/19502.mp4,missing_file
19508,raw/videos/19508.mp4,missing_file
19510,raw/videos/19510.mp4,missing_file
19516,raw/videos/19516.mp4,missing_file
19556,raw/videos/19556.mp4,missing_file
19562,raw/videos/19562.mp4,missing_file
19564,raw/videos/19564.mp4,missing_file
19565,raw/videos/19565.mp4,missing_file
19566,raw/videos/19566.mp4,missing_file
19611,raw/videos/19611.mp4,missing_file
19618,raw/videos/19618.mp4,missing_file
19620,raw/videos/19620.mp4,missing_file
19621,raw/videos/19621.mp4,missing_file
19653,raw/videos/19653.mp4,missing_file
19658,raw/videos/19658.mp4,missing_file
19659,raw/videos/19659.mp4,missing_file
19679,raw/videos/19679.mp4,missing_file
19690,raw/videos/19690.mp4,missing_file
19693,raw/videos/19693.mp4,missing_file
19694,raw/videos/19694.mp4,missing_file
19703,raw/videos/19703.mp4,missing_file
19708,raw/videos/19708.mp4,missing_file
19710,raw/videos/19710.mp4,missing_file
19712,raw/videos/19712.mp4,missing_file
19739,raw/videos/19739.mp4,missing_file
19744,raw/videos/19744.mp4,missing_file
19747,raw/videos/19747.mp4,missing_file
19752,raw/videos/19752.mp4,missing_file
19763,raw/videos/19763.mp4,missing_file
19767,raw/videos/19767.mp4,missing_file
19768,raw/videos/19768.mp4,missing_file
19769,raw/videos/19769.mp4,missing_file
19798,raw/videos/19798.mp4,missing_file
19812,raw/videos/19812.mp4,missing_file
19817,raw/videos/19817.mp4,missing_file
19844,raw/videos/19844.mp4,missing_file
19846,raw/videos/19846.mp4,missing_file
19847,raw/videos/19847.mp4,missing_file
19848,raw/videos/19848.mp4,missing_file
19851,raw/videos/19851.mp4,missing_file
19854,raw/videos/19854.mp4,missing_file
19909,raw/videos/19909.mp4,missing_file
19913,raw/videos/19913.mp4,missing_file
19916,raw/videos/19916.mp4,missing_file
19929,raw/videos/19929.mp4,missing_file
19932,raw/videos/19932.mp4,missing_file
19966,raw/videos/19966.mp4,missing_file
19972,raw/videos/19972.mp4,missing_file
19973,raw/videos/19973.mp4,missing_file
20007,raw/videos/20007.mp4,missing_file
20011,raw/videos/20011.mp4,missing_file
20013,raw/videos/20013.mp4,missing_file
20020,raw/videos/20020.mp4,missing_file
20025,raw/videos/20025.mp4,missing_file
20026,raw/videos/20026.mp4,missing_file
20028,raw/videos/20028.mp4,missing_file
20029,raw/videos/20029.mp4,missing_file
20064,raw/videos/20064.mp4,missing_file
20073,raw/videos/20073.mp4,missing_file
20075,raw/videos/20075.mp4,missing_file
20076,raw/videos/20076.mp4,missing_file
20108,raw/videos/20108.mp4,missing_file
20114,raw/videos/20114.mp4,missing_file
20137,raw/videos/20137.mp4,missing_file
20144,raw/videos/20144.mp4,missing_file
20148,raw/videos/20148.mp4,missing_file
20152,raw/videos/20152.mp4,missing_file
20159,raw/videos/20159.mp4,missing_file
20160,raw/videos/20160.mp4,missing_file
20161,raw/videos/20161.mp4,missing_file
20197,raw/videos/20197.mp4,missing_file
20199,raw/videos/20199.mp4,missing_file
20200,raw/videos/20200.mp4,missing_file
20202,raw/videos/20202.mp4,missing_file
20203,raw/videos/20203.mp4,missing_file
20228,raw/videos/20228.mp4,missing_file
20231,raw/videos/20231.mp4,missing_file
20232,raw/videos/20232.mp4,missing_file
20258,raw/videos/20258.mp4,missing_file
20259,raw/videos/20259.mp4,missing_file
20261,raw/videos/20261.mp4,missing_file
20310,raw/videos/20310.mp4,missing_file
20317,raw/videos/20317.mp4,missing_file
20320,raw/videos/20320.mp4,missing_file
20321,raw/videos/20321.mp4,missing_file
20327,raw/videos/20327.mp4,missing_file
20338,raw/videos/20338.mp4,missing_file
20340,raw/videos/20340.mp4,missing_file
20341,raw/videos/20341.mp4,missing_file
20362,raw/videos/20362.mp4,missing_file
20368,raw/videos/20368.mp4,missing_file
20371,raw/videos/20371.mp4,missing_file
20372,raw/videos/20372.mp4,missing_file
20374,raw/videos/20374.mp4,missing_file
20382,raw/videos/20382.mp4,missing_file
20384,raw/videos/20384.mp4,missing_file
20385,raw/videos/20385.mp4,missing_file
20387,raw/videos/20387.mp4,missing_file
20394,raw/videos/20394.mp4,missing_file
20397,raw/videos/20397.mp4,missing_file
20398,raw/videos/20398.mp4,missing_file
20400,raw/videos/20400.mp4,missing_file
20402,raw/videos/20402.mp4,missing_file
20409,raw/videos/20409.mp4,missing_file
20412,raw/videos/20412.mp4,missing_file
20413,raw/videos/20413.mp4,missing_file
20434,raw/videos/20434.mp4,missing_file
20439,raw/videos/20439.mp4,missing_file
20442,raw/videos/20442.mp4,missing_file
20443,raw/videos/20443.mp4,missing_file
20444,raw/videos/20444.mp4,missing_file
20455,raw/videos/20455.mp4,missing_file
20458,raw/videos/20458.mp4,missing_file
20460,raw/videos/20460.mp4,missing_file
20508,raw/videos/20508.mp4,missing_file
20514,raw/videos/20514.mp4,missing_file
20515,raw/videos/20515.mp4,missing_file
20601,raw/videos/20601.mp4,missing_file
20621,raw/videos/20621.mp4,missing_file
20624,raw/videos/20624.mp4,missing_file
20626,raw/videos/20626.mp4,missing_file
20630,raw/videos/20630.mp4,missing_file
20635,raw/videos/20635.mp4,missing_file
20664,raw/videos/20664.mp4,missing_file
20666,raw/videos/20666.mp4,missing_file
20670,raw/videos/20670.mp4,missing_file
20693,raw/videos/20693.mp4,missing_file
20703,raw/videos/20703.mp4,missing_file
20708,raw/videos/20708.mp4,missing_file
20709,raw/videos/20709.mp4,missing_file
20736,raw/videos/20736.mp4,missing_file
20743,raw/videos/20743.mp4,missing_file
20744,raw/videos/20744.mp4,missing_file
20747,raw/videos/20747.mp4,missing_file
20748,raw/videos/20748.mp4,missing_file
20765,raw/videos/20765.mp4,missing_file
20769,raw/videos/20769.mp4,missing_file
20771,raw/videos/20771.mp4,missing_file
20772,raw/videos/20772.mp4,missing_file
20792,raw/videos/20792.mp4,missing_file
20796,raw/videos/20796.mp4,missing_file
20798,raw/videos/20798.mp4,missing_file
20799,raw/videos/20799.mp4,missing_file
20800,raw/videos/20800.mp4,missing_file
20840,raw/videos/20840.mp4,missing_file
20841,raw/videos/20841.mp4,missing_file
20842,raw/videos/20842.mp4,missing_file
20860,raw/videos/20860.mp4,missing_file
20871,raw/videos/20871.mp4,missing_file
20927,raw/videos/20927.mp4,missing_file
20930,raw/videos/20930.mp4,missing_file
20931,raw/videos/20931.mp4,missing_file
20965,raw/videos/20965.mp4,missing_file
20970,raw/videos/20970.mp4,missing_file
20971,raw/videos/20971.mp4,missing_file
20972,raw/videos/20972.mp4,missing_file
20976,raw/videos/20976.mp4,missing_file
20984,raw/videos/20984.mp4,missing_file
20985,raw/videos/20985.mp4,missing_file
20988,raw/videos/20988.mp4,missing_file
20989,raw/videos/20989.mp4,missing_file
20990,raw/videos/20990.mp4,missing_file
20991,raw/videos/20991.mp4,missing_file
21008,raw/videos/21008.mp4,missing_file
21012,raw/videos/21012.mp4,missing_file
21014,raw/videos/21014.mp4,missing_file
21022,raw/videos/21022.mp4,missing_file
21028,raw/videos/21028.mp4,missing_file
21031,raw/videos/21031.mp4,missing_file
21052,raw/videos/21052.mp4,missing_file
21076,raw/videos/21076.mp4,missing_file
21079,raw/videos/21079.mp4,missing_file
21080,raw/videos/21080.mp4,missing_file
21085,raw/videos/21085.mp4,missing_file
21088,raw/videos/21088.mp4,missing_file
21090,raw/videos/21090.mp4,missing_file
21091,raw/videos/21091.mp4,missing_file
21104,raw/videos/21104.mp4,missing_file
21177,raw/videos/21177.mp4,missing_file
21184,raw/videos/21184.mp4,missing_file
21186,raw/videos/21186.mp4,missing_file
21202,raw/videos/21202.mp4,missing_file
21210,raw/videos/21210.mp4,missing_file
21217,raw/videos/21217.mp4,missing_file
21218,raw/videos/21218.mp4,missing_file
21219,raw/videos/21219.mp4,missing_file
21220,raw/videos/21220.mp4,missing_file
21239,raw/videos/21239.mp4,missing_file
21246,raw/videos/21246.mp4,missing_file
21248,raw/videos/21248.mp4,missing_file
21250,raw/videos/21250.mp4,missing_file
21272,raw/videos/21272.mp4,missing_file
21277,raw/videos/21277.mp4,missing_file
21284,raw/videos/21284.mp4,missing_file
21285,raw/videos/21285.mp4,missing_file
21302,raw/videos/21302.mp4,missing_file
21306,raw/videos/21306.mp4,missing_file
21310,raw/videos/21310.mp4,missing_file
21319,raw/videos/21319.mp4,missing_file
21326,raw/videos/21326.mp4,missing_file
21330,raw/videos/21330.mp4,missing_file
21331,raw/videos/21331.mp4,missing_file
21332,raw/videos/21332.mp4,missing_file
21333,raw/videos/21333.mp4,missing_file
21355,raw/videos/21355.mp4,missing_file
21359,raw/videos/21359.mp4,missing_file
21361,raw/videos/21361.mp4,missing_file
21368,raw/videos/21368.mp4,missing_file
21372,raw/videos/21372.mp4,missing_file
21374,raw/videos/21374.mp4,missing_file
21375,raw/videos/21375.mp4,missing_file
21393,raw/videos/21393.mp4,missing_file
21394,raw/videos/21394.mp4,missing_file
21400,raw/videos/21400.mp4,missing_file
21401,raw/videos/21401.mp4,missing_file
21403,raw/videos/21403.mp4,missing_file
21404,raw/videos/21404.mp4,missing_file
21410,raw/videos/21410.mp4,missing_file
21414,raw/videos/21414.mp4,missing_file
21415,raw/videos/21415.mp4,missing_file
21416,raw/videos/21416.mp4,missing_file
21425,raw/videos/21425.mp4,missing_file
21435,raw/videos/21435.mp4,missing_file
21437,raw/videos/21437.mp4,missing_file
21438,raw/videos/21438.mp4,missing_file
21439,raw/videos/21439.mp4,missing_file
21440,raw/videos/21440.mp4,missing_file
21441,raw/videos/21441.mp4,missing_file
21486,raw/videos/21486.mp4,missing_file
21490,raw/videos/21490.mp4,missing_file
21492,raw/videos/21492.mp4,missing_file
21526,raw/videos/21526.mp4,missing_file
21528,raw/videos/21528.mp4,missing_file
21548,raw/videos/21548.mp4,missing_file
21555,raw/videos/21555.mp4,missing_file
21558,raw/videos/21558.mp4,missing_file
21559,raw/videos/21559.mp4,missing_file
21561,raw/videos/21561.mp4,missing_file
21562,raw/videos/21562.mp4,missing_file
21569,raw/videos/21569.mp4,missing_file
21571,raw/videos/21571.mp4,missing_file
21689,raw/videos/21689.mp4,missing_file
21699,raw/videos/21699.mp4,missing_file
21707,raw/videos/21707.mp4,missing_file
21708,raw/videos/21708.mp4,missing_file
21709,raw/videos/21709.mp4,missing_file
21816,raw/videos/21816.mp4,missing_file
21823,raw/videos/21823.mp4,missing_file
21825,raw/videos/21825.mp4,missing_file
21828,raw/videos/21828.mp4,missing_file
21834,raw/videos/21834.mp4,missing_file
21837,raw/videos/21837.mp4,missing_file
21840,raw/videos/21840.mp4,missing_file
21842,raw/videos/21842.mp4,missing_file
21856,raw/videos/21856.mp4,missing_file
21860,raw/videos/21860.mp4,missing_file
21875,raw/videos/21875.mp4,missing_file
21876,raw/videos/21876.mp4,missing_file
21884,raw/videos/21884.mp4,missing_file
21885,raw/videos/21885.mp4,missing_file
21886,raw/videos/21886.mp4,missing_file
21887,raw/videos/21887.mp4,missing_file
21888,raw/videos/21888.mp4,missing_file
21889,raw/videos/21889.mp4,missing_file
21926,raw/videos/21926.mp4,missing_file
21929,raw/videos/21929.mp4,missing_file
21933,raw/videos/21933.mp4,missing_file
21946,raw/videos/21946.mp4,missing_file
21952,raw/videos/21952.mp4,missing_file
21953,raw/videos/21953.mp4,missing_file
21954,raw/videos/21954.mp4,missing_file
21955,raw/videos/21955.mp4,missing_file
21956,raw/videos/21956.mp4,missing_file
21998,raw/videos/21998.mp4,missing_file
22000,raw/videos/22000.mp4,missing_file
22012,raw/videos/22012.mp4,missing_file
22017,raw/videos/22017.mp4,missing_file
22018,raw/videos/22018.mp4,missing_file
22071,raw/videos/22071.mp4,missing_file
22088,raw/videos/22088.mp4,missing_file
22089,raw/videos/22089.mp4,missing_file
22096,raw/videos/22096.mp4,missing_file
22097,raw/videos/22097.mp4,missing_file
22109,raw/videos/22109.mp4,missing_file
22118,raw/videos/22118.mp4,missing_file
22119,raw/videos/22119.mp4,missing_file
22124,raw/videos/22124.mp4,missing_file
22125,raw/videos/22125.mp4,missing_file
22126,raw/videos/22126.mp4,missing_file
22127,raw/videos/22127.mp4,missing_file
22128,raw/videos/22128.mp4,missing_file
22129,raw/videos/22129.mp4,missing_file
22131,raw/videos/22131.mp4,missing_file
22136,raw/videos/22136.mp4,missing_file
22137,raw/videos/22137.mp4,missing_file
22138,raw/videos/22138.mp4,missing_file
22139,raw/videos/22139.mp4,missing_file
22140,raw/videos/22140.mp4,missing_file
22193,raw/videos/22193.mp4,missing_file
22196,raw/videos/22196.mp4,missing_file
22242,raw/videos/22242.mp4,missing_file
22249,raw/videos/22249.mp4,missing_file
22269,raw/videos/22269.mp4,missing_file
22275,raw/videos/22275.mp4,missing_file
22277,raw/videos/22277.mp4,missing_file
22278,raw/videos/22278.mp4,missing_file
22279,raw/videos/22279.mp4,missing_file
22356,raw/videos/22356.mp4,missing_file
22361,raw/videos/22361.mp4,missing_file
22363,raw/videos/22363.mp4,missing_file
22408,raw/videos/22408.mp4,missing_file
22414,raw/videos/22414.mp4,missing_file
22453,raw/videos/22453.mp4,missing_file
22458,raw/videos/22458.mp4,missing_file
22460,raw/videos/22460.mp4,missing_file
22479,raw/videos/22479.mp4,missing_file
22484,raw/videos/22484.mp4,missing_file
22486,raw/videos/22486.mp4,missing_file
22487,raw/videos/22487.mp4,missing_file
22488,raw/videos/22488.mp4,missing_file
22491,raw/videos/22491.mp4,missing_file
22498,raw/videos/22498.mp4,missing_file
22500,raw/videos/22500.mp4,missing_file
22501,raw/videos/22501.mp4,missing_file
22509,raw/videos/22509.mp4,missing_file
22513,raw/videos/22513.mp4,missing_file
22515,raw/videos/22515.mp4,missing_file
22516,raw/videos/22516.mp4,missing_file
22537,raw/videos/22537.mp4,missing_file
22552,raw/videos/22552.mp4,missing_file
22554,raw/videos/22554.mp4,missing_file
22555,raw/videos/22555.mp4,missing_file
22556,raw/videos/22556.mp4,missing_file
22557,raw/videos/22557.mp4,missing_file
22609,raw/videos/22609.mp4,missing_file
22613,raw/videos/22613.mp4,missing_file
22629,raw/videos/22629.mp4,missing_file
22633,raw/videos/22633.mp4,missing_file
22634,raw/videos/22634.mp4,missing_file
22642,raw/videos/22642.mp4,missing_file
22683,raw/videos/22683.mp4,missing_file
22697,raw/videos/22697.mp4,missing_file
22698,raw/videos/22698.mp4,missing_file
22699,raw/videos/22699.mp4,missing_file
22701,raw/videos/22701.mp4,missing_file
22712,raw/videos/22712.mp4,missing_file
22719,raw/videos/22719.mp4,missing_file
22722,raw/videos/22722.mp4,missing_file
22739,raw/videos/22739.mp4,missing_file
22747,raw/videos/22747.mp4,missing_file
22749,raw/videos/22749.mp4,missing_file
22775,raw/videos/22775.mp4,missing_file
22776,raw/videos/22776.mp4,missing_file
22798,raw/videos/22798.mp4,missing_file
22809,raw/videos/22809.mp4,missing_file
22814,raw/videos/22814.mp4,missing_file
22815,raw/videos/22815.mp4,missing_file
22836,raw/videos/22836.mp4,missing_file
22840,raw/videos/22840.mp4,missing_file
22845,raw/videos/22845.mp4,missing_file
22847,raw/videos/22847.mp4,missing_file
22907,raw/videos/22907.mp4,missing_file
22916,raw/videos/22916.mp4,missing_file
22918,raw/videos/22918.mp4,missing_file
22919,raw/videos/22919.mp4,missing_file
22931,raw/videos/22931.mp4,missing_file
22956,raw/videos/22956.mp4,missing_file
22959,raw/videos/22959.mp4,missing_file
22961,raw/videos/22961.mp4,missing_file
22962,raw/videos/22962.mp4,missing_file
22963,raw/videos/22963.mp4,missing_file
22964,raw/videos/22964.mp4,missing_file
22965,raw/videos/22965.mp4,missing_file
22966,raw/videos/22966.mp4,missing_file
22973,raw/videos/22973.mp4,missing_file
22977,raw/videos/22977.mp4,missing_file
22995,raw/videos/22995.mp4,missing_file
22997,raw/videos/22997.mp4,missing_file
22998,raw/videos/22998.mp4,missing_file
22999,raw/videos/22999.mp4,missing_file
23002,raw/videos/23002.mp4,missing_file
23008,raw/videos/23008.mp4,missing_file
23011,raw/videos/23011.mp4,missing_file
23012,raw/videos/23012.mp4,missing_file
23029,raw/videos/23029.mp4,missing_file
23034,raw/videos/23034.mp4,missing_file
23047,raw/videos/23047.mp4,missing_file
23053,raw/videos/23053.mp4,missing_file
23054,raw/videos/23054.mp4,missing_file
23201,raw/videos/23201.mp4,missing_file
23204,raw/videos/23204.mp4,missing_file
23205,raw/videos/23205.mp4,missing_file
23237,raw/videos/23237.mp4,missing_file
23241,raw/videos/23241.mp4,missing_file
23245,raw/videos/23245.mp4,missing_file
23273,raw/videos/23273.mp4,missing_file
23278,raw/videos/23278.mp4,missing_file
23326,raw/videos/23326.mp4,missing_file
23333,raw/videos/23333.mp4,missing_file
23336,raw/videos/23336.mp4,missing_file
23337,raw/videos/23337.mp4,missing_file
23395,raw/videos/23395.mp4,missing_file
23411,raw/videos/23411.mp4,missing_file
23414,raw/videos/23414.mp4,missing_file
23415,raw/videos/23415.mp4,missing_file
23426,raw/videos/23426.mp4,missing_file
23431,raw/videos/23431.mp4,missing_file
23432,raw/videos/23432.mp4,missing_file
23439,raw/videos/23439.mp4,missing_file
23446,raw/videos/23446.mp4,missing_file
23447,raw/videos/23447.mp4,missing_file
23449,raw/videos/23449.mp4,missing_file
23450,raw/videos/23450.mp4,missing_file
23469,raw/videos/23469.mp4,missing_file
23472,raw/videos/23472.mp4,missing_file
23483,raw/videos/23483.mp4,missing_file
23486,raw/videos/23486.mp4,missing_file
23541,raw/videos/23541.mp4,missing_file
23546,raw/videos/23546.mp4,missing_file
23550,raw/videos/23550.mp4,missing_file
23551,raw/videos/23551.mp4,missing_file
23567,raw/videos/23567.mp4,missing_file
23573,raw/videos/23573.mp4,missing_file
23575,raw/videos/23575.mp4,missing_file
23576,raw/videos/23576.mp4,missing_file
23577,raw/videos/23577.mp4,missing_file
23579,raw/videos/23579.mp4,missing_file
23584,raw/videos/23584.mp4,missing_file
23586,raw/videos/23586.mp4,missing_file
23587,raw/videos/23587.mp4,missing_file
23588,raw/videos/23588.mp4,missing_file
23626,raw/videos/23626.mp4,missing_file
23631,raw/videos/23631.mp4,missing_file
23633,raw/videos/23633.mp4,missing_file
23637,raw/videos/23637.mp4,missing_file
23641,raw/videos/23641.mp4,missing_file
23643,raw/videos/23643.mp4,missing_file
23644,raw/videos/23644.mp4,missing_file
23649,raw/videos/23649.mp4,missing_file
23651,raw/videos/23651.mp4,missing_file
23669,raw/videos/23669.mp4,missing_file
23672,raw/videos/23672.mp4,missing_file
23706,raw/videos/23706.mp4,missing_file
23708,raw/videos/23708.mp4,missing_file
23772,raw/videos/23772.mp4,missing_file
23773,raw/videos/23773.mp4,missing_file
23777,raw/videos/23777.mp4,missing_file
23778,raw/videos/23778.mp4,missing_file
23779,raw/videos/23779.mp4,missing_file
23780,raw/videos/23780.mp4,missing_file
23799,raw/videos/23799.mp4,missing_file
23807,raw/videos/23807.mp4,missing_file
23809,raw/videos/23809.mp4,missing_file
23810,raw/videos/23810.mp4,missing_file
23838,raw/videos/23838.mp4,missing_file
23843,raw/videos/23843.mp4,missing_file
23845,raw/videos/23845.mp4,missing_file
23846,raw/videos/23846.mp4,missing_file
23855,raw/videos/23855.mp4,missing_file
23865,raw/videos/23865.mp4,missing_file
23871,raw/videos/23871.mp4,missing_file
23872,raw/videos/23872.mp4,missing_file
23875,raw/videos/23875.mp4,missing_file
23876,raw/videos/23876.mp4,missing_file
23877,raw/videos/23877.mp4,missing_file
23900,raw/videos/23900.mp4,missing_file
23906,raw/videos/23906.mp4,missing_file
23909,raw/videos/23909.mp4,missing_file
23910,raw/videos/23910.mp4,missing_file
23945,raw/videos/23945.mp4,missing_file
23949,raw/videos/23949.mp4,missing_file
23954,raw/videos/23954.mp4,missing_file
23955,raw/videos/23955.mp4,missing_file
23959,raw/videos/23959.mp4,missing_file
23986,raw/videos/23986.mp4,missing_file
23989,raw/videos/23989.mp4,missing_file
23991,raw/videos/23991.mp4,missing_file
23992,raw/videos/23992.mp4,missing_file
24013,raw/videos/24013.mp4,missing_file
24018,raw/videos/24018.mp4,missing_file
24021,raw/videos/24021.mp4,missing_file
24023,raw/videos/24023.mp4,missing_file
24028,raw/videos/24028.mp4,missing_file
24030,raw/videos/24030.mp4,missing_file
24031,raw/videos/24031.mp4,missing_file
24032,raw/videos/24032.mp4,missing_file
24042,raw/videos/24042.mp4,missing_file
24045,raw/videos/24045.mp4,missing_file
24047,raw/videos/24047.mp4,missing_file
24056,raw/videos/24056.mp4,missing_file
24058,raw/videos/24058.mp4,missing_file
24060,raw/videos/24060.mp4,missing_file
24061,raw/videos/24061.mp4,missing_file
24062,raw/videos/24062.mp4,missing_file
24133,raw/videos/24133.mp4,missing_file
24134,raw/videos/24134.mp4,missing_file
24137,raw/videos/24137.mp4,missing_file
24138,raw/videos/24138.mp4,missing_file
24165,raw/videos/24165.mp4,missing_file
24169,raw/videos/24169.mp4,missing_file
24170,raw/videos/24170.mp4,missing_file
24175,raw/videos/24175.mp4,missing_file
24199,raw/videos/24199.mp4,missing_file
24201,raw/videos/24201.mp4,missing_file
24252,raw/videos/24252.mp4,missing_file
24256,raw/videos/24256.mp4,missing_file
24257,raw/videos/24257.mp4,missing_file
24267,raw/videos/24267.mp4,missing_file
24270,raw/videos/24270.mp4,missing_file
24273,raw/videos/24273.mp4,missing_file
24328,raw/videos/24328.mp4,missing_file
24346,raw/videos/24346.mp4,missing_file
24348,raw/videos/24348.mp4,missing_file
24371,raw/videos/24371.mp4,missing_file
24373,raw/videos/24373.mp4,missing_file
24374,raw/videos/24374.mp4,missing_file
24376,raw/videos/24376.mp4,missing_file
24383,raw/videos/24383.mp4,missing_file
24386,raw/videos/24386.mp4,missing_file
24405,raw/videos/24405.mp4,missing_file
24441,raw/videos/24441.mp4,missing_file
24444,raw/videos/24444.mp4,missing_file
24445,raw/videos/24445.mp4,missing_file
24501,raw/videos/24501.mp4,missing_file
24514,raw/videos/24514.mp4,missing_file
24517,raw/videos/24517.mp4,missing_file
24520,raw/videos/24520.mp4,missing_file
24524,raw/videos/24524.mp4,missing_file
24526,raw/videos/24526.mp4,missing_file
24539,raw/videos/24539.mp4,missing_file
24551,raw/videos/24551.mp4,missing_file
24554,raw/videos/24554.mp4,missing_file
24580,raw/videos/24580.mp4,missing_file
24585,raw/videos/24585.mp4,missing_file
24587,raw/videos/24587.mp4,missing_file
24588,raw/videos/24588.mp4,missing_file
24590,raw/videos/24590.mp4,missing_file
24597,raw/videos/24597.mp4,missing_file
24599,raw/videos/24599.mp4,missing_file
24601,raw/videos/24601.mp4,missing_file
24610,raw/videos/24610.mp4,missing_file
24612,raw/videos/24612.mp4,missing_file
24613,raw/videos/24613.mp4,missing_file
24642,raw/videos/24642.mp4,missing_file
24643,raw/videos/24643.mp4,missing_file
24645,raw/videos/24645.mp4,missing_file
24652,raw/videos/24652.mp4,missing_file
24655,raw/videos/24655.mp4,missing_file
24656,raw/videos/24656.mp4,missing_file
24657,raw/videos/24657.mp4,missing_file
24658,raw/videos/24658.mp4,missing_file
24659,raw/videos/24659.mp4,missing_file
24679,raw/videos/24679.mp4,missing_file
24684,raw/videos/24684.mp4,missing_file
24686,raw/videos/24686.mp4,missing_file
24718,raw/videos/24718.mp4,missing_file
24729,raw/videos/24729.mp4,missing_file
24731,raw/videos/24731.mp4,missing_file
24744,raw/videos/24744.mp4,missing_file
24745,raw/videos/24745.mp4,missing_file
24826,raw/videos/24826.mp4,missing_file
24827,raw/videos/24827.mp4,missing_file
24828,raw/videos/24828.mp4,missing_file
24829,raw/videos/24829.mp4,missing_file
24830,raw/videos/24830.mp4,missing_file
24831,raw/videos/24831.mp4,missing_file
24832,raw/videos/24832.mp4,missing_file
24857,raw/videos/24857.mp4,missing_file
24867,raw/videos/24867.mp4,missing_file
24873,raw/videos/24873.mp4,missing_file
24878,raw/videos/24878.mp4,missing_file
24879,raw/videos/24879.mp4,missing_file
24883,raw/videos/24883.mp4,missing_file
24891,raw/videos/24891.mp4,missing_file
24894,raw/videos/24894.mp4,missing_file
24909,raw/videos/24909.mp4,missing_file
24918,raw/videos/24918.mp4,missing_file
24920,raw/videos/24920.mp4,missing_file
24921,raw/videos/24921.mp4,missing_file
24948,raw/videos/24948.mp4,missing_file
24950,raw/videos/24950.mp4,missing_file
24951,raw/videos/24951.mp4,missing_file
24965,raw/videos/24965.mp4,missing_file
24969,raw/videos/24969.mp4,missing_file
24970,raw/videos/24970.mp4,missing_file
24971,raw/videos/24971.mp4,missing_file
24972,raw/videos/24972.mp4,missing_file
24978,raw/videos/24978.mp4,missing_file
24995,raw/videos/24995.mp4,missing_file
24997,raw/videos/24997.mp4,missing_file
25003,raw/videos/25003.mp4,missing_file
25016,raw/videos/25016.mp4,missing_file
25018,raw/videos/25018.mp4,missing_file
25024,raw/videos/25024.mp4,missing_file
25030,raw/videos/25030.mp4,missing_file
25034,raw/videos/25034.mp4,missing_file
25037,raw/videos/25037.mp4,missing_file
25041,raw/videos/25041.mp4,missing_file
25047,raw/videos/25047.mp4,missing_file
25048,raw/videos/25048.mp4,missing_file
25053,raw/videos/25053.mp4,missing_file
25054,raw/videos/25054.mp4,missing_file
25071,raw/videos/25071.mp4,missing_file
25074,raw/videos/25074.mp4,missing_file
25075,raw/videos/25075.mp4,missing_file
25166,raw/videos/25166.mp4,missing_file
25170,raw/videos/25170.mp4,missing_file
25172,raw/videos/25172.mp4,missing_file
25182,raw/videos/25182.mp4,missing_file
25187,raw/videos/25187.mp4,missing_file
25189,raw/videos/25189.mp4,missing_file
25190,raw/videos/25190.mp4,missing_file
25240,raw/videos/25240.mp4,missing_file
25249,raw/videos/25249.mp4,missing_file
25251,raw/videos/25251.mp4,missing_file
25252,raw/videos/25252.mp4,missing_file
25270,raw/videos/25270.mp4,missing_file
25278,raw/videos/25278.mp4,missing_file
25281,raw/videos/25281.mp4,missing_file
25318,raw/videos/25318.mp4,missing_file
25327,raw/videos/25327.mp4,missing_file
25328,raw/videos/25328.mp4,missing_file
25332,raw/videos/25332.mp4,missing_file
25333,raw/videos/25333.mp4,missing_file
25337,raw/videos/25337.mp4,missing_file
25338,raw/videos/25338.mp4,missing_file
25352,raw/videos/25352.mp4,missing_file
25355,raw/videos/25355.mp4,missing_file
25370,raw/videos/25370.mp4,missing_file
25376,raw/videos/25376.mp4,missing_file
25379,raw/videos/25379.mp4,missing_file
25404,raw/videos/25404.mp4,missing_file
25410,raw/videos/25410.mp4,missing_file
25412,raw/videos/25412.mp4,missing_file
25424,raw/videos/25424.mp4,missing_file
25425,raw/videos/25425.mp4,missing_file
25426,raw/videos/25426.mp4,missing_file
25428,raw/videos/25428.mp4,missing_file
25433,raw/videos/25433.mp4,missing_file
25481,raw/videos/25481.mp4,missing_file
25487,raw/videos/25487.mp4,missing_file
25503,raw/videos/25503.mp4,missing_file
25513,raw/videos/25513.mp4,missing_file
25521,raw/videos/25521.mp4,missing_file
25529,raw/videos/25529.mp4,missing_file
25568,raw/videos/25568.mp4,missing_file
25575,raw/videos/25575.mp4,missing_file
25628,raw/videos/25628.mp4,missing_file
25634,raw/videos/25634.mp4,missing_file
25635,raw/videos/25635.mp4,missing_file
25640,raw/videos/25640.mp4,missing_file
25646,raw/videos/25646.mp4,missing_file
25649,raw/videos/25649.mp4,missing_file
25650,raw/videos/25650.mp4,missing_file
25674,raw/videos/25674.mp4,missing_file
25688,raw/videos/25688.mp4,missing_file
25690,raw/videos/25690.mp4,missing_file
25691,raw/videos/25691.mp4,missing_file
25692,raw/videos/25692.mp4,missing_file
25693,raw/videos/25693.mp4,missing_file
25694,raw/videos/25694.mp4,missing_file
25715,raw/videos/25715.mp4,missing_file
25717,raw/videos/25717.mp4,missing_file
25719,raw/videos/25719.mp4,missing_file
25820,raw/videos/25820.mp4,missing_file
25827,raw/videos/25827.mp4,missing_file
25830,raw/videos/25830.mp4,missing_file
25849,raw/videos/25849.mp4,missing_file
25851,raw/videos/25851.mp4,missing_file
25869,raw/videos/25869.mp4,missing_file
25873,raw/videos/25873.mp4,missing_file
25875,raw/videos/25875.mp4,missing_file
25921,raw/videos/25921.mp4,missing_file
25923,raw/videos/25923.mp4,missing_file
25924,raw/videos/25924.mp4,missing_file
25925,raw/videos/25925.mp4,missing_file
25939,raw/videos/25939.mp4,missing_file
25943,raw/videos/25943.mp4,missing_file
25944,raw/videos/25944.mp4,missing_file
25947,raw/videos/25947.mp4,missing_file
25963,raw/videos/25963.mp4,missing_file
25964,raw/videos/25964.mp4,missing_file
25968,raw/videos/25968.mp4,missing_file
25975,raw/videos/25975.mp4,missing_file
25980,raw/videos/25980.mp4,missing_file
25981,raw/videos/25981.mp4,missing_file
25983,raw/videos/25983.mp4,missing_file
26001,raw/videos/26001.mp4,missing_file
26005,raw/videos/26005.mp4,missing_file
26007,raw/videos/26007.mp4,missing_file
26008,raw/videos/26008.mp4,missing_file
26010,raw/videos/26010.mp4,missing_file
26014,raw/videos/26014.mp4,missing_file
26017,raw/videos/26017.mp4,missing_file
26065,raw/videos/26065.mp4,missing_file
26066,raw/videos/26066.mp4,missing_file
26068,raw/videos/26068.mp4,missing_file
26074,raw/videos/26074.mp4,missing_file
26079,raw/videos/26079.mp4,missing_file
26084,raw/videos/26084.mp4,missing_file
26085,raw/videos/26085.mp4,missing_file
26087,raw/videos/26087.mp4,missing_file
26088,raw/videos/26088.mp4,missing_file
26122,raw/videos/26122.mp4,missing_file
26135,raw/videos/26135.mp4,missing_file
26140,raw/videos/26140.mp4,missing_file
26141,raw/videos/26141.mp4,missing_file
26167,raw/videos/26167.mp4,missing_file
26169,raw/videos/26169.mp4,missing_file
26170,raw/videos/26170.mp4,missing_file
26172,raw/videos/26172.mp4,missing_file
26203,raw/videos/26203.mp4,missing_file
26217,raw/videos/26217.mp4,missing_file
26221,raw/videos/26221.mp4,missing_file
26222,raw/videos/26222.mp4,missing_file
26223,raw/videos/26223.mp4,missing_file
26250,raw/videos/26250.mp4,missing_file
26256,raw/videos/26256.mp4,missing_file
26258,raw/videos/26258.mp4,missing_file
26260,raw/videos/26260.mp4,missing_file
26261,raw/videos/26261.mp4,missing_file
26294,raw/videos/26294.mp4,missing_file
26299,raw/videos/26299.mp4,missing_file
26301,raw/videos/26301.mp4,missing_file
26302,raw/videos/26302.mp4,missing_file
26312,raw/videos/26312.mp4,missing_file
26316,raw/videos/26316.mp4,missing_file
26318,raw/videos/26318.mp4,missing_file
26321,raw/videos/26321.mp4,missing_file
26323,raw/videos/26323.mp4,missing_file
26466,raw/videos/26466.mp4,missing_file
26467,raw/videos/26467.mp4,missing_file
26468,raw/videos/26468.mp4,missing_file
26486,raw/videos/26486.mp4,missing_file
26488,raw/videos/26488.mp4,missing_file
26491,raw/videos/26491.mp4,missing_file
26498,raw/videos/26498.mp4,missing_file
26500,raw/videos/26500.mp4,missing_file
26501,raw/videos/26501.mp4,missing_file
26502,raw/videos/26502.mp4,missing_file
26506,raw/videos/26506.mp4,missing_file
26528,raw/videos/26528.mp4,missing_file
26533,raw/videos/26533.mp4,missing_file
26534,raw/videos/26534.mp4,missing_file
26535,raw/videos/26535.mp4,missing_file
26536,raw/videos/26536.mp4,missing_file
26559,raw/videos/26559.mp4,missing_file
26571,raw/videos/26571.mp4,missing_file
26572,raw/videos/26572.mp4,missing_file
26576,raw/videos/26576.mp4,missing_file
26577,raw/videos/26577.mp4,missing_file
26584,raw/videos/26584.mp4,missing_file
26592,raw/videos/26592.mp4,missing_file
26688,raw/videos/26688.mp4,missing_file
26697,raw/videos/26697.mp4,missing_file
26702,raw/videos/26702.mp4,missing_file
26704,raw/videos/26704.mp4,missing_file
26708,raw/videos/26708.mp4,missing_file
26709,raw/videos/26709.mp4,missing_file
26716,raw/videos/26716.mp4,missing_file
26721,raw/videos/26721.mp4,missing_file
26722,raw/videos/26722.mp4,missing_file
26723,raw/videos/26723.mp4,missing_file
26724,raw/videos/26724.mp4,missing_file
26726,raw/videos/26726.mp4,missing_file
26736,raw/videos/26736.mp4,missing_file
26757,raw/videos/26757.mp4,missing_file
26770,raw/videos/26770.mp4,missing_file
26775,raw/videos/26775.mp4,missing_file
26776,raw/videos/26776.mp4,missing_file
26777,raw/videos/26777.mp4,missing_file
26778,raw/videos/26778.mp4,missing_file
26797,raw/videos/26797.mp4,missing_file
26804,raw/videos/26804.mp4,missing_file
26805,raw/videos/26805.mp4,missing_file
26831,raw/videos/26831.mp4,missing_file
26832,raw/videos/26832.mp4,missing_file
26838,raw/videos/26838.mp4,missing_file
26841,raw/videos/26841.mp4,missing_file
26842,raw/videos/26842.mp4,missing_file
26843,raw/videos/26843.mp4,missing_file
26844,raw/videos/26844.mp4,missing_file
26845,raw/videos/26845.mp4,missing_file
26855,raw/videos/26855.mp4,missing_file
26857,raw/videos/26857.mp4,missing_file
26858,raw/videos/26858.mp4,missing_file
26859,raw/videos/26859.mp4,missing_file
26906,raw/videos/26906.mp4,missing_file
26918,raw/videos/26918.mp4,missing_file
26934,raw/videos/26934.mp4,missing_file
26936,raw/videos/26936.mp4,missing_file
26938,raw/videos/26938.mp4,missing_file
26947,raw/videos/26947.mp4,missing_file
26948,raw/videos/26948.mp4,missing_file
26953,raw/videos/26953.mp4,missing_file
26954,raw/videos/26954.mp4,missing_file
26955,raw/videos/26955.mp4,missing_file
26958,raw/videos/26958.mp4,missing_file
26961,raw/videos/26961.mp4,missing_file
26964,raw/videos/26964.mp4,missing_file
26977,raw/videos/26977.mp4,missing_file
26978,raw/videos/26978.mp4,missing_file
26981,raw/videos/26981.mp4,missing_file
26982,raw/videos/26982.mp4,missing_file
26983,raw/videos/26983.mp4,missing_file
26984,raw/videos/26984.mp4,missing_file
26985,raw/videos/26985.mp4,missing_file
26986,raw/videos/26986.mp4,missing_file
27013,raw/videos/27013.mp4,missing_file
27017,raw/videos/27017.mp4,missing_file
27021,raw/videos/27021.mp4,missing_file
27047,raw/videos/27047.mp4,missing_file
27048,raw/videos/27048.mp4,missing_file
27053,raw/videos/27053.mp4,missing_file
27055,raw/videos/27055.mp4,missing_file
27081,raw/videos/27081.mp4,missing_file
27085,raw/videos/27085.mp4,missing_file
27086,raw/videos/27086.mp4,missing_file
27093,raw/videos/27093.mp4,missing_file
27098,raw/videos/27098.mp4,missing_file
27100,raw/videos/27100.mp4,missing_file
27101,raw/videos/27101.mp4,missing_file
27150,raw/videos/27150.mp4,missing_file
27156,raw/videos/27156.mp4,missing_file
27158,raw/videos/27158.mp4,missing_file
27171,raw/videos/27171.mp4,missing_file
27175,raw/videos/27175.mp4,missing_file
27180,raw/videos/27180.mp4,missing_file
27181,raw/videos/27181.mp4,missing_file
27182,raw/videos/27182.mp4,missing_file
27183,raw/videos/27183.mp4,missing_file
27185,raw/videos/27185.mp4,missing_file
27189,raw/videos/27189.mp4,missing_file
27191,raw/videos/27191.mp4,missing_file
27194,raw/videos/27194.mp4,missing_file
27210,raw/videos/27210.mp4,missing_file
27211,raw/videos/27211.mp4,missing_file
27212,raw/videos/27212.mp4,missing_file
27218,raw/videos/27218.mp4,missing_file
27219,raw/videos/27219.mp4,missing_file
27220,raw/videos/27220.mp4,missing_file
27249,raw/videos/27249.mp4,missing_file
27254,raw/videos/27254.mp4,missing_file
27267,raw/videos/27267.mp4,missing_file
27269,raw/videos/27269.mp4,missing_file
27271,raw/videos/27271.mp4,missing_file
27272,raw/videos/27272.mp4,missing_file
27277,raw/videos/27277.mp4,missing_file
27278,raw/videos/27278.mp4,missing_file
27312,raw/videos/27312.mp4,missing_file
27317,raw/videos/27317.mp4,missing_file
27318,raw/videos/27318.mp4,missing_file
27356,raw/videos/27356.mp4,missing_file
27358,raw/videos/27358.mp4,missing_file
27378,raw/videos/27378.mp4,missing_file
27380,raw/videos/27380.mp4,missing_file
27381,raw/videos/27381.mp4,missing_file
27387,raw/videos/27387.mp4,missing_file
27409,raw/videos/27409.mp4,missing_file
27410,raw/videos/27410.mp4,missing_file
27414,raw/videos/27414.mp4,missing_file
27415,raw/videos/27415.mp4,missing_file
27432,raw/videos/27432.mp4,missing_file
27437,raw/videos/27437.mp4,missing_file
27438,raw/videos/27438.mp4,missing_file
27440,raw/videos/27440.mp4,missing_file
27444,raw/videos/27444.mp4,missing_file
27447,raw/videos/27447.mp4,missing_file
27455,raw/videos/27455.mp4,missing_file
27485,raw/videos/27485.mp4,missing_file
27489,raw/videos/27489.mp4,missing_file
27490,raw/videos/27490.mp4,missing_file
27491,raw/videos/27491.mp4,missing_file
27536,raw/videos/27536.mp4,missing_file
27537,raw/videos/27537.mp4,missing_file
27539,raw/videos/27539.mp4,missing_file
27540,raw/videos/27540.mp4,missing_file
27541,raw/videos/27541.mp4,missing_file
27552,raw/videos/27552.mp4,missing_file
27554,raw/videos/27554.mp4,missing_file
27555,raw/videos/27555.mp4,missing_file
27558,raw/videos/27558.mp4,missing_file
27568,raw/videos/27568.mp4,missing_file
27574,raw/videos/27574.mp4,missing_file
27576,raw/videos/27576.mp4,missing_file
27580,raw/videos/27580.mp4,missing_file
27594,raw/videos/27594.mp4,missing_file
27597,raw/videos/27597.mp4,missing_file
27598,raw/videos/27598.mp4,missing_file
27599,raw/videos/27599.mp4,missing_file
27600,raw/videos/27600.mp4,missing_file
27601,raw/videos/27601.mp4,missing_file
27636,raw/videos/27636.mp4,missing_file
27638,raw/videos/27638.mp4,missing_file
27639,raw/videos/27639.mp4,missing_file
27664,raw/videos/27664.mp4,missing_file
27670,raw/videos/27670.mp4,missing_file
27672,raw/videos/27672.mp4,missing_file
27673,raw/videos/27673.mp4,missing_file
27747,raw/videos/27747.mp4,missing_file
27752,raw/videos/27752.mp4,missing_file
27762,raw/videos/27762.mp4,missing_file
27769,raw/videos/27769.mp4,missing_file
27771,raw/videos/27771.mp4,missing_file
27772,raw/videos/27772.mp4,missing_file
27773,raw/videos/27773.mp4,missing_file
27774,raw/videos/27774.mp4,missing_file
27788,raw/videos/27788.mp4,missing_file
27795,raw/videos/27795.mp4,missing_file
27800,raw/videos/27800.mp4,missing_file
27821,raw/videos/27821.mp4,missing_file
27825,raw/videos/27825.mp4,missing_file
27828,raw/videos/27828.mp4,missing_file
27835,raw/videos/27835.mp4,missing_file
27848,raw/videos/27848.mp4,missing_file
27849,raw/videos/27849.mp4,missing_file
27877,raw/videos/27877.mp4,missing_file
27881,raw/videos/27881.mp4,missing_file
27882,raw/videos/27882.mp4,missing_file
27915,raw/videos/27915.mp4,missing_file
27917,raw/videos/27917.mp4,missing_file
27927,raw/videos/27927.mp4,missing_file
27931,raw/videos/27931.mp4,missing_file
27932,raw/videos/27932.mp4,missing_file
27933,raw/videos/27933.mp4,missing_file
27941,raw/videos/27941.mp4,missing_file
27944,raw/videos/27944.mp4,missing_file
27983,raw/videos/27983.mp4,missing_file
27998,raw/videos/27998.mp4,missing_file
28000,raw/videos/28000.mp4,missing_file
28001,raw/videos/28001.mp4,missing_file
28002,raw/videos/28002.mp4,missing_file
28040,raw/videos/28040.mp4,missing_file
28042,raw/videos/28042.mp4,missing_file
28043,raw/videos/28043.mp4,missing_file
28050,raw/videos/28050.mp4,missing_file
28059,raw/videos/28059.mp4,missing_file
28074,raw/videos/28074.mp4,missing_file
28088,raw/videos/28088.mp4,missing_file
28089,raw/videos/28089.mp4,missing_file
28113,raw/videos/28113.mp4,missing_file
28114,raw/videos/28114.mp4,missing_file
28118,raw/videos/28118.mp4,missing_file
28119,raw/videos/28119.mp4,missing_file
28120,raw/videos/28120.mp4,missing_file
28121,raw/videos/28121.mp4,missing_file
28122,raw/videos/28122.mp4,missing_file
28123,raw/videos/28123.mp4,missing_file
28124,raw/videos/28124.mp4,missing_file
28134,raw/videos/28134.mp4,missing_file
28141,raw/videos/28141.mp4,missing_file
28142,raw/videos/28142.mp4,missing_file
28146,raw/videos/28146.mp4,missing_file
28148,raw/videos/28148.mp4,missing_file
28149,raw/videos/28149.mp4,missing_file
28157,raw/videos/28157.mp4,missing_file
28163,raw/videos/28163.mp4,missing_file
28165,raw/videos/28165.mp4,missing_file
28166,raw/videos/28166.mp4,missing_file
28167,raw/videos/28167.mp4,missing_file
28168,raw/videos/28168.mp4,missing_file
28187,raw/videos/28187.mp4,missing_file
28206,raw/videos/28206.mp4,missing_file
28207,raw/videos/28207.mp4,missing_file
28208,raw/videos/28208.mp4,missing_file
28212,raw/videos/28212.mp4,missing_file
28213,raw/videos/28213.mp4,missing_file
28248,raw/videos/28248.mp4,missing_file
28262,raw/videos/28262.mp4,missing_file
28265,raw/videos/28265.mp4,missing_file
28266,raw/videos/28266.mp4,missing_file
28285,raw/videos/28285.mp4,missing_file
28290,raw/videos/28290.mp4,missing_file
28295,raw/videos/28295.mp4,missing_file
28306,raw/videos/28306.mp4,missing_file
28313,raw/videos/28313.mp4,missing_file
28316,raw/videos/28316.mp4,missing_file
28317,raw/videos/28317.mp4,missing_file
28318,raw/videos/28318.mp4,missing_file
28375,raw/videos/28375.mp4,missing_file
28380,raw/videos/28380.mp4,missing_file
28382,raw/videos/28382.mp4,missing_file
28383,raw/videos/28383.mp4,missing_file
28384,raw/videos/28384.mp4,missing_file
28386,raw/videos/28386.mp4,missing_file
28391,raw/videos/28391.mp4,missing_file
28396,raw/videos/28396.mp4,missing_file
28412,raw/videos/28412.mp4,missing_file
28418,raw/videos/28418.mp4,missing_file
28419,raw/videos/28419.mp4,missing_file
28427,raw/videos/28427.mp4,missing_file
28428,raw/videos/28428.mp4,missing_file
28432,raw/videos/28432.mp4,missing_file
28433,raw/videos/28433.mp4,missing_file
28435,raw/videos/28435.mp4,missing_file
28438,raw/videos/28438.mp4,missing_file
28443,raw/videos/28443.mp4,missing_file
28444,raw/videos/28444.mp4,missing_file
28450,raw/videos/28450.mp4,missing_file
28452,raw/videos/28452.mp4,missing_file
28453,raw/videos/28453.mp4,missing_file
28461,raw/videos/28461.mp4,missing_file
28467,raw/videos/28467.mp4,missing_file
28468,raw/videos/28468.mp4,missing_file
28470,raw/videos/28470.mp4,missing_file
28471,raw/videos/28471.mp4,missing_file
28472,raw/videos/28472.mp4,missing_file
28557,raw/videos/28557.mp4,missing_file
28581,raw/videos/28581.mp4,missing_file
28587,raw/videos/28587.mp4,missing_file
28589,raw/videos/28589.mp4,missing_file
28647,raw/videos/28647.mp4,missing_file
28653,raw/videos/28653.mp4,missing_file
28656,raw/videos/28656.mp4,missing_file
28657,raw/videos/28657.mp4,missing_file
28673,raw/videos/28673.mp4,missing_file
28678,raw/videos/28678.mp4,missing_file
28682,raw/videos/28682.mp4,missing_file
28734,raw/videos/28734.mp4,missing_file
28742,raw/videos/28742.mp4,missing_file
28747,raw/videos/28747.mp4,missing_file
28748,raw/videos/28748.mp4,missing_file
28772,raw/videos/28772.mp4,missing_file
28777,raw/videos/28777.mp4,missing_file
28778,raw/videos/28778.mp4,missing_file
28779,raw/videos/28779.mp4,missing_file
28782,raw/videos/28782.mp4,missing_file
28790,raw/videos/28790.mp4,missing_file
28793,raw/videos/28793.mp4,missing_file
28810,raw/videos/28810.mp4,missing_file
28811,raw/videos/28811.mp4,missing_file
28816,raw/videos/28816.mp4,missing_file
28823,raw/videos/28823.mp4,missing_file
28826,raw/videos/28826.mp4,missing_file
28875,raw/videos/28875.mp4,missing_file
28879,raw/videos/28879.mp4,missing_file
28880,raw/videos/28880.mp4,missing_file
28885,raw/videos/28885.mp4,missing_file
29009,raw/videos/29009.mp4,missing_file
29064,raw/videos/29064.mp4,missing_file
29070,raw/videos/29070.mp4,missing_file
29072,raw/videos/29072.mp4,missing_file
29073,raw/videos/29073.mp4,missing_file
29087,raw/videos/29087.mp4,missing_file
29091,raw/videos/29091.mp4,missing_file
29094,raw/videos/29094.mp4,missing_file
29095,raw/videos/29095.mp4,missing_file
29134,raw/videos/29134.mp4,missing_file
29140,raw/videos/29140.mp4,missing_file
29141,raw/videos/29141.mp4,missing_file
29142,raw/videos/29142.mp4,missing_file
29146,raw/videos/29146.mp4,missing_file
29171,raw/videos/29171.mp4,missing_file
29275,raw/videos/29275.mp4,missing_file
29280,raw/videos/29280.mp4,missing_file
29282,raw/videos/29282.mp4,missing_file
29283,raw/videos/29283.mp4,missing_file
29324,raw/videos/29324.mp4,missing_file
29331,raw/videos/29331.mp4,missing_file
29332,raw/videos/29332.mp4,missing_file
29334,raw/videos/29334.mp4,missing_file
29380,raw/videos/29380.mp4,missing_file
29387,raw/videos/29387.mp4,missing_file
29389,raw/videos/29389.mp4,missing_file
29390,raw/videos/29390.mp4,missing_file
29399,raw/videos/29399.mp4,missing_file
29405,raw/videos/29405.mp4,missing_file
29406,raw/videos/29406.mp4,missing_file
29408,raw/videos/29408.mp4,missing_file
29409,raw/videos/29409.mp4,missing_file
29410,raw/videos/29410.mp4,missing_file
29461,raw/videos/29461.mp4,missing_file
29464,raw/videos/29464.mp4,missing_file
29467,raw/videos/29467.mp4,missing_file
29561,raw/videos/29561.mp4,missing_file
29567,raw/videos/29567.mp4,missing_file
29617,raw/videos/29617.mp4,missing_file
29618,raw/videos/29618.mp4,missing_file
29620,raw/videos/29620.mp4,missing_file
29628,raw/videos/29628.mp4,missing_file
29631,raw/videos/29631.mp4,missing_file
29635,raw/videos/29635.mp4,missing_file
29639,raw/videos/29639.mp4,missing_file
29650,raw/videos/29650.mp4,missing_file
29651,raw/videos/29651.mp4,missing_file
29652,raw/videos/29652.mp4,missing_file
29653,raw/videos/29653.mp4,missing_file
29654,raw/videos/29654.mp4,missing_file
29659,raw/videos/29659.mp4,missing_file
29660,raw/videos/29660.mp4,missing_file
29722,raw/videos/29722.mp4,missing_file
29724,raw/videos/29724.mp4,missing_file
29725,raw/videos/29725.mp4,missing_file
29789,raw/videos/29789.mp4,missing_file
29795,raw/videos/29795.mp4,missing_file
29796,raw/videos/29796.mp4,missing_file
29797,raw/videos/29797.mp4,missing_file
29841,raw/videos/29841.mp4,missing_file
29845,raw/videos/29845.mp4,missing_file
29848,raw/videos/29848.mp4,missing_file
29865,raw/videos/29865.mp4,missing_file
29869,raw/videos/29869.mp4,missing_file
29871,raw/videos/29871.mp4,missing_file
29872,raw/videos/29872.mp4,missing_file
29899,raw/videos/29899.mp4,missing_file
29902,raw/videos/29902.mp4,missing_file
29922,raw/videos/29922.mp4,missing_file
29925,raw/videos/29925.mp4,missing_file
29961,raw/videos/29961.mp4,missing_file
29964,raw/videos/29964.mp4,missing_file
29966,raw/videos/29966.mp4,missing_file
29976,raw/videos/29976.mp4,missing_file
29981,raw/videos/29981.mp4,missing_file
29984,raw/videos/29984.mp4,missing_file
30051,raw/videos/30051.mp4,missing_file
30056,raw/videos/30056.mp4,missing_file
30058,raw/videos/30058.mp4,missing_file
30059,raw/videos/30059.mp4,missing_file
30158,raw/videos/30158.mp4,missing_file
30163,raw/videos/30163.mp4,missing_file
30164,raw/videos/30164.mp4,missing_file
30165,raw/videos/30165.mp4,missing_file
30177,raw/videos/30177.mp4,missing_file
30180,raw/videos/30180.mp4,missing_file
30215,raw/videos/30215.mp4,missing_file
30218,raw/videos/30218.mp4,missing_file
30220,raw/videos/30220.mp4,missing_file
30221,raw/videos/30221.mp4,missing_file
30222,raw/videos/30222.mp4,missing_file
30227,raw/videos/30227.mp4,missing_file
30237,raw/videos/30237.mp4,missing_file
30238,raw/videos/30238.mp4,missing_file
30240,raw/videos/30240.mp4,missing_file
30241,raw/videos/30241.mp4,missing_file
30252,raw/videos/30252.mp4,missing_file
30256,raw/videos/30256.mp4,missing_file
30259,raw/videos/30259.mp4,missing_file
30261,raw/videos/30261.mp4,missing_file
30267,raw/videos/30267.mp4,missing_file
30269,raw/videos/30269.mp4,missing_file
30270,raw/videos/30270.mp4,missing_file
30277,raw/videos/30277.mp4,missing_file
30287,raw/videos/30287.mp4,missing_file
30288,raw/videos/30288.mp4,missing_file
30300,raw/videos/30300.mp4,missing_file
30302,raw/videos/30302.mp4,missing_file
30311,raw/videos/30311.mp4,missing_file
30321,raw/videos/30321.mp4,missing_file
30323,raw/videos/30323.mp4,missing_file
30325,raw/videos/30325.mp4,missing_file
30326,raw/videos/30326.mp4,missing_file
30383,raw/videos/30383.mp4,missing_file
30387,raw/videos/30387.mp4,missing_file
30389,raw/videos/30389.mp4,missing_file
30390,raw/videos/30390.mp4,missing_file
30391,raw/videos/30391.mp4,missing_file
30457,raw/videos/30457.mp4,missing_file
30458,raw/videos/30458.mp4,missing_file
30461,raw/videos/30461.mp4,missing_file
30463,raw/videos/30463.mp4,missing_file
30464,raw/videos/30464.mp4,missing_file
30467,raw/videos/30467.mp4,missing_file
30473,raw/videos/30473.mp4,missing_file
30475,raw/videos/30475.mp4,missing_file
30476,raw/videos/30476.mp4,missing_file
30477,raw/videos/30477.mp4,missing_file
30478,raw/videos/30478.mp4,missing_file
30509,raw/videos/30509.mp4,missing_file
30512,raw/videos/30512.mp4,missing_file
30513,raw/videos/30513.mp4,missing_file
30515,raw/videos/30515.mp4,missing_file
30524,raw/videos/30524.mp4,missing_file
30525,raw/videos/30525.mp4,missing_file
30527,raw/videos/30527.mp4,missing_file
30564,raw/videos/30564.mp4,missing_file
30567,raw/videos/30567.mp4,missing_file
30582,raw/videos/30582.mp4,missing_file
30588,raw/videos/30588.mp4,missing_file
30589,raw/videos/30589.mp4,missing_file
30600,raw/videos/30600.mp4,missing_file
30601,raw/videos/30601.mp4,missing_file
30674,raw/videos/30674.mp4,missing_file
30678,raw/videos/30678.mp4,missing_file
30680,raw/videos/30680.mp4,missing_file
30681,raw/videos/30681.mp4,missing_file
30706,raw/videos/30706.mp4,missing_file
30715,raw/videos/30715.mp4,missing_file
30717,raw/videos/30717.mp4,missing_file
30718,raw/videos/30718.mp4,missing_file
30749,raw/videos/30749.mp4,missing_file
30752,raw/videos/30752.mp4,missing_file
30754,raw/videos/30754.mp4,missing_file
30820,raw/videos/30820.mp4,missing_file
30830,raw/videos/30830.mp4,missing_file
30837,raw/videos/30837.mp4,missing_file
30838,raw/videos/30838.mp4,missing_file
30841,raw/videos/30841.mp4,missing_file
30842,raw/videos/30842.mp4,missing_file
30843,raw/videos/30843.mp4,missing_file
30847,raw/videos/30847.mp4,missing_file
30848,raw/videos/30848.mp4,missing_file
30870,raw/videos/30870.mp4,missing_file
30877,raw/videos/30877.mp4,missing_file
30881,raw/videos/30881.mp4,missing_file
30917,raw/videos/30917.mp4,missing_file
30922,raw/videos/30922.mp4,missing_file
30924,raw/videos/30924.mp4,missing_file
30927,raw/videos/30927.mp4,missing_file
30938,raw/videos/30938.mp4,missing_file
30942,raw/videos/30942.mp4,missing_file
30944,raw/videos/30944.mp4,missing_file
30945,raw/videos/30945.mp4,missing_file
30973,raw/videos/30973.mp4,missing_file
30982,raw/videos/30982.mp4,missing_file
30986,raw/videos/30986.mp4,missing_file
30987,raw/videos/30987.mp4,missing_file
31047,raw/videos/31047.mp4,missing_file
31053,raw/videos/31053.mp4,missing_file
31055,raw/videos/31055.mp4,missing_file
31056,raw/videos/31056.mp4,missing_file
31072,raw/videos/31072.mp4,missing_file
31092,raw/videos/31092.mp4,missing_file
31097,raw/videos/31097.mp4,missing_file
31098,raw/videos/31098.mp4,missing_file
31101,raw/videos/31101.mp4,missing_file
31103,raw/videos/31103.mp4,missing_file
31147,raw/videos/31147.mp4,missing_file
31153,raw/videos/31153.mp4,missing_file
31154,raw/videos/31154.mp4,missing_file
31159,raw/videos/31159.mp4,missing_file
31161,raw/videos/31161.mp4,missing_file
31163,raw/videos/31163.mp4,missing_file
31179,raw/videos/31179.mp4,missing_file
31184,raw/videos/31184.mp4,missing_file
31185,raw/videos/31185.mp4,missing_file
31216,raw/videos/31216.mp4,missing_file
31219,raw/videos/31219.mp4,missing_file
31222,raw/videos/31222.mp4,missing_file
31234,raw/videos/31234.mp4,missing_file
31238,raw/videos/31238.mp4,missing_file
31251,raw/videos/31251.mp4,missing_file
31259,raw/videos/31259.mp4,missing_file
31262,raw/videos/31262.mp4,missing_file
31297,raw/videos/31297.mp4,missing_file
31302,raw/videos/31302.mp4,missing_file
31304,raw/videos/31304.mp4,missing_file
31317,raw/videos/31317.mp4,missing_file
31318,raw/videos/31318.mp4,missing_file
31321,raw/videos/31321.mp4,missing_file
31322,raw/videos/31322.mp4,missing_file
31323,raw/videos/31323.mp4,missing_file
31345,raw/videos/31345.mp4,missing_file
31349,raw/videos/31349.mp4,missing_file
31351,raw/videos/31351.mp4,missing_file
31436,raw/videos/31436.mp4,missing_file
31441,raw/videos/31441.mp4,missing_file
31444,raw/videos/31444.mp4,missing_file
31446,raw/videos/31446.mp4,missing_file
31447,raw/videos/31447.mp4,missing_file
31456,raw/videos/31456.mp4,missing_file
31459,raw/videos/31459.mp4,missing_file
31461,raw/videos/31461.mp4,missing_file
31462,raw/videos/31462.mp4,missing_file
31481,raw/videos/31481.mp4,missing_file
31488,raw/videos/31488.mp4,missing_file
31494,raw/videos/31494.mp4,missing_file
31495,raw/videos/31495.mp4,missing_file
31553,raw/videos/31553.mp4,missing_file
31558,raw/videos/31558.mp4,missing_file
31560,raw/videos/31560.mp4,missing_file
31567,raw/videos/31567.mp4,missing_file
31571,raw/videos/31571.mp4,missing_file
31584,raw/videos/31584.mp4,missing_file
31586,raw/videos/31586.mp4,missing_file
31588,raw/videos/31588.mp4,missing_file
31595,raw/videos/31595.mp4,missing_file
31599,raw/videos/31599.mp4,missing_file
31620,raw/videos/31620.mp4,missing_file
31641,raw/videos/31641.mp4,missing_file
31654,raw/videos/31654.mp4,missing_file
31656,raw/videos/31656.mp4,missing_file
31657,raw/videos/31657.mp4,missing_file
31658,raw/videos/31658.mp4,missing_file
31659,raw/videos/31659.mp4,missing_file
31690,raw/videos/31690.mp4,missing_file
31692,raw/videos/31692.mp4,missing_file
31723,raw/videos/31723.mp4,missing_file
31734,raw/videos/31734.mp4,missing_file
31736,raw/videos/31736.mp4,missing_file
31738,raw/videos/31738.mp4,missing_file
31739,raw/videos/31739.mp4,missing_file
31746,raw/videos/31746.mp4,missing_file
31754,raw/videos/31754.mp4,missing_file
31757,raw/videos/31757.mp4,missing_file
31758,raw/videos/31758.mp4,missing_file
31759,raw/videos/31759.mp4,missing_file
31762,raw/videos/31762.mp4,missing_file
31763,raw/videos/31763.mp4,missing_file
31764,raw/videos/31764.mp4,missing_file
31765,raw/videos/31765.mp4,missing_file
31766,raw/videos/31766.mp4,missing_file
31777,raw/videos/31777.mp4,missing_file
31779,raw/videos/31779.mp4,missing_file
31780,raw/videos/31780.mp4,missing_file
31782,raw/videos/31782.mp4,missing_file
31783,raw/videos/31783.mp4,missing_file
31832,raw/videos/31832.mp4,missing_file
31835,raw/videos/31835.mp4,missing_file
31837,raw/videos/31837.mp4,missing_file
31841,raw/videos/31841.mp4,missing_file
31846,raw/videos/31846.mp4,missing_file
31849,raw/videos/31849.mp4,missing_file
31850,raw/videos/31850.mp4,missing_file
31851,raw/videos/31851.mp4,missing_file
31852,raw/videos/31852.mp4,missing_file
31853,raw/videos/31853.mp4,missing_file
31854,raw/videos/31854.mp4,missing_file
31855,raw/videos/31855.mp4,missing_file
31874,raw/videos/31874.mp4,missing_file
31880,raw/videos/31880.mp4,missing_file
31883,raw/videos/31883.mp4,missing_file
31884,raw/videos/31884.mp4,missing_file
31885,raw/videos/31885.mp4,missing_file
31896,raw/videos/31896.mp4,missing_file
31902,raw/videos/31902.mp4,missing_file
31904,raw/videos/31904.mp4,missing_file
31905,raw/videos/31905.mp4,missing_file
31906,raw/videos/31906.mp4,missing_file
31907,raw/videos/31907.mp4,missing_file
31908,raw/videos/31908.mp4,missing_file
31975,raw/videos/31975.mp4,missing_file
31980,raw/videos/31980.mp4,missing_file
31983,raw/videos/31983.mp4,missing_file
32048,raw/videos/32048.mp4,missing_file
32051,raw/videos/32051.mp4,missing_file
32092,raw/videos/32092.mp4,missing_file
32096,raw/videos/32096.mp4,missing_file
32100,raw/videos/32100.mp4,missing_file
32104,raw/videos/32104.mp4,missing_file
32119,raw/videos/32119.mp4,missing_file
32121,raw/videos/32121.mp4,missing_file
32122,raw/videos/32122.mp4,missing_file
32123,raw/videos/32123.mp4,missing_file
32146,raw/videos/32146.mp4,missing_file
32161,raw/videos/32161.mp4,missing_file
32162,raw/videos/32162.mp4,missing_file
32164,raw/videos/32164.mp4,missing_file
32165,raw/videos/32165.mp4,missing_file
32166,raw/videos/32166.mp4,missing_file
32189,raw/videos/32189.mp4,missing_file
32200,raw/videos/32200.mp4,missing_file
32208,raw/videos/32208.mp4,missing_file
32210,raw/videos/32210.mp4,missing_file
32211,raw/videos/32211.mp4,missing_file
32212,raw/videos/32212.mp4,missing_file
32213,raw/videos/32213.mp4,missing_file
32251,raw/videos/32251.mp4,missing_file
32252,raw/videos/32252.mp4,missing_file
32258,raw/videos/32258.mp4,missing_file
32259,raw/videos/32259.mp4,missing_file
32275,raw/videos/32275.mp4,missing_file
32279,raw/videos/32279.mp4,missing_file
32281,raw/videos/32281.mp4,missing_file
32286,raw/videos/32286.mp4,missing_file
32287,raw/videos/32287.mp4,missing_file
32288,raw/videos/32288.mp4,missing_file
32289,raw/videos/32289.mp4,missing_file
32290,raw/videos/32290.mp4,missing_file
32291,raw/videos/32291.mp4,missing_file
32298,raw/videos/32298.mp4,missing_file
32305,raw/videos/32305.mp4,missing_file
32307,raw/videos/32307.mp4,missing_file
32308,raw/videos/32308.mp4,missing_file
32309,raw/videos/32309.mp4,missing_file
32310,raw/videos/32310.mp4,missing_file
32319,raw/videos/32319.mp4,missing_file
32327,raw/videos/32327.mp4,missing_file
32328,raw/videos/32328.mp4,missing_file
32329,raw/videos/32329.mp4,missing_file
32334,raw/videos/32334.mp4,missing_file
32335,raw/videos/32335.mp4,missing_file
32336,raw/videos/32336.mp4,missing_file
32373,raw/videos/32373.mp4,missing_file
32392,raw/videos/32392.mp4,missing_file
32393,raw/videos/32393.mp4,missing_file
32395,raw/videos/32395.mp4,missing_file
32397,raw/videos/32397.mp4,missing_file
32419,raw/videos/32419.mp4,missing_file
32423,raw/videos/32423.mp4,missing_file
32426,raw/videos/32426.mp4,missing_file
32451,raw/videos/32451.mp4,missing_file
32453,raw/videos/32453.mp4,missing_file
32454,raw/videos/32454.mp4,missing_file
32455,raw/videos/32455.mp4,missing_file
32456,raw/videos/32456.mp4,missing_file
32457,raw/videos/32457.mp4,missing_file
32473,raw/videos/32473.mp4,missing_file
32477,raw/videos/32477.mp4,missing_file
32479,raw/videos/32479.mp4,missing_file
32480,raw/videos/32480.mp4,missing_file
32509,raw/videos/32509.mp4,missing_file
32513,raw/videos/32513.mp4,missing_file
32515,raw/videos/32515.mp4,missing_file
32516,raw/videos/32516.mp4,missing_file
32517,raw/videos/32517.mp4,missing_file
32519,raw/videos/32519.mp4,missing_file
32524,raw/videos/32524.mp4,missing_file
32540,raw/videos/32540.mp4,missing_file
32543,raw/videos/32543.mp4,missing_file
32545,raw/videos/32545.mp4,missing_file
32552,raw/videos/32552.mp4,missing_file
32556,raw/videos/32556.mp4,missing_file
32558,raw/videos/32558.mp4,missing_file
32561,raw/videos/32561.mp4,missing_file
32565,raw/videos/32565.mp4,missing_file
32566,raw/videos/32566.mp4,missing_file
32567,raw/videos/32567.mp4,missing_file
32573,raw/videos/32573.mp4,missing_file
32576,raw/videos/32576.mp4,missing_file
32598,raw/videos/32598.mp4,missing_file
32609,raw/videos/32609.mp4,missing_file
32610,raw/videos/32610.mp4,missing_file
32613,raw/videos/32613.mp4,missing_file
32614,raw/videos/32614.mp4,missing_file
32615,raw/videos/32615.mp4,missing_file
32663,raw/videos/32663.mp4,missing_file
32664,raw/videos/32664.mp4,missing_file
32673,raw/videos/32673.mp4,missing_file
32675,raw/videos/32675.mp4,missing_file
32692,raw/videos/32692.mp4,missing_file
32698,raw/videos/32698.mp4,missing_file
32700,raw/videos/32700.mp4,missing_file
32726,raw/videos/32726.mp4,missing_file
32730,raw/videos/32730.mp4,missing_file
32732,raw/videos/32732.mp4,missing_file
32752,raw/videos/32752.mp4,missing_file
32756,raw/videos/32756.mp4,missing_file
32758,raw/videos/32758.mp4,missing_file
32806,raw/videos/32806.mp4,missing_file
32816,raw/videos/32816.mp4,missing_file
32818,raw/videos/32818.mp4,missing_file
32819,raw/videos/32819.mp4,missing_file
32822,raw/videos/32822.mp4,missing_file
32826,raw/videos/32826.mp4,missing_file
32829,raw/videos/32829.mp4,missing_file
32858,raw/videos/32858.mp4,missing_file
32865,raw/videos/32865.mp4,missing_file
32866,raw/videos/32866.mp4,missing_file
32869,raw/videos/32869.mp4,missing_file
32879,raw/videos/32879.mp4,missing_file
32882,raw/videos/32882.mp4,missing_file
32883,raw/videos/32883.mp4,missing_file
32885,raw/videos/32885.mp4,missing_file
32890,raw/videos/32890.mp4,missing_file
32892,raw/videos/32892.mp4,missing_file
32893,raw/videos/32893.mp4,missing_file
32902,raw/videos/32902.mp4,missing_file
32914,raw/videos/32914.mp4,missing_file
32917,raw/videos/32917.mp4,missing_file
32951,raw/videos/32951.mp4,missing_file
32956,raw/videos/32956.mp4,missing_file
32957,raw/videos/32957.mp4,missing_file
32962,raw/videos/32962.mp4,missing_file
32967,raw/videos/32967.mp4,missing_file
32969,raw/videos/32969.mp4,missing_file
32970,raw/videos/32970.mp4,missing_file
32971,raw/videos/32971.mp4,missing_file
32999,raw/videos/32999.mp4,missing_file
33004,raw/videos/33004.mp4,missing_file
33041,raw/videos/33041.mp4,missing_file
33045,raw/videos/33045.mp4,missing_file
33046,raw/videos/33046.mp4,missing_file
33048,raw/videos/33048.mp4,missing_file
33054,raw/videos/33054.mp4,missing_file
33056,raw/videos/33056.mp4,missing_file
33057,raw/videos/33057.mp4,missing_file
33061,raw/videos/33061.mp4,missing_file
33065,raw/videos/33065.mp4,missing_file
33067,raw/videos/33067.mp4,missing_file
33068,raw/videos/33068.mp4,missing_file
33122,raw/videos/33122.mp4,missing_file
33124,raw/videos/33124.mp4,missing_file
33125,raw/videos/33125.mp4,missing_file
33126,raw/videos/33126.mp4,missing_file
33169,raw/videos/33169.mp4,missing_file
33171,raw/videos/33171.mp4,missing_file
33210,raw/videos/33210.mp4,missing_file
33211,raw/videos/33211.mp4,missing_file
33212,raw/videos/33212.mp4,missing_file
33220,raw/videos/33220.mp4,missing_file
33221,raw/videos/33221.mp4,missing_file
33224,raw/videos/33224.mp4,missing_file
33235,raw/videos/33235.mp4,missing_file
33244,raw/videos/33244.mp4,missing_file
33271,raw/videos/33271.mp4,missing_file
33277,raw/videos/33277.mp4,missing_file
33278,raw/videos/33278.mp4,missing_file
33279,raw/videos/33279.mp4,missing_file
33280,raw/videos/33280.mp4,missing_file
33281,raw/videos/33281.mp4,missing_file
33282,raw/videos/33282.mp4,missing_file
33283,raw/videos/33283.mp4,missing_file
33284,raw/videos/33284.mp4,missing_file
33303,raw/videos/33303.mp4,missing_file
33315,raw/videos/33315.mp4,missing_file
33317,raw/videos/33317.mp4,missing_file
33318,raw/videos/33318.mp4,missing_file
33340,raw/videos/33340.mp4,missing_file
33343,raw/videos/33343.mp4,missing_file
33344,raw/videos/33344.mp4,missing_file
33373,raw/videos/33373.mp4,missing_file
33378,raw/videos/33378.mp4,missing_file
33390,raw/videos/33390.mp4,missing_file
33394,raw/videos/33394.mp4,missing_file
33396,raw/videos/33396.mp4,missing_file
33397,raw/videos/33397.mp4,missing_file
33402,raw/videos/33402.mp4,missing_file
33405,raw/videos/33405.mp4,missing_file
33406,raw/videos/33406.mp4,missing_file
33409,raw/videos/33409.mp4,missing_file
33422,raw/videos/33422.mp4,missing_file
33425,raw/videos/33425.mp4,missing_file
33427,raw/videos/33427.mp4,missing_file
33450,raw/videos/33450.mp4,missing_file
33451,raw/videos/33451.mp4,missing_file
33459,raw/videos/33459.mp4,missing_file
33462,raw/videos/33462.mp4,missing_file
33463,raw/videos/33463.mp4,missing_file
33478,raw/videos/33478.mp4,missing_file
33481,raw/videos/33481.mp4,missing_file
33482,raw/videos/33482.mp4,missing_file
33484,raw/videos/33484.mp4,missing_file
33485,raw/videos/33485.mp4,missing_file
33517,raw/videos/33517.mp4,missing_file
33520,raw/videos/33520.mp4,missing_file
33537,raw/videos/33537.mp4,missing_file
33540,raw/videos/33540.mp4,missing_file
33541,raw/videos/33541.mp4,missing_file
33543,raw/videos/33543.mp4,missing_file
33544,raw/videos/33544.mp4,missing_file
33607,raw/videos/33607.mp4,missing_file
33610,raw/videos/33610.mp4,missing_file
33613,raw/videos/33613.mp4,missing_file
33615,raw/videos/33615.mp4,missing_file
33638,raw/videos/33638.mp4,missing_file
33644,raw/videos/33644.mp4,missing_file
33645,raw/videos/33645.mp4,missing_file
33647,raw/videos/33647.mp4,missing_file
33650,raw/videos/33650.mp4,missing_file
33654,raw/videos/33654.mp4,missing_file
33656,raw/videos/33656.mp4,missing_file
33657,raw/videos/33657.mp4,missing_file
33677,raw/videos/33677.mp4,missing_file
33699,raw/videos/33699.mp4,missing_file
33703,raw/videos/33703.mp4,missing_file
33765,raw/videos/33765.mp4,missing_file
33769,raw/videos/33769.mp4,missing_file
33807,raw/videos/33807.mp4,missing_file
33809,raw/videos/33809.mp4,missing_file
33810,raw/videos/33810.mp4,missing_file
33811,raw/videos/33811.mp4,missing_file
33848,raw/videos/33848.mp4,missing_file
33855,raw/videos/33855.mp4,missing_file
33856,raw/videos/33856.mp4,missing_file
33858,raw/videos/33858.mp4,missing_file
33880,raw/videos/33880.mp4,missing_file
33883,raw/videos/33883.mp4,missing_file
33979,raw/videos/33979.mp4,missing_file
33982,raw/videos/33982.mp4,missing_file
33985,raw/videos/33985.mp4,missing_file
34009,raw/videos/34009.mp4,missing_file
34010,raw/videos/34010.mp4,missing_file
34013,raw/videos/34013.mp4,missing_file
34014,raw/videos/34014.mp4,missing_file
34015,raw/videos/34015.mp4,missing_file
34016,raw/videos/34016.mp4,missing_file
34086,raw/videos/34086.mp4,missing_file
34093,raw/videos/34093.mp4,missing_file
34094,raw/videos/34094.mp4,missing_file
34109,raw/videos/34109.mp4,missing_file
34113,raw/videos/34113.mp4,missing_file
34115,raw/videos/34115.mp4,missing_file
34116,raw/videos/34116.mp4,missing_file
34118,raw/videos/34118.mp4,missing_file
34125,raw/videos/34125.mp4,missing_file
34133,raw/videos/34133.mp4,missing_file
34134,raw/videos/34134.mp4,missing_file
34136,raw/videos/34136.mp4,missing_file
34210,raw/videos/34210.mp4,missing_file
34212,raw/videos/34212.mp4,missing_file
34213,raw/videos/34213.mp4,missing_file
34215,raw/videos/34215.mp4,missing_file
34270,raw/videos/34270.mp4,missing_file
34272,raw/videos/34272.mp4,missing_file
34275,raw/videos/34275.mp4,missing_file
34336,raw/videos/34336.mp4,missing_file
34352,raw/videos/34352.mp4,missing_file
34356,raw/videos/34356.mp4,missing_file
34358,raw/videos/34358.mp4,missing_file
34365,raw/videos/34365.mp4,missing_file
34372,raw/videos/34372.mp4,missing_file
34379,raw/videos/34379.mp4,missing_file
34380,raw/videos/34380.mp4,missing_file
34381,raw/videos/34381.mp4,missing_file
34385,raw/videos/34385.mp4,missing_file
34389,raw/videos/34389.mp4,missing_file
34391,raw/videos/34391.mp4,missing_file
34392,raw/videos/34392.mp4,missing_file
34393,raw/videos/34393.mp4,missing_file
34394,raw/videos/34394.mp4,missing_file
34396,raw/videos/34396.mp4,missing_file
34399,raw/videos/34399.mp4,missing_file
34401,raw/videos/34401.mp4,missing_file
34508,raw/videos/34508.mp4,missing_file
34513,raw/videos/34513.mp4,missing_file
34515,raw/videos/34515.mp4,missing_file
34546,raw/videos/34546.mp4,missing_file
34548,raw/videos/34548.mp4,missing_file
34549,raw/videos/34549.mp4,missing_file
34558,raw/videos/34558.mp4,missing_file
34582,raw/videos/34582.mp4,missing_file
34585,raw/videos/34585.mp4,missing_file
34685,raw/videos/34685.mp4,missing_file
34686,raw/videos/34686.mp4,missing_file
34689,raw/videos/34689.mp4,missing_file
34691,raw/videos/34691.mp4,missing_file
34698,raw/videos/34698.mp4,missing_file
34704,raw/videos/34704.mp4,missing_file
34708,raw/videos/34708.mp4,missing_file
34709,raw/videos/34709.mp4,missing_file
34739,raw/videos/34739.mp4,missing_file
34741,raw/videos/34741.mp4,missing_file
34743,raw/videos/34743.mp4,missing_file
34744,raw/videos/34744.mp4,missing_file
34745,raw/videos/34745.mp4,missing_file
34822,raw/videos/34822.mp4,missing_file
34828,raw/videos/34828.mp4,missing_file
34829,raw/videos/34829.mp4,missing_file
34833,raw/videos/34833.mp4,missing_file
34834,raw/videos/34834.mp4,missing_file
34835,raw/videos/34835.mp4,missing_file
34836,raw/videos/34836.mp4,missing_file
34837,raw/videos/34837.mp4,missing_file
34838,raw/videos/34838.mp4,missing_file
34865,raw/videos/34865.mp4,missing_file
34866,raw/videos/34866.mp4,missing_file
34869,raw/videos/34869.mp4,missing_file
34871,raw/videos/34871.mp4,missing_file
34955,raw/videos/34955.mp4,missing_file
34960,raw/videos/34960.mp4,missing_file
34962,raw/videos/34962.mp4,missing_file
34963,raw/videos/34963.mp4,missing_file
34964,raw/videos/34964.mp4,missing_file
35117,raw/videos/35117.mp4,missing_file
35118,raw/videos/35118.mp4,missing_file
35122,raw/videos/35122.mp4,missing_file
35123,raw/videos/35123.mp4,missing_file
35125,raw/videos/35125.mp4,missing_file
35147,raw/videos/35147.mp4,missing_file
35161,raw/videos/35161.mp4,missing_file
35162,raw/videos/35162.mp4,missing_file
35188,raw/videos/35188.mp4,missing_file
35192,raw/videos/35192.mp4,missing_file
35196,raw/videos/35196.mp4,missing_file
35197,raw/videos/35197.mp4,missing_file
35207,raw/videos/35207.mp4,missing_file
35213,raw/videos/35213.mp4,missing_file
35215,raw/videos/35215.mp4,missing_file
35221,raw/videos/35221.mp4,missing_file
35225,raw/videos/35225.mp4,missing_file
35267,raw/videos/35267.mp4,missing_file
35296,raw/videos/35296.mp4,missing_file
35297,raw/videos/35297.mp4,missing_file
35301,raw/videos/35301.mp4,missing_file
35302,raw/videos/35302.mp4,missing_file
35309,raw/videos/35309.mp4,missing_file
35310,raw/videos/35310.mp4,missing_file
35311,raw/videos/35311.mp4,missing_file
35312,raw/videos/35312.mp4,missing_file
35313,raw/videos/35313.mp4,missing_file
35342,raw/videos/35342.mp4,missing_file
35343,raw/videos/35343.mp4,missing_file
35345,raw/videos/35345.mp4,missing_file
35353,raw/videos/35353.mp4,missing_file
35365,raw/videos/35365.mp4,missing_file
35367,raw/videos/35367.mp4,missing_file
35368,raw/videos/35368.mp4,missing_file
35371,raw/videos/35371.mp4,missing_file
35382,raw/videos/35382.mp4,missing_file
35384,raw/videos/35384.mp4,missing_file
35457,raw/videos/35457.mp4,missing_file
35460,raw/videos/35460.mp4,missing_file
35461,raw/videos/35461.mp4,missing_file
35462,raw/videos/35462.mp4,missing_file
35463,raw/videos/35463.mp4,missing_file
35464,raw/videos/35464.mp4,missing_file
35465,raw/videos/35465.mp4,missing_file
35466,raw/videos/35466.mp4,missing_file
35506,raw/videos/35506.mp4,missing_file
35514,raw/videos/35514.mp4,missing_file
35515,raw/videos/35515.mp4,missing_file
35519,raw/videos/35519.mp4,missing_file
35520,raw/videos/35520.mp4,missing_file
35521,raw/videos/35521.mp4,missing_file
35522,raw/videos/35522.mp4,missing_file
35524,raw/videos/35524.mp4,missing_file
35529,raw/videos/35529.mp4,missing_file
35531,raw/videos/35531.mp4,missing_file
35532,raw/videos/35532.mp4,missing_file
35533,raw/videos/35533.mp4,missing_file
35547,raw/videos/35547.mp4,missing_file
35549,raw/videos/35549.mp4,missing_file
35550,raw/videos/35550.mp4,missing_file
35554,raw/videos/35554.mp4,missing_file
35559,raw/videos/35559.mp4,missing_file
35566,raw/videos/35566.mp4,missing_file
35569,raw/videos/35569.mp4,missing_file
35571,raw/videos/35571.mp4,missing_file
35573,raw/videos/35573.mp4,missing_file
35577,raw/videos/35577.mp4,missing_file
35579,raw/videos/35579.mp4,missing_file
35603,raw/videos/35603.mp4,missing_file
35608,raw/videos/35608.mp4,missing_file
35610,raw/videos/35610.mp4,missing_file
35673,raw/videos/35673.mp4,missing_file
35678,raw/videos/35678.mp4,missing_file
35680,raw/videos/35680.mp4,missing_file
35681,raw/videos/35681.mp4,missing_file
35764,raw/videos/35764.mp4,missing_file
35768,raw/videos/35768.mp4,missing_file
35769,raw/videos/35769.mp4,missing_file
35796,raw/videos/35796.mp4,missing_file
35805,raw/videos/35805.mp4,missing_file
35806,raw/videos/35806.mp4,missing_file
35886,raw/videos/35886.mp4,missing_file
35891,raw/videos/35891.mp4,missing_file
35892,raw/videos/35892.mp4,missing_file
35898,raw/videos/35898.mp4,missing_file
35900,raw/videos/35900.mp4,missing_file
35922,raw/videos/35922.mp4,missing_file
35929,raw/videos/35929.mp4,missing_file
35930,raw/videos/35930.mp4,missing_file
35934,raw/videos/35934.mp4,missing_file
35936,raw/videos/35936.mp4,missing_file
35944,raw/videos/35944.mp4,missing_file
35949,raw/videos/35949.mp4,missing_file
35951,raw/videos/35951.mp4,missing_file
35953,raw/videos/35953.mp4,missing_file
35962,raw/videos/35962.mp4,missing_file
35970,raw/videos/35970.mp4,missing_file
35991,raw/videos/35991.mp4,missing_file
35993,raw/videos/35993.mp4,missing_file
35994,raw/videos/35994.mp4,missing_file
36036,raw/videos/36036.mp4,missing_file
36039,raw/videos/36039.mp4,missing_file
36041,raw/videos/36041.mp4,missing_file
36042,raw/videos/36042.mp4,missing_file
36044,raw/videos/36044.mp4,missing_file
36049,raw/videos/36049.mp4,missing_file
36052,raw/videos/36052.mp4,missing_file
36053,raw/videos/36053.mp4,missing_file
36054,raw/videos/36054.mp4,missing_file
36055,raw/videos/36055.mp4,missing_file
36120,raw/videos/36120.mp4,missing_file
36122,raw/videos/36122.mp4,missing_file
36123,raw/videos/36123.mp4,missing_file
36141,raw/videos/36141.mp4,missing_file
36144,raw/videos/36144.mp4,missing_file
36145,raw/videos/36145.mp4,missing_file
36228,raw/videos/36228.mp4,missing_file
36233,raw/videos/36233.mp4,missing_file
36236,raw/videos/36236.mp4,missing_file
36238,raw/videos/36238.mp4,missing_file
36239,raw/videos/36239.mp4,missing_file
36246,raw/videos/36246.mp4,missing_file
36250,raw/videos/36250.mp4,missing_file
36259,raw/videos/36259.mp4,missing_file
36265,raw/videos/36265.mp4,missing_file
36267,raw/videos/36267.mp4,missing_file
36268,raw/videos/36268.mp4,missing_file
36339,raw/videos/36339.mp4,missing_file
36340,raw/videos/36340.mp4,missing_file
36344,raw/videos/36344.mp4,missing_file
36348,raw/videos/36348.mp4,missing_file
36398,raw/videos/36398.mp4,missing_file
36401,raw/videos/36401.mp4,missing_file
36403,raw/videos/36403.mp4,missing_file
36413,raw/videos/36413.mp4,missing_file
36418,raw/videos/36418.mp4,missing_file
36420,raw/videos/36420.mp4,missing_file
36421,raw/videos/36421.mp4,missing_file
36455,raw/videos/36455.mp4,missing_file
36461,raw/videos/36461.mp4,missing_file
36487,raw/videos/36487.mp4,missing_file
36491,raw/videos/36491.mp4,missing_file
36608,raw/videos/36608.mp4,missing_file
36609,raw/videos/36609.mp4,missing_file
36610,raw/videos/36610.mp4,missing_file
36634,raw/videos/36634.mp4,missing_file
36637,raw/videos/36637.mp4,missing_file
36645,raw/videos/36645.mp4,missing_file
36653,raw/videos/36653.mp4,missing_file
36657,raw/videos/36657.mp4,missing_file
36658,raw/videos/36658.mp4,missing_file
36659,raw/videos/36659.mp4,missing_file
36677,raw/videos/36677.mp4,missing_file
36682,raw/videos/36682.mp4,missing_file
36684,raw/videos/36684.mp4,missing_file
36685,raw/videos/36685.mp4,missing_file
36686,raw/videos/36686.mp4,missing_file
36712,raw/videos/36712.mp4,missing_file
36716,raw/videos/36716.mp4,missing_file
36718,raw/videos/36718.mp4,missing_file
36719,raw/videos/36719.mp4,missing_file
36732,raw/videos/36732.mp4,missing_file
36737,raw/videos/36737.mp4,missing_file
36739,raw/videos/36739.mp4,missing_file
36740,raw/videos/36740.mp4,missing_file
36743,raw/videos/36743.mp4,missing_file
36746,raw/videos/36746.mp4,missing_file
36748,raw/videos/36748.mp4,missing_file
36749,raw/videos/36749.mp4,missing_file
36774,raw/videos/36774.mp4,missing_file
36785,raw/videos/36785.mp4,missing_file
36787,raw/videos/36787.mp4,missing_file
36788,raw/videos/36788.mp4,missing_file
36789,raw/videos/36789.mp4,missing_file
36790,raw/videos/36790.mp4,missing_file
36803,raw/videos/36803.mp4,missing_file
36806,raw/videos/36806.mp4,missing_file
36807,raw/videos/36807.mp4,missing_file
36826,raw/videos/36826.mp4,missing_file
36832,raw/videos/36832.mp4,missing_file
36837,raw/videos/36837.mp4,missing_file
36838,raw/videos/36838.mp4,missing_file
36839,raw/videos/36839.mp4,missing_file
36856,raw/videos/36856.mp4,missing_file
36861,raw/videos/36861.mp4,missing_file
36864,raw/videos/36864.mp4,missing_file
36865,raw/videos/36865.mp4,missing_file
36904,raw/videos/36904.mp4,missing_file
36907,raw/videos/36907.mp4,missing_file
36908,raw/videos/36908.mp4,missing_file
36912,raw/videos/36912.mp4,missing_file
36917,raw/videos/36917.mp4,missing_file
36919,raw/videos/36919.mp4,missing_file
36920,raw/videos/36920.mp4,missing_file
36921,raw/videos/36921.mp4,missing_file
36927,raw/videos/36927.mp4,missing_file
36934,raw/videos/36934.mp4,missing_file
36938,raw/videos/36938.mp4,missing_file
36939,raw/videos/36939.mp4,missing_file
36940,raw/videos/36940.mp4,missing_file
36941,raw/videos/36941.mp4,missing_file
36942,raw/videos/36942.mp4,missing_file
36944,raw/videos/36944.mp4,missing_file
36945,raw/videos/36945.mp4,missing_file
36974,raw/videos/36974.mp4,missing_file
36991,raw/videos/36991.mp4,missing_file
36997,raw/videos/36997.mp4,missing_file
36999,raw/videos/36999.mp4,missing_file
37000,raw/videos/37000.mp4,missing_file
37005,raw/videos/37005.mp4,missing_file
37007,raw/videos/37007.mp4,missing_file
37013,raw/videos/37013.mp4,missing_file
37023,raw/videos/37023.mp4,missing_file
37024,raw/videos/37024.mp4,missing_file
37025,raw/videos/37025.mp4,missing_file
37044,raw/videos/37044.mp4,missing_file
37045,raw/videos/37045.mp4,missing_file
37048,raw/videos/37048.mp4,missing_file
37049,raw/videos/37049.mp4,missing_file
37051,raw/videos/37051.mp4,missing_file
37061,raw/videos/37061.mp4,missing_file
37064,raw/videos/37064.mp4,missing_file
37066,raw/videos/37066.mp4,missing_file
37067,raw/videos/37067.mp4,missing_file
37091,raw/videos/37091.mp4,missing_file
37100,raw/videos/37100.mp4,missing_file
37120,raw/videos/37120.mp4,missing_file
37128,raw/videos/37128.mp4,missing_file
37130,raw/videos/37130.mp4,missing_file
37134,raw/videos/37134.mp4,missing_file
37135,raw/videos/37135.mp4,missing_file
37147,raw/videos/37147.mp4,missing_file
37149,raw/videos/37149.mp4,missing_file
37150,raw/videos/37150.mp4,missing_file
37151,raw/videos/37151.mp4,missing_file
37197,raw/videos/37197.mp4,missing_file
37199,raw/videos/37199.mp4,missing_file
37200,raw/videos/37200.mp4,missing_file
37201,raw/videos/37201.mp4,missing_file
37266,raw/videos/37266.mp4,missing_file
37276,raw/videos/37276.mp4,missing_file
37277,raw/videos/37277.mp4,missing_file
37302,raw/videos/37302.mp4,missing_file
37307,raw/videos/37307.mp4,missing_file
37309,raw/videos/37309.mp4,missing_file
37313,raw/videos/37313.mp4,missing_file
37317,raw/videos/37317.mp4,missing_file
37319,raw/videos/37319.mp4,missing_file
37320,raw/videos/37320.mp4,missing_file
37321,raw/videos/37321.mp4,missing_file
37322,raw/videos/37322.mp4,missing_file
37332,raw/videos/37332.mp4,missing_file
37336,raw/videos/37336.mp4,missing_file
37338,raw/videos/37338.mp4,missing_file
37339,raw/videos/37339.mp4,missing_file
37343,raw/videos/37343.mp4,missing_file
37348,raw/videos/37348.mp4,missing_file
37351,raw/videos/37351.mp4,missing_file
37352,raw/videos/37352.mp4,missing_file
37353,raw/videos/37353.mp4,missing_file
37356,raw/videos/37356.mp4,missing_file
37368,raw/videos/37368.mp4,missing_file
37371,raw/videos/37371.mp4,missing_file
37372,raw/videos/37372.mp4,missing_file
37395,raw/videos/37395.mp4,missing_file
37396,raw/videos/37396.mp4,missing_file
37404,raw/videos/37404.mp4,missing_file
37405,raw/videos/37405.mp4,missing_file
37429,raw/videos/37429.mp4,missing_file
37431,raw/videos/37431.mp4,missing_file
37464,raw/videos/37464.mp4,missing_file
37472,raw/videos/37472.mp4,missing_file
37474,raw/videos/37474.mp4,missing_file
37475,raw/videos/37475.mp4,missing_file
37476,raw/videos/37476.mp4,missing_file
37486,raw/videos/37486.mp4,missing_file
37487,raw/videos/37487.mp4,missing_file
37512,raw/videos/37512.mp4,missing_file
37575,raw/videos/37575.mp4,missing_file
37583,raw/videos/37583.mp4,missing_file
37584,raw/videos/37584.mp4,missing_file
37586,raw/videos/37586.mp4,missing_file
37587,raw/videos/37587.mp4,missing_file
37588,raw/videos/37588.mp4,missing_file
37589,raw/videos/37589.mp4,missing_file
37610,raw/videos/37610.mp4,missing_file
37615,raw/videos/37615.mp4,missing_file
37644,raw/videos/37644.mp4,missing_file
37649,raw/videos/37649.mp4,missing_file
37651,raw/videos/37651.mp4,missing_file
37669,raw/videos/37669.mp4,missing_file
37688,raw/videos/37688.mp4,missing_file
37689,raw/videos/37689.mp4,missing_file
37773,raw/videos/37773.mp4,missing_file
37791,raw/videos/37791.mp4,missing_file
37792,raw/videos/37792.mp4,missing_file
37795,raw/videos/37795.mp4,missing_file
37827,raw/videos/37827.mp4,missing_file
37830,raw/videos/37830.mp4,missing_file
37832,raw/videos/37832.mp4,missing_file
37836,raw/videos/37836.mp4,missing_file
37840,raw/videos/37840.mp4,missing_file
37843,raw/videos/37843.mp4,missing_file
37844,raw/videos/37844.mp4,missing_file
37849,raw/videos/37849.mp4,missing_file
37857,raw/videos/37857.mp4,missing_file
37863,raw/videos/37863.mp4,missing_file
37879,raw/videos/37879.mp4,missing_file
37885,raw/videos/37885.mp4,missing_file
37887,raw/videos/37887.mp4,missing_file
37888,raw/videos/37888.mp4,missing_file
37889,raw/videos/37889.mp4,missing_file
37890,raw/videos/37890.mp4,missing_file
37891,raw/videos/37891.mp4,missing_file
37892,raw/videos/37892.mp4,missing_file
37893,raw/videos/37893.mp4,missing_file
37909,raw/videos/37909.mp4,missing_file
37912,raw/videos/37912.mp4,missing_file
37913,raw/videos/37913.mp4,missing_file
37916,raw/videos/37916.mp4,missing_file
37930,raw/videos/37930.mp4,missing_file
37935,raw/videos/37935.mp4,missing_file
37937,raw/videos/37937.mp4,missing_file
37938,raw/videos/37938.mp4,missing_file
37945,raw/videos/37945.mp4,missing_file
37960,raw/videos/37960.mp4,missing_file
37963,raw/videos/37963.mp4,missing_file
37964,raw/videos/37964.mp4,missing_file
37965,raw/videos/37965.mp4,missing_file
37983,raw/videos/37983.mp4,missing_file
37988,raw/videos/37988.mp4,missing_file
37990,raw/videos/37990.mp4,missing_file
37991,raw/videos/37991.mp4,missing_file
37992,raw/videos/37992.mp4,missing_file
38008,raw/videos/38008.mp4,missing_file
38016,raw/videos/38016.mp4,missing_file
38017,raw/videos/38017.mp4,missing_file
38020,raw/videos/38020.mp4,missing_file
38042,raw/videos/38042.mp4,missing_file
38046,raw/videos/38046.mp4,missing_file
38061,raw/videos/38061.mp4,missing_file
38066,raw/videos/38066.mp4,missing_file
38068,raw/videos/38068.mp4,missing_file
38070,raw/videos/38070.mp4,missing_file
38081,raw/videos/38081.mp4,missing_file
38088,raw/videos/38088.mp4,missing_file
38090,raw/videos/38090.mp4,missing_file
38091,raw/videos/38091.mp4,missing_file
38103,raw/videos/38103.mp4,missing_file
38128,raw/videos/38128.mp4,missing_file
38129,raw/videos/38129.mp4,missing_file
38131,raw/videos/38131.mp4,missing_file
38132,raw/videos/38132.mp4,missing_file
38176,raw/videos/38176.mp4,missing_file
38180,raw/videos/38180.mp4,missing_file
38182,raw/videos/38182.mp4,missing_file
38183,raw/videos/38183.mp4,missing_file
38184,raw/videos/38184.mp4,missing_file
38185,raw/videos/38185.mp4,missing_file
38206,raw/videos/38206.mp4,missing_file
38213,raw/videos/38213.mp4,missing_file
38222,raw/videos/38222.mp4,missing_file
38235,raw/videos/38235.mp4,missing_file
38239,raw/videos/38239.mp4,missing_file
38240,raw/videos/38240.mp4,missing_file
38241,raw/videos/38241.mp4,missing_file
38266,raw/videos/38266.mp4,missing_file
38268,raw/videos/38268.mp4,missing_file
38281,raw/videos/38281.mp4,missing_file
38286,raw/videos/38286.mp4,missing_file
38288,raw/videos/38288.mp4,missing_file
38289,raw/videos/38289.mp4,missing_file
38292,raw/videos/38292.mp4,missing_file
38298,raw/videos/38298.mp4,missing_file
38302,raw/videos/38302.mp4,missing_file
38303,raw/videos/38303.mp4,missing_file
38304,raw/videos/38304.mp4,missing_file
38314,raw/videos/38314.mp4,missing_file
38319,raw/videos/38319.mp4,missing_file
38321,raw/videos/38321.mp4,missing_file
38322,raw/videos/38322.mp4,missing_file
38323,raw/videos/38323.mp4,missing_file
38329,raw/videos/38329.mp4,missing_file
38339,raw/videos/38339.mp4,missing_file
38342,raw/videos/38342.mp4,missing_file
38343,raw/videos/38343.mp4,missing_file
38344,raw/videos/38344.mp4,missing_file
38375,raw/videos/38375.mp4,missing_file
38377,raw/videos/38377.mp4,missing_file
38397,raw/videos/38397.mp4,missing_file
38402,raw/videos/38402.mp4,missing_file
38482,raw/videos/38482.mp4,missing_file
38531,raw/videos/38531.mp4,missing_file
38536,raw/videos/38536.mp4,missing_file
38538,raw/videos/38538.mp4,missing_file
38539,raw/videos/38539.mp4,missing_file
38540,raw/videos/38540.mp4,missing_file
38541,raw/videos/38541.mp4,missing_file
38542,raw/videos/38542.mp4,missing_file
38585,raw/videos/38585.mp4,missing_file
38589,raw/videos/38589.mp4,missing_file
38591,raw/videos/38591.mp4,missing_file
38592,raw/videos/38592.mp4,missing_file
38593,raw/videos/38593.mp4,missing_file
38614,raw/videos/38614.mp4,missing_file
38625,raw/videos/38625.mp4,missing_file
38628,raw/videos/38628.mp4,missing_file
38629,raw/videos/38629.mp4,missing_file
38630,raw/videos/38630.mp4,missing_file
38631,raw/videos/38631.mp4,missing_file
38642,raw/videos/38642.mp4,missing_file
38645,raw/videos/38645.mp4,missing_file
38647,raw/videos/38647.mp4,missing_file
38654,raw/videos/38654.mp4,missing_file
38686,raw/videos/38686.mp4,missing_file
38688,raw/videos/38688.mp4,missing_file
38689,raw/videos/38689.mp4,missing_file
38690,raw/videos/38690.mp4,missing_file
38700,raw/videos/38700.mp4,missing_file
38703,raw/videos/38703.mp4,missing_file
38705,raw/videos/38705.mp4,missing_file
38721,raw/videos/38721.mp4,missing_file
38732,raw/videos/38732.mp4,missing_file
38734,raw/videos/38734.mp4,missing_file
38736,raw/videos/38736.mp4,missing_file
38765,raw/videos/38765.mp4,missing_file
38828,raw/videos/38828.mp4,missing_file
38843,raw/videos/38843.mp4,missing_file
38862,raw/videos/38862.mp4,missing_file
38864,raw/videos/38864.mp4,missing_file
38865,raw/videos/38865.mp4,missing_file
38866,raw/videos/38866.mp4,missing_file
38867,raw/videos/38867.mp4,missing_file
38874,raw/videos/38874.mp4,missing_file
38948,raw/videos/38948.mp4,missing_file
38972,raw/videos/38972.mp4,missing_file
38976,raw/videos/38976.mp4,missing_file
38978,raw/videos/38978.mp4,missing_file
38982,raw/videos/38982.mp4,missing_file
38996,raw/videos/38996.mp4,missing_file
39001,raw/videos/39001.mp4,missing_file
39002,raw/videos/39002.mp4,missing_file
39003,raw/videos/39003.mp4,missing_file
39004,raw/videos/39004.mp4,missing_file
39005,raw/videos/39005.mp4,missing_file
39031,raw/videos/39031.mp4,missing_file
39035,raw/videos/39035.mp4,missing_file
39037,raw/videos/39037.mp4,missing_file
39038,raw/videos/39038.mp4,missing_file
39039,raw/videos/39039.mp4,missing_file
39068,raw/videos/39068.mp4,missing_file
39069,raw/videos/39069.mp4,missing_file
39074,raw/videos/39074.mp4,missing_file
39078,raw/videos/39078.mp4,missing_file
39081,raw/videos/39081.mp4,missing_file
39087,raw/videos/39087.mp4,missing_file
39092,raw/videos/39092.mp4,missing_file
39094,raw/videos/39094.mp4,missing_file
39095,raw/videos/39095.mp4,missing_file
39096,raw/videos/39096.mp4,missing_file
39097,raw/videos/39097.mp4,missing_file
39098,raw/videos/39098.mp4,missing_file
39114,raw/videos/39114.mp4,missing_file
39119,raw/videos/39119.mp4,missing_file
39147,raw/videos/39147.mp4,missing_file
39197,raw/videos/39197.mp4,missing_file
39200,raw/videos/39200.mp4,missing_file
39202,raw/videos/39202.mp4,missing_file
39288,raw/videos/39288.mp4,missing_file
39290,raw/videos/39290.mp4,missing_file
39333,raw/videos/39333.mp4,missing_file
39336,raw/videos/39336.mp4,missing_file
39338,raw/videos/39338.mp4,missing_file
39339,raw/videos/39339.mp4,missing_file
39343,raw/videos/39343.mp4,missing_file
39351,raw/videos/39351.mp4,missing_file
39353,raw/videos/39353.mp4,missing_file
39354,raw/videos/39354.mp4,missing_file
39359,raw/videos/39359.mp4,missing_file
39363,raw/videos/39363.mp4,missing_file
39365,raw/videos/39365.mp4,missing_file
39366,raw/videos/39366.mp4,missing_file
39371,raw/videos/39371.mp4,missing_file
39373,raw/videos/39373.mp4,missing_file
39374,raw/videos/39374.mp4,missing_file
39377,raw/videos/39377.mp4,missing_file
39380,raw/videos/39380.mp4,missing_file
39381,raw/videos/39381.mp4,missing_file
39383,raw/videos/39383.mp4,missing_file
39384,raw/videos/39384.mp4,missing_file
39386,raw/videos/39386.mp4,missing_file
39391,raw/videos/39391.mp4,missing_file
39402,raw/videos/39402.mp4,missing_file
39424,raw/videos/39424.mp4,missing_file
39429,raw/videos/39429.mp4,missing_file
39431,raw/videos/39431.mp4,missing_file
39445,raw/videos/39445.mp4,missing_file
39446,raw/videos/39446.mp4,missing_file
39448,raw/videos/39448.mp4,missing_file
39449,raw/videos/39449.mp4,missing_file
39450,raw/videos/39450.mp4,missing_file
39451,raw/videos/39451.mp4,missing_file
39454,raw/videos/39454.mp4,missing_file
39461,raw/videos/39461.mp4,missing_file
39465,raw/videos/39465.mp4,missing_file
39467,raw/videos/39467.mp4,missing_file
39503,raw/videos/39503.mp4,missing_file
39508,raw/videos/39508.mp4,missing_file
39512,raw/videos/39512.mp4,missing_file
39513,raw/videos/39513.mp4,missing_file
39554,raw/videos/39554.mp4,missing_file
39556,raw/videos/39556.mp4,missing_file
39582,raw/videos/39582.mp4,missing_file
39590,raw/videos/39590.mp4,missing_file
39593,raw/videos/39593.mp4,missing_file
39594,raw/videos/39594.mp4,missing_file
39595,raw/videos/39595.mp4,missing_file
39604,raw/videos/39604.mp4,missing_file
39628,raw/videos/39628.mp4,missing_file
39629,raw/videos/39629.mp4,missing_file
39630,raw/videos/39630.mp4,missing_file
39631,raw/videos/39631.mp4,missing_file
39633,raw/videos/39633.mp4,missing_file
39634,raw/videos/39634.mp4,missing_file
39646,raw/videos/39646.mp4,missing_file
39648,raw/videos/39648.mp4,missing_file
39650,raw/videos/39650.mp4,missing_file
39651,raw/videos/39651.mp4,missing_file
39672,raw/videos/39672.mp4,missing_file
39674,raw/videos/39674.mp4,missing_file
39681,raw/videos/39681.mp4,missing_file
39685,raw/videos/39685.mp4,missing_file
39745,raw/videos/39745.mp4,missing_file
39746,raw/videos/39746.mp4,missing_file
39749,raw/videos/39749.mp4,missing_file
39842,raw/videos/39842.mp4,missing_file
39844,raw/videos/39844.mp4,missing_file
39846,raw/videos/39846.mp4,missing_file
39852,raw/videos/39852.mp4,missing_file
39855,raw/videos/39855.mp4,missing_file
39856,raw/videos/39856.mp4,missing_file
39873,raw/videos/39873.mp4,missing_file
39876,raw/videos/39876.mp4,missing_file
39880,raw/videos/39880.mp4,missing_file
39954,raw/videos/39954.mp4,missing_file
39959,raw/videos/39959.mp4,missing_file
39961,raw/videos/39961.mp4,missing_file
39988,raw/videos/39988.mp4,missing_file
39989,raw/videos/39989.mp4,missing_file
39992,raw/videos/39992.mp4,missing_file
39993,raw/videos/39993.mp4,missing_file
39994,raw/videos/39994.mp4,missing_file
40010,raw/videos/40010.mp4,missing_file
40015,raw/videos/40015.mp4,missing_file
40018,raw/videos/40018.mp4,missing_file
40019,raw/videos/40019.mp4,missing_file
40049,raw/videos/40049.mp4,missing_file
40053,raw/videos/40053.mp4,missing_file
40055,raw/videos/40055.mp4,missing_file
40093,raw/videos/40093.mp4,missing_file
40094,raw/videos/40094.mp4,missing_file
40100,raw/videos/40100.mp4,missing_file
40114,raw/videos/40114.mp4,missing_file
40120,raw/videos/40120.mp4,missing_file
40122,raw/videos/40122.mp4,missing_file
40123,raw/videos/40123.mp4,missing_file
40124,raw/videos/40124.mp4,missing_file
40126,raw/videos/40126.mp4,missing_file
40128,raw/videos/40128.mp4,missing_file
40174,raw/videos/40174.mp4,missing_file
40175,raw/videos/40175.mp4,missing_file
40226,raw/videos/40226.mp4,missing_file
40233,raw/videos/40233.mp4,missing_file
40236,raw/videos/40236.mp4,missing_file
40241,raw/videos/40241.mp4,missing_file
40243,raw/videos/40243.mp4,missing_file
40246,raw/videos/40246.mp4,missing_file
40308,raw/videos/40308.mp4,missing_file
40316,raw/videos/40316.mp4,missing_file
40318,raw/videos/40318.mp4,missing_file
40319,raw/videos/40319.mp4,missing_file
40320,raw/videos/40320.mp4,missing_file
40340,raw/videos/40340.mp4,missing_file
40344,raw/videos/40344.mp4,missing_file
40346,raw/videos/40346.mp4,missing_file
40401,raw/videos/40401.mp4,missing_file
40406,raw/videos/40406.mp4,missing_file
40407,raw/videos/40407.mp4,missing_file
40463,raw/videos/40463.mp4,missing_file
40471,raw/videos/40471.mp4,missing_file
40527,raw/videos/40527.mp4,missing_file
40530,raw/videos/40530.mp4,missing_file
40562,raw/videos/40562.mp4,missing_file
40568,raw/videos/40568.mp4,missing_file
40576,raw/videos/40576.mp4,missing_file
40580,raw/videos/40580.mp4,missing_file
40582,raw/videos/40582.mp4,missing_file
40583,raw/videos/40583.mp4,missing_file
40629,raw/videos/40629.mp4,missing_file
40641,raw/videos/40641.mp4,missing_file
40649,raw/videos/40649.mp4,missing_file
40653,raw/videos/40653.mp4,missing_file
40655,raw/videos/40655.mp4,missing_file
40656,raw/videos/40656.mp4,missing_file
40658,raw/videos/40658.mp4,missing_file
40662,raw/videos/40662.mp4,missing_file
40701,raw/videos/40701.mp4,missing_file
40725,raw/videos/40725.mp4,missing_file
40727,raw/videos/40727.mp4,missing_file
40762,raw/videos/40762.mp4,missing_file
40763,raw/videos/40763.mp4,missing_file
40766,raw/videos/40766.mp4,missing_file
40767,raw/videos/40767.mp4,missing_file
40768,raw/videos/40768.mp4,missing_file
40797,raw/videos/40797.mp4,missing_file
40804,raw/videos/40804.mp4,missing_file
40808,raw/videos/40808.mp4,missing_file
40809,raw/videos/40809.mp4,missing_file
40816,raw/videos/40816.mp4,missing_file
40827,raw/videos/40827.mp4,missing_file
40832,raw/videos/40832.mp4,missing_file
40838,raw/videos/40838.mp4,missing_file
40839,raw/videos/40839.mp4,missing_file
40842,raw/videos/40842.mp4,missing_file
40843,raw/videos/40843.mp4,missing_file
40844,raw/videos/40844.mp4,missing_file
40845,raw/videos/40845.mp4,missing_file
40846,raw/videos/40846.mp4,missing_file
40989,raw/videos/40989.mp4,missing_file
40990,raw/videos/40990.mp4,missing_file
40993,raw/videos/40993.mp4,missing_file
40994,raw/videos/40994.mp4,missing_file
40995,raw/videos/40995.mp4,missing_file
41008,raw/videos/41008.mp4,missing_file
41031,raw/videos/41031.mp4,missing_file
41033,raw/videos/41033.mp4,missing_file
41034,raw/videos/41034.mp4,missing_file
41035,raw/videos/41035.mp4,missing_file
41036,raw/videos/41036.mp4,missing_file
41054,raw/videos/41054.mp4,missing_file
41057,raw/videos/41057.mp4,missing_file
41059,raw/videos/41059.mp4,missing_file
41062,raw/videos/41062.mp4,missing_file
41067,raw/videos/41067.mp4,missing_file
41069,raw/videos/41069.mp4,missing_file
41077,raw/videos/41077.mp4,missing_file
41081,raw/videos/41081.mp4,missing_file
41083,raw/videos/41083.mp4,missing_file
41093,raw/videos/41093.mp4,missing_file
41096,raw/videos/41096.mp4,missing_file
41098,raw/videos/41098.mp4,missing_file
41163,raw/videos/41163.mp4,missing_file
41167,raw/videos/41167.mp4,missing_file
41168,raw/videos/41168.mp4,missing_file
41169,raw/videos/41169.mp4,missing_file
41170,raw/videos/41170.mp4,missing_file
41171,raw/videos/41171.mp4,missing_file
41256,raw/videos/41256.mp4,missing_file
41264,raw/videos/41264.mp4,missing_file
41266,raw/videos/41266.mp4,missing_file
41306,raw/videos/41306.mp4,missing_file
41318,raw/videos/41318.mp4,missing_file
41320,raw/videos/41320.mp4,missing_file
41323,raw/videos/41323.mp4,missing_file
41324,raw/videos/41324.mp4,missing_file
41354,raw/videos/41354.mp4,missing_file
41360,raw/videos/41360.mp4,missing_file
41361,raw/videos/41361.mp4,missing_file
41363,raw/videos/41363.mp4,missing_file
41451,raw/videos/41451.mp4,missing_file
41455,raw/videos/41455.mp4,missing_file
41456,raw/videos/41456.mp4,missing_file
41477,raw/videos/41477.mp4,missing_file
41484,raw/videos/41484.mp4,missing_file
41486,raw/videos/41486.mp4,missing_file
41510,raw/videos/41510.mp4,missing_file
41512,raw/videos/41512.mp4,missing_file
41513,raw/videos/41513.mp4,missing_file
41514,raw/videos/41514.mp4,missing_file
41515,raw/videos/41515.mp4,missing_file
41560,raw/videos/41560.mp4,missing_file
41561,raw/videos/41561.mp4,missing_file
41578,raw/videos/41578.mp4,missing_file
41579,raw/videos/41579.mp4,missing_file
41583,raw/videos/41583.mp4,missing_file
41597,raw/videos/41597.mp4,missing_file
41602,raw/videos/41602.mp4,missing_file
41604,raw/videos/41604.mp4,missing_file
41606,raw/videos/41606.mp4,missing_file
41607,raw/videos/41607.mp4,missing_file
41643,raw/videos/41643.mp4,missing_file
41655,raw/videos/41655.mp4,missing_file
41658,raw/videos/41658.mp4,missing_file
41661,raw/videos/41661.mp4,missing_file
41665,raw/videos/41665.mp4,missing_file
41667,raw/videos/41667.mp4,missing_file
41668,raw/videos/41668.mp4,missing_file
41692,raw/videos/41692.mp4,missing_file
41695,raw/videos/41695.mp4,missing_file
41697,raw/videos/41697.mp4,missing_file
41704,raw/videos/41704.mp4,missing_file
41707,raw/videos/41707.mp4,missing_file
41709,raw/videos/41709.mp4,missing_file
41710,raw/videos/41710.mp4,missing_file
41771,raw/videos/41771.mp4,missing_file
41776,raw/videos/41776.mp4,missing_file
41779,raw/videos/41779.mp4,missing_file
41810,raw/videos/41810.mp4,missing_file
41813,raw/videos/41813.mp4,missing_file
41815,raw/videos/41815.mp4,missing_file
41819,raw/videos/41819.mp4,missing_file
41825,raw/videos/41825.mp4,missing_file
41828,raw/videos/41828.mp4,missing_file
41829,raw/videos/41829.mp4,missing_file
41830,raw/videos/41830.mp4,missing_file
41831,raw/videos/41831.mp4,missing_file
41832,raw/videos/41832.mp4,missing_file
41895,raw/videos/41895.mp4,missing_file
41901,raw/videos/41901.mp4,missing_file
41903,raw/videos/41903.mp4,missing_file
41904,raw/videos/41904.mp4,missing_file
41906,raw/videos/41906.mp4,missing_file
41920,raw/videos/41920.mp4,missing_file
41926,raw/videos/41926.mp4,missing_file
41929,raw/videos/41929.mp4,missing_file
41930,raw/videos/41930.mp4,missing_file
41937,raw/videos/41937.mp4,missing_file
41944,raw/videos/41944.mp4,missing_file
41947,raw/videos/41947.mp4,missing_file
41948,raw/videos/41948.mp4,missing_file
41970,raw/videos/41970.mp4,missing_file
41978,raw/videos/41978.mp4,missing_file
41980,raw/videos/41980.mp4,missing_file
41981,raw/videos/41981.mp4,missing_file
42003,raw/videos/42003.mp4,missing_file
42006,raw/videos/42006.mp4,missing_file
42036,raw/videos/42036.mp4,missing_file
42043,raw/videos/42043.mp4,missing_file
42081,raw/videos/42081.mp4,missing_file
42082,raw/videos/42082.mp4,missing_file
42089,raw/videos/42089.mp4,missing_file
42090,raw/videos/42090.mp4,missing_file
42091,raw/videos/42091.mp4,missing_file
42136,raw/videos/42136.mp4,missing_file
42144,raw/videos/42144.mp4,missing_file
42145,raw/videos/42145.mp4,missing_file
42196,raw/videos/42196.mp4,missing_file
42213,raw/videos/42213.mp4,missing_file
42216,raw/videos/42216.mp4,missing_file
42218,raw/videos/42218.mp4,missing_file
42219,raw/videos/42219.mp4,missing_file
42228,raw/videos/42228.mp4,missing_file
42234,raw/videos/42234.mp4,missing_file
42236,raw/videos/42236.mp4,missing_file
42237,raw/videos/42237.mp4,missing_file
42238,raw/videos/42238.mp4,missing_file
42242,raw/videos/42242.mp4,missing_file
42250,raw/videos/42250.mp4,missing_file
42254,raw/videos/42254.mp4,missing_file
42255,raw/videos/42255.mp4,missing_file
42311,raw/videos/42311.mp4,missing_file
42316,raw/videos/42316.mp4,missing_file
42317,raw/videos/42317.mp4,missing_file
42378,raw/videos/42378.mp4,missing_file
42380,raw/videos/42380.mp4,missing_file
42382,raw/videos/42382.mp4,missing_file
42398,raw/videos/42398.mp4,missing_file
42404,raw/videos/42404.mp4,missing_file
42405,raw/videos/42405.mp4,missing_file
42409,raw/videos/42409.mp4,missing_file
42419,raw/videos/42419.mp4,missing_file
42426,raw/videos/42426.mp4,missing_file
42427,raw/videos/42427.mp4,missing_file
42429,raw/videos/42429.mp4,missing_file
42431,raw/videos/42431.mp4,missing_file
42433,raw/videos/42433.mp4,missing_file
42469,raw/videos/42469.mp4,missing_file
42473,raw/videos/42473.mp4,missing_file
42474,raw/videos/42474.mp4,missing_file
42476,raw/videos/42476.mp4,missing_file
42477,raw/videos/42477.mp4,missing_file
42508,raw/videos/42508.mp4,missing_file
42512,raw/videos/42512.mp4,missing_file
42514,raw/videos/42514.mp4,missing_file
42515,raw/videos/42515.mp4,missing_file
42543,raw/videos/42543.mp4,missing_file
42546,raw/videos/42546.mp4,missing_file
42551,raw/videos/42551.mp4,missing_file
42556,raw/videos/42556.mp4,missing_file
42558,raw/videos/42558.mp4,missing_file
42564,raw/videos/42564.mp4,missing_file
42568,raw/videos/42568.mp4,missing_file
42570,raw/videos/42570.mp4,missing_file
42577,raw/videos/42577.mp4,missing_file
42587,raw/videos/42587.mp4,missing_file
42591,raw/videos/42591.mp4,missing_file
42596,raw/videos/42596.mp4,missing_file
42601,raw/videos/42601.mp4,missing_file
42610,raw/videos/42610.mp4,missing_file
42611,raw/videos/42611.mp4,missing_file
42649,raw/videos/42649.mp4,missing_file
42655,raw/videos/42655.mp4,missing_file
42657,raw/videos/42657.mp4,missing_file
42658,raw/videos/42658.mp4,missing_file
42659,raw/videos/42659.mp4,missing_file
42662,raw/videos/42662.mp4,missing_file
42663,raw/videos/42663.mp4,missing_file
42666,raw/videos/42666.mp4,missing_file
42668,raw/videos/42668.mp4,missing_file
42669,raw/videos/42669.mp4,missing_file
42674,raw/videos/42674.mp4,missing_file
42676,raw/videos/42676.mp4,missing_file
42695,raw/videos/42695.mp4,missing_file
42705,raw/videos/42705.mp4,missing_file
42707,raw/videos/42707.mp4,missing_file
42708,raw/videos/42708.mp4,missing_file
42752,raw/videos/42752.mp4,missing_file
42756,raw/videos/42756.mp4,missing_file
42757,raw/videos/42757.mp4,missing_file
42760,raw/videos/42760.mp4,missing_file
42763,raw/videos/42763.mp4,missing_file
42766,raw/videos/42766.mp4,missing_file
42827,raw/videos/42827.mp4,missing_file
42835,raw/videos/42835.mp4,missing_file
42838,raw/videos/42838.mp4,missing_file
42840,raw/videos/42840.mp4,missing_file
42841,raw/videos/42841.mp4,missing_file
42842,raw/videos/42842.mp4,missing_file
42938,raw/videos/42938.mp4,missing_file
42946,raw/videos/42946.mp4,missing_file
42953,raw/videos/42953.mp4,missing_file
42963,raw/videos/42963.mp4,missing_file
42964,raw/videos/42964.mp4,missing_file
42971,raw/videos/42971.mp4,missing_file
42972,raw/videos/42972.mp4,missing_file
42974,raw/videos/42974.mp4,missing_file
42976,raw/videos/42976.mp4,missing_file
42983,raw/videos/42983.mp4,missing_file
42990,raw/videos/42990.mp4,missing_file
42992,raw/videos/42992.mp4,missing_file
42993,raw/videos/42993.mp4,missing_file
43037,raw/videos/43037.mp4,missing_file
43059,raw/videos/43059.mp4,missing_file
43060,raw/videos/43060.mp4,missing_file
43063,raw/videos/43063.mp4,missing_file
43064,raw/videos/43064.mp4,missing_file
43065,raw/videos/43065.mp4,missing_file
43066,raw/videos/43066.mp4,missing_file
43082,raw/videos/43082.mp4,missing_file
43087,raw/videos/43087.mp4,missing_file
43089,raw/videos/43089.mp4,missing_file
43110,raw/videos/43110.mp4,missing_file
43118,raw/videos/43118.mp4,missing_file
43119,raw/videos/43119.mp4,missing_file
43120,raw/videos/43120.mp4,missing_file
43146,raw/videos/43146.mp4,missing_file
43148,raw/videos/43148.mp4,missing_file
43150,raw/videos/43150.mp4,missing_file
43172,raw/videos/43172.mp4,missing_file
43175,raw/videos/43175.mp4,missing_file
43176,raw/videos/43176.mp4,missing_file
43177,raw/videos/43177.mp4,missing_file
43178,raw/videos/43178.mp4,missing_file
43213,raw/videos/43213.mp4,missing_file
43221,raw/videos/43221.mp4,missing_file
43223,raw/videos/43223.mp4,missing_file
43224,raw/videos/43224.mp4,missing_file
43225,raw/videos/43225.mp4,missing_file
43253,raw/videos/43253.mp4,missing_file
43259,raw/videos/43259.mp4,missing_file
43260,raw/videos/43260.mp4,missing_file
43335,raw/videos/43335.mp4,missing_file
43343,raw/videos/43343.mp4,missing_file
43346,raw/videos/43346.mp4,missing_file
43347,raw/videos/43347.mp4,missing_file
43348,raw/videos/43348.mp4,missing_file
43364,raw/videos/43364.mp4,missing_file
43370,raw/videos/43370.mp4,missing_file
43372,raw/videos/43372.mp4,missing_file
43375,raw/videos/43375.mp4,missing_file
43383,raw/videos/43383.mp4,missing_file
43386,raw/videos/43386.mp4,missing_file
43448,raw/videos/43448.mp4,missing_file
43449,raw/videos/43449.mp4,missing_file
43460,raw/videos/43460.mp4,missing_file
43509,raw/videos/43509.mp4,missing_file
43512,raw/videos/43512.mp4,missing_file
43519,raw/videos/43519.mp4,missing_file
43526,raw/videos/43526.mp4,missing_file
43527,raw/videos/43527.mp4,missing_file
43531,raw/videos/43531.mp4,missing_file
43532,raw/videos/43532.mp4,missing_file
43533,raw/videos/43533.mp4,missing_file
43534,raw/videos/43534.mp4,missing_file
43542,raw/videos/43542.mp4,missing_file
43552,raw/videos/43552.mp4,missing_file
43556,raw/videos/43556.mp4,missing_file
43558,raw/videos/43558.mp4,missing_file
43559,raw/videos/43559.mp4,missing_file
43570,raw/videos/43570.mp4,missing_file
43574,raw/videos/43574.mp4,missing_file
43576,raw/videos/43576.mp4,missing_file
43577,raw/videos/43577.mp4,missing_file
43578,raw/videos/43578.mp4,missing_file
43579,raw/videos/43579.mp4,missing_file
43593,raw/videos/43593.mp4,missing_file
43597,raw/videos/43597.mp4,missing_file
43673,raw/videos/43673.mp4,missing_file
43676,raw/videos/43676.mp4,missing_file
43678,raw/videos/43678.mp4,missing_file
43683,raw/videos/43683.mp4,missing_file
43685,raw/videos/43685.mp4,missing_file
43686,raw/videos/43686.mp4,missing_file
43687,raw/videos/43687.mp4,missing_file
43688,raw/videos/43688.mp4,missing_file
43695,raw/videos/43695.mp4,missing_file
43699,raw/videos/43699.mp4,missing_file
43701,raw/videos/43701.mp4,missing_file
43702,raw/videos/43702.mp4,missing_file
43725,raw/videos/43725.mp4,missing_file
43728,raw/videos/43728.mp4,missing_file
43731,raw/videos/43731.mp4,missing_file
43732,raw/videos/43732.mp4,missing_file
43799,raw/videos/43799.mp4,missing_file
43803,raw/videos/43803.mp4,missing_file
43805,raw/videos/43805.mp4,missing_file
43806,raw/videos/43806.mp4,missing_file
43808,raw/videos/43808.mp4,missing_file
43811,raw/videos/43811.mp4,missing_file
43813,raw/videos/43813.mp4,missing_file
43828,raw/videos/43828.mp4,missing_file
43831,raw/videos/43831.mp4,missing_file
43837,raw/videos/43837.mp4,missing_file
43838,raw/videos/43838.mp4,missing_file
43876,raw/videos/43876.mp4,missing_file
43880,raw/videos/43880.mp4,missing_file
43881,raw/videos/43881.mp4,missing_file
43882,raw/videos/43882.mp4,missing_file
43883,raw/videos/43883.mp4,missing_file
43900,raw/videos/43900.mp4,missing_file
43905,raw/videos/43905.mp4,missing_file
43911,raw/videos/43911.mp4,missing_file
43922,raw/videos/43922.mp4,missing_file
43934,raw/videos/43934.mp4,missing_file
43936,raw/videos/43936.mp4,missing_file
43937,raw/videos/43937.mp4,missing_file
43944,raw/videos/43944.mp4,missing_file
43947,raw/videos/43947.mp4,missing_file
43992,raw/videos/43992.mp4,missing_file
43995,raw/videos/43995.mp4,missing_file
44003,raw/videos/44003.mp4,missing_file
44004,raw/videos/44004.mp4,missing_file
44010,raw/videos/44010.mp4,missing_file
44018,raw/videos/44018.mp4,missing_file
44021,raw/videos/44021.mp4,missing_file
44022,raw/videos/44022.mp4,missing_file
44034,raw/videos/44034.mp4,missing_file
44048,raw/videos/44048.mp4,missing_file
44049,raw/videos/44049.mp4,missing_file
44056,raw/videos/44056.mp4,missing_file
44080,raw/videos/44080.mp4,missing_file
44084,raw/videos/44084.mp4,missing_file
44089,raw/videos/44089.mp4,missing_file
44090,raw/videos/44090.mp4,missing_file
44096,raw/videos/44096.mp4,missing_file
44099,raw/videos/44099.mp4,missing_file
44102,raw/videos/44102.mp4,missing_file
44119,raw/videos/44119.mp4,missing_file
44129,raw/videos/44129.mp4,missing_file
44134,raw/videos/44134.mp4,missing_file
44135,raw/videos/44135.mp4,missing_file
44137,raw/videos/44137.mp4,missing_file
44140,raw/videos/44140.mp4,missing_file
44142,raw/videos/44142.mp4,missing_file
44144,raw/videos/44144.mp4,missing_file
44145,raw/videos/44145.mp4,missing_file
44150,raw/videos/44150.mp4,missing_file
44152,raw/videos/44152.mp4,missing_file
44166,raw/videos/44166.mp4,missing_file
44171,raw/videos/44171.mp4,missing_file
44181,raw/videos/44181.mp4,missing_file
44183,raw/videos/44183.mp4,missing_file
44187,raw/videos/44187.mp4,missing_file
44189,raw/videos/44189.mp4,missing_file
44199,raw/videos/44199.mp4,missing_file
44204,raw/videos/44204.mp4,missing_file
44205,raw/videos/44205.mp4,missing_file
44207,raw/videos/44207.mp4,missing_file
44213,raw/videos/44213.mp4,missing_file
44222,raw/videos/44222.mp4,missing_file
44225,raw/videos/44225.mp4,missing_file
44226,raw/videos/44226.mp4,missing_file
44232,raw/videos/44232.mp4,missing_file
44236,raw/videos/44236.mp4,missing_file
44239,raw/videos/44239.mp4,missing_file
44267,raw/videos/44267.mp4,missing_file
44277,raw/videos/44277.mp4,missing_file
44279,raw/videos/44279.mp4,missing_file
44280,raw/videos/44280.mp4,missing_file
44296,raw/videos/44296.mp4,missing_file
44297,raw/videos/44297.mp4,missing_file
44300,raw/videos/44300.mp4,missing_file
44302,raw/videos/44302.mp4,missing_file
44319,raw/videos/44319.mp4,missing_file
44328,raw/videos/44328.mp4,missing_file
44339,raw/videos/44339.mp4,missing_file
44340,raw/videos/44340.mp4,missing_file
44348,raw/videos/44348.mp4,missing_file
44364,raw/videos/44364.mp4,missing_file
44372,raw/videos/44372.mp4,missing_file
44375,raw/videos/44375.mp4,missing_file
44376,raw/videos/44376.mp4,missing_file
44377,raw/videos/44377.mp4,missing_file
44394,raw/videos/44394.mp4,missing_file
44399,raw/videos/44399.mp4,missing_file
44401,raw/videos/44401.mp4,missing_file
44422,raw/videos/44422.mp4,missing_file
44425,raw/videos/44425.mp4,missing_file
44427,raw/videos/44427.mp4,missing_file
44428,raw/videos/44428.mp4,missing_file
44440,raw/videos/44440.mp4,missing_file
44444,raw/videos/44444.mp4,missing_file
44446,raw/videos/44446.mp4,missing_file
44447,raw/videos/44447.mp4,missing_file
44469,raw/videos/44469.mp4,missing_file
44472,raw/videos/44472.mp4,missing_file
44475,raw/videos/44475.mp4,missing_file
44476,raw/videos/44476.mp4,missing_file
44477,raw/videos/44477.mp4,missing_file
44489,raw/videos/44489.mp4,missing_file
44491,raw/videos/44491.mp4,missing_file
44494,raw/videos/44494.mp4,missing_file
44497,raw/videos/44497.mp4,missing_file
44498,raw/videos/44498.mp4,missing_file
44499,raw/videos/44499.mp4,missing_file
44522,raw/videos/44522.mp4,missing_file
44525,raw/videos/44525.mp4,missing_file
44527,raw/videos/44527.mp4,missing_file
44528,raw/videos/44528.mp4,missing_file
44530,raw/videos/44530.mp4,missing_file
44533,raw/videos/44533.mp4,missing_file
44535,raw/videos/44535.mp4,missing_file
44536,raw/videos/44536.mp4,missing_file
44540,raw/videos/44540.mp4,missing_file
44542,raw/videos/44542.mp4,missing_file
44543,raw/videos/44543.mp4,missing_file
44548,raw/videos/44548.mp4,missing_file
44553,raw/videos/44553.mp4,missing_file
44556,raw/videos/44556.mp4,missing_file
44557,raw/videos/44557.mp4,missing_file
44562,raw/videos/44562.mp4,missing_file
44564,raw/videos/44564.mp4,missing_file
44565,raw/videos/44565.mp4,missing_file
44569,raw/videos/44569.mp4,missing_file
44571,raw/videos/44571.mp4,missing_file
44582,raw/videos/44582.mp4,missing_file
44589,raw/videos/44589.mp4,missing_file
44592,raw/videos/44592.mp4,missing_file
44593,raw/videos/44593.mp4,missing_file
44598,raw/videos/44598.mp4,missing_file
44605,raw/videos/44605.mp4,missing_file
44608,raw/videos/44608.mp4,missing_file
44609,raw/videos/44609.mp4,missing_file
44610,raw/videos/44610.mp4,missing_file
44618,raw/videos/44618.mp4,missing_file
44627,raw/videos/44627.mp4,missing_file
44632,raw/videos/44632.mp4,missing_file
44677,raw/videos/44677.mp4,missing_file
44685,raw/videos/44685.mp4,missing_file
44688,raw/videos/44688.mp4,missing_file
44689,raw/videos/44689.mp4,missing_file
44690,raw/videos/44690.mp4,missing_file
44714,raw/videos/44714.mp4,missing_file
44718,raw/videos/44718.mp4,missing_file
44720,raw/videos/44720.mp4,missing_file
44732,raw/videos/44732.mp4,missing_file
44736,raw/videos/44736.mp4,missing_file
44740,raw/videos/44740.mp4,missing_file
44781,raw/videos/44781.mp4,missing_file
44789,raw/videos/44789.mp4,missing_file
44792,raw/videos/44792.mp4,missing_file
44795,raw/videos/44795.mp4,missing_file
44810,raw/videos/44810.mp4,missing_file
44813,raw/videos/44813.mp4,missing_file
44816,raw/videos/44816.mp4,missing_file
44828,raw/videos/44828.mp4,missing_file
44832,raw/videos/44832.mp4,missing_file
44834,raw/videos/44834.mp4,missing_file
44835,raw/videos/44835.mp4,missing_file
44836,raw/videos/44836.mp4,missing_file
44842,raw/videos/44842.mp4,missing_file
44846,raw/videos/44846.mp4,missing_file
44848,raw/videos/44848.mp4,missing_file
44859,raw/videos/44859.mp4,missing_file
44864,raw/videos/44864.mp4,missing_file
44866,raw/videos/44866.mp4,missing_file
44896,raw/videos/44896.mp4,missing_file
44899,raw/videos/44899.mp4,missing_file
44901,raw/videos/44901.mp4,missing_file
44902,raw/videos/44902.mp4,missing_file
44908,raw/videos/44908.mp4,missing_file
44911,raw/videos/44911.mp4,missing_file
44912,raw/videos/44912.mp4,missing_file
44952,raw/videos/44952.mp4,missing_file
44954,raw/videos/44954.mp4,missing_file
44955,raw/videos/44955.mp4,missing_file
44957,raw/videos/44957.mp4,missing_file
44959,raw/videos/44959.mp4,missing_file
44960,raw/videos/44960.mp4,missing_file
44961,raw/videos/44961.mp4,missing_file
44963,raw/videos/44963.mp4,missing_file
44969,raw/videos/44969.mp4,missing_file
44972,raw/videos/44972.mp4,missing_file
44974,raw/videos/44974.mp4,missing_file
45050,raw/videos/45050.mp4,missing_file
45053,raw/videos/45053.mp4,missing_file
45055,raw/videos/45055.mp4,missing_file
45056,raw/videos/45056.mp4,missing_file
45059,raw/videos/45059.mp4,missing_file
45063,raw/videos/45063.mp4,missing_file
45065,raw/videos/45065.mp4,missing_file
45066,raw/videos/45066.mp4,missing_file
45089,raw/videos/45089.mp4,missing_file
45093,raw/videos/45093.mp4,missing_file
45095,raw/videos/45095.mp4,missing_file
45097,raw/videos/45097.mp4,missing_file
45102,raw/videos/45102.mp4,missing_file
45103,raw/videos/45103.mp4,missing_file
45105,raw/videos/45105.mp4,missing_file
45106,raw/videos/45106.mp4,missing_file
45108,raw/videos/45108.mp4,missing_file
45112,raw/videos/45112.mp4,missing_file
45115,raw/videos/45115.mp4,missing_file
45116,raw/videos/45116.mp4,missing_file
45163,raw/videos/45163.mp4,missing_file
45165,raw/videos/45165.mp4,missing_file
45167,raw/videos/45167.mp4,missing_file
45169,raw/videos/45169.mp4,missing_file
45176,raw/videos/45176.mp4,missing_file
45178,raw/videos/45178.mp4,missing_file
45179,raw/videos/45179.mp4,missing_file
45186,raw/videos/45186.mp4,missing_file
45197,raw/videos/45197.mp4,missing_file
45222,raw/videos/45222.mp4,missing_file
45252,raw/videos/45252.mp4,missing_file
45266,raw/videos/45266.mp4,missing_file
45268,raw/videos/45268.mp4,missing_file
45269,raw/videos/45269.mp4,missing_file
45270,raw/videos/45270.mp4,missing_file
45271,raw/videos/45271.mp4,missing_file
45272,raw/videos/45272.mp4,missing_file
45323,raw/videos/45323.mp4,missing_file
45326,raw/videos/45326.mp4,missing_file
45328,raw/videos/45328.mp4,missing_file
45329,raw/videos/45329.mp4,missing_file
45362,raw/videos/45362.mp4,missing_file
45366,raw/videos/45366.mp4,missing_file
45368,raw/videos/45368.mp4,missing_file
45412,raw/videos/45412.mp4,missing_file
45414,raw/videos/45414.mp4,missing_file
45415,raw/videos/45415.mp4,missing_file
45421,raw/videos/45421.mp4,missing_file
45422,raw/videos/45422.mp4,missing_file
45424,raw/videos/45424.mp4,missing_file
45432,raw/videos/45432.mp4,missing_file
45437,raw/videos/45437.mp4,missing_file
45439,raw/videos/45439.mp4,missing_file
45440,raw/videos/45440.mp4,missing_file
45441,raw/videos/45441.mp4,missing_file
45442,raw/videos/45442.mp4,missing_file
45447,raw/videos/45447.mp4,missing_file
45452,raw/videos/45452.mp4,missing_file
45454,raw/videos/45454.mp4,missing_file
45467,raw/videos/45467.mp4,missing_file
45470,raw/videos/45470.mp4,missing_file
45472,raw/videos/45472.mp4,missing_file
45474,raw/videos/45474.mp4,missing_file
45482,raw/videos/45482.mp4,missing_file
45484,raw/videos/45484.mp4,missing_file
45485,raw/videos/45485.mp4,missing_file
45486,raw/videos/45486.mp4,missing_file
45494,raw/videos/45494.mp4,missing_file
45514,raw/videos/45514.mp4,missing_file
45516,raw/videos/45516.mp4,missing_file
45517,raw/videos/45517.mp4,missing_file
45518,raw/videos/45518.mp4,missing_file
45524,raw/videos/45524.mp4,missing_file
45527,raw/videos/45527.mp4,missing_file
45570,raw/videos/45570.mp4,missing_file
45573,raw/videos/45573.mp4,missing_file
45576,raw/videos/45576.mp4,missing_file
45595,raw/videos/45595.mp4,missing_file
45598,raw/videos/45598.mp4,missing_file
45600,raw/videos/45600.mp4,missing_file
45636,raw/videos/45636.mp4,missing_file
45641,raw/videos/45641.mp4,missing_file
45651,raw/videos/45651.mp4,missing_file
45654,raw/videos/45654.mp4,missing_file
45657,raw/videos/45657.mp4,missing_file
45666,raw/videos/45666.mp4,missing_file
45672,raw/videos/45672.mp4,missing_file
45684,raw/videos/45684.mp4,missing_file
45688,raw/videos/45688.mp4,missing_file
45690,raw/videos/45690.mp4,missing_file
45691,raw/videos/45691.mp4,missing_file
45711,raw/videos/45711.mp4,missing_file
45717,raw/videos/45717.mp4,missing_file
45720,raw/videos/45720.mp4,missing_file
45721,raw/videos/45721.mp4,missing_file
45722,raw/videos/45722.mp4,missing_file
45739,raw/videos/45739.mp4,missing_file
45744,raw/videos/45744.mp4,missing_file
45748,raw/videos/45748.mp4,missing_file
45754,raw/videos/45754.mp4,missing_file
45761,raw/videos/45761.mp4,missing_file
45764,raw/videos/45764.mp4,missing_file
45765,raw/videos/45765.mp4,missing_file
45766,raw/videos/45766.mp4,missing_file
45777,raw/videos/45777.mp4,missing_file
45784,raw/videos/45784.mp4,missing_file
45787,raw/videos/45787.mp4,missing_file
45788,raw/videos/45788.mp4,missing_file
45823,raw/videos/45823.mp4,missing_file
45825,raw/videos/45825.mp4,missing_file
45829,raw/videos/45829.mp4,missing_file
45835,raw/videos/45835.mp4,missing_file
45841,raw/videos/45841.mp4,missing_file
45845,raw/videos/45845.mp4,missing_file
45846,raw/videos/45846.mp4,missing_file
45847,raw/videos/45847.mp4,missing_file
45848,raw/videos/45848.mp4,missing_file
45849,raw/videos/45849.mp4,missing_file
45850,raw/videos/45850.mp4,missing_file
45852,raw/videos/45852.mp4,missing_file
45856,raw/videos/45856.mp4,missing_file
45858,raw/videos/45858.mp4,missing_file
45859,raw/videos/45859.mp4,missing_file
45860,raw/videos/45860.mp4,missing_file
45869,raw/videos/45869.mp4,missing_file
45871,raw/videos/45871.mp4,missing_file
45872,raw/videos/45872.mp4,missing_file
45905,raw/videos/45905.mp4,missing_file
45911,raw/videos/45911.mp4,missing_file
45913,raw/videos/45913.mp4,missing_file
45914,raw/videos/45914.mp4,missing_file
45927,raw/videos/45927.mp4,missing_file
45930,raw/videos/45930.mp4,missing_file
45935,raw/videos/45935.mp4,missing_file
45965,raw/videos/45965.mp4,missing_file
45966,raw/videos/45966.mp4,missing_file
45970,raw/videos/45970.mp4,missing_file
45972,raw/videos/45972.mp4,missing_file
45973,raw/videos/45973.mp4,missing_file
45974,raw/videos/45974.mp4,missing_file
45997,raw/videos/45997.mp4,missing_file
45999,raw/videos/45999.mp4,missing_file
46000,raw/videos/46000.mp4,missing_file
46053,raw/videos/46053.mp4,missing_file
46056,raw/videos/46056.mp4,missing_file
46057,raw/videos/46057.mp4,missing_file
46059,raw/videos/46059.mp4,missing_file
46155,raw/videos/46155.mp4,missing_file
46164,raw/videos/46164.mp4,missing_file
46167,raw/videos/46167.mp4,missing_file
46172,raw/videos/46172.mp4,missing_file
46177,raw/videos/46177.mp4,missing_file
46180,raw/videos/46180.mp4,missing_file
46181,raw/videos/46181.mp4,missing_file
46260,raw/videos/46260.mp4,missing_file
46270,raw/videos/46270.mp4,missing_file
46271,raw/videos/46271.mp4,missing_file
46273,raw/videos/46273.mp4,missing_file
46275,raw/videos/46275.mp4,missing_file
46287,raw/videos/46287.mp4,missing_file
46294,raw/videos/46294.mp4,missing_file
46302,raw/videos/46302.mp4,missing_file
46310,raw/videos/46310.mp4,missing_file
46316,raw/videos/46316.mp4,missing_file
46318,raw/videos/46318.mp4,missing_file
46326,raw/videos/46326.mp4,missing_file
46332,raw/videos/46332.mp4,missing_file
46334,raw/videos/46334.mp4,missing_file
46335,raw/videos/46335.mp4,missing_file
46339,raw/videos/46339.mp4,missing_file
46370,raw/videos/46370.mp4,missing_file
46371,raw/videos/46371.mp4,missing_file
46425,raw/videos/46425.mp4,missing_file
46432,raw/videos/46432.mp4,missing_file
46434,raw/videos/46434.mp4,missing_file
46435,raw/videos/46435.mp4,missing_file
46489,raw/videos/46489.mp4,missing_file
46494,raw/videos/46494.mp4,missing_file
46496,raw/videos/46496.mp4,missing_file
46505,raw/videos/46505.mp4,missing_file
46576,raw/videos/46576.mp4,missing_file
46577,raw/videos/46577.mp4,missing_file
46579,raw/videos/46579.mp4,missing_file
46587,raw/videos/46587.mp4,missing_file
46591,raw/videos/46591.mp4,missing_file
46594,raw/videos/46594.mp4,missing_file
46595,raw/videos/46595.mp4,missing_file
46605,raw/videos/46605.mp4,missing_file
46608,raw/videos/46608.mp4,missing_file
46610,raw/videos/46610.mp4,missing_file
46656,raw/videos/46656.mp4,missing_file
46712,raw/videos/46712.mp4,missing_file
46735,raw/videos/46735.mp4,missing_file
46736,raw/videos/46736.mp4,missing_file
46738,raw/videos/46738.mp4,missing_file
46739,raw/videos/46739.mp4,missing_file
46740,raw/videos/46740.mp4,missing_file
46741,raw/videos/46741.mp4,missing_file
46750,raw/videos/46750.mp4,missing_file
46757,raw/videos/46757.mp4,missing_file
46761,raw/videos/46761.mp4,missing_file
46773,raw/videos/46773.mp4,missing_file
46774,raw/videos/46774.mp4,missing_file
46778,raw/videos/46778.mp4,missing_file
46781,raw/videos/46781.mp4,missing_file
46794,raw/videos/46794.mp4,missing_file
46796,raw/videos/46796.mp4,missing_file
46862,raw/videos/46862.mp4,missing_file
46866,raw/videos/46866.mp4,missing_file
46869,raw/videos/46869.mp4,missing_file
46929,raw/videos/46929.mp4,missing_file
46931,raw/videos/46931.mp4,missing_file
46932,raw/videos/46932.mp4,missing_file
46956,raw/videos/46956.mp4,missing_file
46959,raw/videos/46959.mp4,missing_file
46964,raw/videos/46964.mp4,missing_file
46997,raw/videos/46997.mp4,missing_file
47004,raw/videos/47004.mp4,missing_file
47006,raw/videos/47006.mp4,missing_file
47007,raw/videos/47007.mp4,missing_file
47008,raw/videos/47008.mp4,missing_file
47009,raw/videos/47009.mp4,missing_file
47025,raw/videos/47025.mp4,missing_file
47031,raw/videos/47031.mp4,missing_file
47033,raw/videos/47033.mp4,missing_file
47037,raw/videos/47037.mp4,missing_file
47041,raw/videos/47041.mp4,missing_file
47043,raw/videos/47043.mp4,missing_file
47058,raw/videos/47058.mp4,missing_file
47061,raw/videos/47061.mp4,missing_file
47064,raw/videos/47064.mp4,missing_file
47079,raw/videos/47079.mp4,missing_file
47082,raw/videos/47082.mp4,missing_file
47092,raw/videos/47092.mp4,missing_file
47103,raw/videos/47103.mp4,missing_file
47108,raw/videos/47108.mp4,missing_file
47110,raw/videos/47110.mp4,missing_file
47111,raw/videos/47111.mp4,missing_file
47135,raw/videos/47135.mp4,missing_file
47141,raw/videos/47141.mp4,missing_file
47174,raw/videos/47174.mp4,missing_file
47180,raw/videos/47180.mp4,missing_file
47184,raw/videos/47184.mp4,missing_file
47185,raw/videos/47185.mp4,missing_file
47186,raw/videos/47186.mp4,missing_file
47220,raw/videos/47220.mp4,missing_file
47223,raw/videos/47223.mp4,missing_file
47236,raw/videos/47236.mp4,missing_file
47241,raw/videos/47241.mp4,missing_file
47243,raw/videos/47243.mp4,missing_file
47269,raw/videos/47269.mp4,missing_file
47275,raw/videos/47275.mp4,missing_file
47278,raw/videos/47278.mp4,missing_file
47295,raw/videos/47295.mp4,missing_file
47303,raw/videos/47303.mp4,missing_file
47304,raw/videos/47304.mp4,missing_file
47306,raw/videos/47306.mp4,missing_file
47329,raw/videos/47329.mp4,missing_file
47334,raw/videos/47334.mp4,missing_file
47336,raw/videos/47336.mp4,missing_file
47341,raw/videos/47341.mp4,missing_file
47344,raw/videos/47344.mp4,missing_file
47346,raw/videos/47346.mp4,missing_file
47348,raw/videos/47348.mp4,missing_file
47360,raw/videos/47360.mp4,missing_file
47361,raw/videos/47361.mp4,missing_file
47363,raw/videos/47363.mp4,missing_file
47364,raw/videos/47364.mp4,missing_file
47366,raw/videos/47366.mp4,missing_file
47371,raw/videos/47371.mp4,missing_file
47386,raw/videos/47386.mp4,missing_file
47439,raw/videos/47439.mp4,missing_file
47443,raw/videos/47443.mp4,missing_file
47445,raw/videos/47445.mp4,missing_file
47449,raw/videos/47449.mp4,missing_file
47452,raw/videos/47452.mp4,missing_file
47454,raw/videos/47454.mp4,missing_file
47455,raw/videos/47455.mp4,missing_file
47456,raw/videos/47456.mp4,missing_file
47458,raw/videos/47458.mp4,missing_file
47464,raw/videos/47464.mp4,missing_file
47465,raw/videos/47465.mp4,missing_file
47467,raw/videos/47467.mp4,missing_file
47468,raw/videos/47468.mp4,missing_file
47478,raw/videos/47478.mp4,missing_file
47481,raw/videos/47481.mp4,missing_file
47483,raw/videos/47483.mp4,missing_file
47485,raw/videos/47485.mp4,missing_file
47495,raw/videos/47495.mp4,missing_file
47497,raw/videos/47497.mp4,missing_file
47498,raw/videos/47498.mp4,missing_file
47499,raw/videos/47499.mp4,missing_file
47552,raw/videos/47552.mp4,missing_file
47556,raw/videos/47556.mp4,missing_file
47559,raw/videos/47559.mp4,missing_file
47565,raw/videos/47565.mp4,missing_file
47571,raw/videos/47571.mp4,missing_file
47573,raw/videos/47573.mp4,missing_file
47574,raw/videos/47574.mp4,missing_file
47602,raw/videos/47602.mp4,missing_file
47609,raw/videos/47609.mp4,missing_file
47610,raw/videos/47610.mp4,missing_file
47613,raw/videos/47613.mp4,missing_file
47614,raw/videos/47614.mp4,missing_file
47638,raw/videos/47638.mp4,missing_file
47647,raw/videos/47647.mp4,missing_file
47649,raw/videos/47649.mp4,missing_file
47650,raw/videos/47650.mp4,missing_file
47651,raw/videos/47651.mp4,missing_file
47655,raw/videos/47655.mp4,missing_file
47660,raw/videos/47660.mp4,missing_file
47663,raw/videos/47663.mp4,missing_file
47664,raw/videos/47664.mp4,missing_file
47665,raw/videos/47665.mp4,missing_file
47670,raw/videos/47670.mp4,missing_file
47673,raw/videos/47673.mp4,missing_file
47674,raw/videos/47674.mp4,missing_file
47721,raw/videos/47721.mp4,missing_file
47723,raw/videos/47723.mp4,missing_file
47725,raw/videos/47725.mp4,missing_file
47726,raw/videos/47726.mp4,missing_file
47729,raw/videos/47729.mp4,missing_file
47735,raw/videos/47735.mp4,missing_file
47782,raw/videos/47782.mp4,missing_file
47791,raw/videos/47791.mp4,missing_file
47792,raw/videos/47792.mp4,missing_file
47793,raw/videos/47793.mp4,missing_file
47802,raw/videos/47802.mp4,missing_file
47808,raw/videos/47808.mp4,missing_file
47810,raw/videos/47810.mp4,missing_file
47837,raw/videos/47837.mp4,missing_file
47842,raw/videos/47842.mp4,missing_file
47845,raw/videos/47845.mp4,missing_file
47849,raw/videos/47849.mp4,missing_file
47857,raw/videos/47857.mp4,missing_file
47860,raw/videos/47860.mp4,missing_file
47863,raw/videos/47863.mp4,missing_file
47898,raw/videos/47898.mp4,missing_file
47907,raw/videos/47907.mp4,missing_file
47911,raw/videos/47911.mp4,missing_file
47984,raw/videos/47984.mp4,missing_file
47986,raw/videos/47986.mp4,missing_file
48019,raw/videos/48019.mp4,missing_file
48027,raw/videos/48027.mp4,missing_file
48030,raw/videos/48030.mp4,missing_file
48031,raw/videos/48031.mp4,missing_file
48038,raw/videos/48038.mp4,missing_file
48045,raw/videos/48045.mp4,missing_file
48047,raw/videos/48047.mp4,missing_file
48049,raw/videos/48049.mp4,missing_file
48052,raw/videos/48052.mp4,missing_file
48053,raw/videos/48053.mp4,missing_file
48072,raw/videos/48072.mp4,missing_file
48075,raw/videos/48075.mp4,missing_file
48076,raw/videos/48076.mp4,missing_file
48078,raw/videos/48078.mp4,missing_file
48111,raw/videos/48111.mp4,missing_file
48112,raw/videos/48112.mp4,missing_file
48117,raw/videos/48117.mp4,missing_file
48120,raw/videos/48120.mp4,missing_file
48122,raw/videos/48122.mp4,missing_file
48123,raw/videos/48123.mp4,missing_file
48164,raw/videos/48164.mp4,missing_file
48170,raw/videos/48170.mp4,missing_file
48172,raw/videos/48172.mp4,missing_file
48207,raw/videos/48207.mp4,missing_file
48214,raw/videos/48214.mp4,missing_file
48215,raw/videos/48215.mp4,missing_file
48222,raw/videos/48222.mp4,missing_file
48249,raw/videos/48249.mp4,missing_file
48254,raw/videos/48254.mp4,missing_file
48256,raw/videos/48256.mp4,missing_file
48257,raw/videos/48257.mp4,missing_file
48264,raw/videos/48264.mp4,missing_file
48275,raw/videos/48275.mp4,missing_file
48276,raw/videos/48276.mp4,missing_file
48278,raw/videos/48278.mp4,missing_file
48297,raw/videos/48297.mp4,missing_file
48300,raw/videos/48300.mp4,missing_file
48302,raw/videos/48302.mp4,missing_file
48304,raw/videos/48304.mp4,missing_file
48305,raw/videos/48305.mp4,missing_file
48312,raw/videos/48312.mp4,missing_file
48339,raw/videos/48339.mp4,missing_file
48342,raw/videos/48342.mp4,missing_file
48343,raw/videos/48343.mp4,missing_file
48345,raw/videos/48345.mp4,missing_file
48375,raw/videos/48375.mp4,missing_file
48377,raw/videos/48377.mp4,missing_file
48403,raw/videos/48403.mp4,missing_file
48407,raw/videos/48407.mp4,missing_file
48409,raw/videos/48409.mp4,missing_file
48487,raw/videos/48487.mp4,missing_file
48492,raw/videos/48492.mp4,missing_file
48495,raw/videos/48495.mp4,missing_file
48497,raw/videos/48497.mp4,missing_file
48498,raw/videos/48498.mp4,missing_file
48507,raw/videos/48507.mp4,missing_file
48515,raw/videos/48515.mp4,missing_file
48518,raw/videos/48518.mp4,missing_file
48519,raw/videos/48519.mp4,missing_file
48520,raw/videos/48520.mp4,missing_file
48524,raw/videos/48524.mp4,missing_file
48537,raw/videos/48537.mp4,missing_file
48541,raw/videos/48541.mp4,missing_file
48543,raw/videos/48543.mp4,missing_file
48544,raw/videos/48544.mp4,missing_file
48556,raw/videos/48556.mp4,missing_file
48559,raw/videos/48559.mp4,missing_file
48561,raw/videos/48561.mp4,missing_file
48562,raw/videos/48562.mp4,missing_file
48568,raw/videos/48568.mp4,missing_file
48571,raw/videos/48571.mp4,missing_file
48603,raw/videos/48603.mp4,missing_file
48609,raw/videos/48609.mp4,missing_file
48612,raw/videos/48612.mp4,missing_file
48613,raw/videos/48613.mp4,missing_file
48687,raw/videos/48687.mp4,missing_file
48689,raw/videos/48689.mp4,missing_file
48690,raw/videos/48690.mp4,missing_file
48713,raw/videos/48713.mp4,missing_file
48717,raw/videos/48717.mp4,missing_file
48718,raw/videos/48718.mp4,missing_file
48729,raw/videos/48729.mp4,missing_file
48733,raw/videos/48733.mp4,missing_file
48735,raw/videos/48735.mp4,missing_file
48738,raw/videos/48738.mp4,missing_file
48744,raw/videos/48744.mp4,missing_file
48748,raw/videos/48748.mp4,missing_file
48749,raw/videos/48749.mp4,missing_file
48750,raw/videos/48750.mp4,missing_file
48804,raw/videos/48804.mp4,missing_file
48805,raw/videos/48805.mp4,missing_file
48814,raw/videos/48814.mp4,missing_file
48816,raw/videos/48816.mp4,missing_file
48817,raw/videos/48817.mp4,missing_file
48818,raw/videos/48818.mp4,missing_file
48819,raw/videos/48819.mp4,missing_file
48824,raw/videos/48824.mp4,missing_file
48885,raw/videos/48885.mp4,missing_file
48892,raw/videos/48892.mp4,missing_file
48895,raw/videos/48895.mp4,missing_file
48896,raw/videos/48896.mp4,missing_file
48898,raw/videos/48898.mp4,missing_file
48905,raw/videos/48905.mp4,missing_file
48909,raw/videos/48909.mp4,missing_file
48910,raw/videos/48910.mp4,missing_file
48911,raw/videos/48911.mp4,missing_file
48912,raw/videos/48912.mp4,missing_file
48933,raw/videos/48933.mp4,missing_file
48965,raw/videos/48965.mp4,missing_file
48977,raw/videos/48977.mp4,missing_file
48980,raw/videos/48980.mp4,missing_file
48981,raw/videos/48981.mp4,missing_file
48982,raw/videos/48982.mp4,missing_file
48998,raw/videos/48998.mp4,missing_file
49003,raw/videos/49003.mp4,missing_file
49005,raw/videos/49005.mp4,missing_file
49073,raw/videos/49073.mp4,missing_file
49080,raw/videos/49080.mp4,missing_file
49082,raw/videos/49082.mp4,missing_file
49083,raw/videos/49083.mp4,missing_file
49088,raw/videos/49088.mp4,missing_file
49091,raw/videos/49091.mp4,missing_file
49127,raw/videos/49127.mp4,missing_file
49133,raw/videos/49133.mp4,missing_file
49136,raw/videos/49136.mp4,missing_file
49137,raw/videos/49137.mp4,missing_file
49138,raw/videos/49138.mp4,missing_file
49139,raw/videos/49139.mp4,missing_file
49148,raw/videos/49148.mp4,missing_file
49151,raw/videos/49151.mp4,missing_file
49153,raw/videos/49153.mp4,missing_file
49154,raw/videos/49154.mp4,missing_file
49155,raw/videos/49155.mp4,missing_file
49179,raw/videos/49179.mp4,missing_file
49180,raw/videos/49180.mp4,missing_file
49184,raw/videos/49184.mp4,missing_file
49185,raw/videos/49185.mp4,missing_file
49186,raw/videos/49186.mp4,missing_file
49187,raw/videos/49187.mp4,missing_file
49244,raw/videos/49244.mp4,missing_file
49249,raw/videos/49249.mp4,missing_file
49253,raw/videos/49253.mp4,missing_file
49254,raw/videos/49254.mp4,missing_file
49317,raw/videos/49317.mp4,missing_file
49321,raw/videos/49321.mp4,missing_file
49322,raw/videos/49322.mp4,missing_file
49323,raw/videos/49323.mp4,missing_file
49327,raw/videos/49327.mp4,missing_file
49331,raw/videos/49331.mp4,missing_file
49332,raw/videos/49332.mp4,missing_file
49333,raw/videos/49333.mp4,missing_file
49336,raw/videos/49336.mp4,missing_file
49337,raw/videos/49337.mp4,missing_file
49341,raw/videos/49341.mp4,missing_file
49344,raw/videos/49344.mp4,missing_file
49346,raw/videos/49346.mp4,missing_file
49348,raw/videos/49348.mp4,missing_file
49357,raw/videos/49357.mp4,missing_file
49361,raw/videos/49361.mp4,missing_file
49363,raw/videos/49363.mp4,missing_file
49364,raw/videos/49364.mp4,missing_file
49367,raw/videos/49367.mp4,missing_file
49375,raw/videos/49375.mp4,missing_file
49376,raw/videos/49376.mp4,missing_file
49377,raw/videos/49377.mp4,missing_file
49381,raw/videos/49381.mp4,missing_file
49382,raw/videos/49382.mp4,missing_file
49408,raw/videos/49408.mp4,missing_file
49412,raw/videos/49412.mp4,missing_file
49418,raw/videos/49418.mp4,missing_file
49427,raw/videos/49427.mp4,missing_file
49431,raw/videos/49431.mp4,missing_file
49434,raw/videos/49434.mp4,missing_file
49435,raw/videos/49435.mp4,missing_file
49461,raw/videos/49461.mp4,missing_file
49462,raw/videos/49462.mp4,missing_file
49464,raw/videos/49464.mp4,missing_file
49475,raw/videos/49475.mp4,missing_file
49481,raw/videos/49481.mp4,missing_file
49485,raw/videos/49485.mp4,missing_file
49486,raw/videos/49486.mp4,missing_file
49537,raw/videos/49537.mp4,missing_file
49541,raw/videos/49541.mp4,missing_file
49543,raw/videos/49543.mp4,missing_file
49544,raw/videos/49544.mp4,missing_file
49545,raw/videos/49545.mp4,missing_file
49546,raw/videos/49546.mp4,missing_file
49577,raw/videos/49577.mp4,missing_file
49601,raw/videos/49601.mp4,missing_file
49603,raw/videos/49603.mp4,missing_file
49604,raw/videos/49604.mp4,missing_file
49605,raw/videos/49605.mp4,missing_file
49627,raw/videos/49627.mp4,missing_file
49636,raw/videos/49636.mp4,missing_file
49638,raw/videos/49638.mp4,missing_file
49639,raw/videos/49639.mp4,missing_file
49643,raw/videos/49643.mp4,missing_file
49647,raw/videos/49647.mp4,missing_file
49649,raw/videos/49649.mp4,missing_file
49650,raw/videos/49650.mp4,missing_file
49652,raw/videos/49652.mp4,missing_file
49657,raw/videos/49657.mp4,missing_file
49660,raw/videos/49660.mp4,missing_file
49661,raw/videos/49661.mp4,missing_file
49662,raw/videos/49662.mp4,missing_file
49666,raw/videos/49666.mp4,missing_file
49670,raw/videos/49670.mp4,missing_file
49671,raw/videos/49671.mp4,missing_file
49674,raw/videos/49674.mp4,missing_file
49689,raw/videos/49689.mp4,missing_file
49696,raw/videos/49696.mp4,missing_file
49726,raw/videos/49726.mp4,missing_file
49731,raw/videos/49731.mp4,missing_file
49733,raw/videos/49733.mp4,missing_file
49735,raw/videos/49735.mp4,missing_file
49776,raw/videos/49776.mp4,missing_file
49782,raw/videos/49782.mp4,missing_file
49784,raw/videos/49784.mp4,missing_file
49785,raw/videos/49785.mp4,missing_file
49803,raw/videos/49803.mp4,missing_file
49808,raw/videos/49808.mp4,missing_file
49810,raw/videos/49810.mp4,missing_file
49884,raw/videos/49884.mp4,missing_file
49901,raw/videos/49901.mp4,missing_file
49904,raw/videos/49904.mp4,missing_file
49935,raw/videos/49935.mp4,missing_file
49937,raw/videos/49937.mp4,missing_file
49938,raw/videos/49938.mp4,missing_file
49939,raw/videos/49939.mp4,missing_file
50010,raw/videos/50010.mp4,missing_file
50011,raw/videos/50011.mp4,missing_file
50012,raw/videos/50012.mp4,missing_file
50021,raw/videos/50021.mp4,missing_file
50035,raw/videos/50035.mp4,missing_file
50036,raw/videos/50036.mp4,missing_file
50042,raw/videos/50042.mp4,missing_file
50043,raw/videos/50043.mp4,missing_file
50047,raw/videos/50047.mp4,missing_file
50048,raw/videos/50048.mp4,missing_file
50049,raw/videos/50049.mp4,missing_file
50050,raw/videos/50050.mp4,missing_file
50051,raw/videos/50051.mp4,missing_file
50057,raw/videos/50057.mp4,missing_file
50062,raw/videos/50062.mp4,missing_file
50064,raw/videos/50064.mp4,missing_file
50065,raw/videos/50065.mp4,missing_file
50107,raw/videos/50107.mp4,missing_file
50123,raw/videos/50123.mp4,missing_file
50126,raw/videos/50126.mp4,missing_file
50127,raw/videos/50127.mp4,missing_file
50138,raw/videos/50138.mp4,missing_file
50141,raw/videos/50141.mp4,missing_file
50142,raw/videos/50142.mp4,missing_file
50145,raw/videos/50145.mp4,missing_file
50192,raw/videos/50192.mp4,missing_file
50193,raw/videos/50193.mp4,missing_file
50194,raw/videos/50194.mp4,missing_file
50200,raw/videos/50200.mp4,missing_file
50243,raw/videos/50243.mp4,missing_file
50247,raw/videos/50247.mp4,missing_file
50248,raw/videos/50248.mp4,missing_file
50250,raw/videos/50250.mp4,missing_file
50263,raw/videos/50263.mp4,missing_file
50270,raw/videos/50270.mp4,missing_file
50272,raw/videos/50272.mp4,missing_file
50273,raw/videos/50273.mp4,missing_file
50316,raw/videos/50316.mp4,missing_file
50320,raw/videos/50320.mp4,missing_file
50322,raw/videos/50322.mp4,missing_file
50323,raw/videos/50323.mp4,missing_file
50328,raw/videos/50328.mp4,missing_file
50333,raw/videos/50333.mp4,missing_file
50334,raw/videos/50334.mp4,missing_file
50338,raw/videos/50338.mp4,missing_file
50339,raw/videos/50339.mp4,missing_file
50340,raw/videos/50340.mp4,missing_file
50356,raw/videos/50356.mp4,missing_file
50371,raw/videos/50371.mp4,missing_file
50397,raw/videos/50397.mp4,missing_file
50400,raw/videos/50400.mp4,missing_file
50401,raw/videos/50401.mp4,missing_file
50403,raw/videos/50403.mp4,missing_file
50407,raw/videos/50407.mp4,missing_file
50412,raw/videos/50412.mp4,missing_file
50413,raw/videos/50413.mp4,missing_file
50416,raw/videos/50416.mp4,missing_file
50418,raw/videos/50418.mp4,missing_file
50419,raw/videos/50419.mp4,missing_file
50427,raw/videos/50427.mp4,missing_file
50438,raw/videos/50438.mp4,missing_file
50441,raw/videos/50441.mp4,missing_file
50442,raw/videos/50442.mp4,missing_file
50449,raw/videos/50449.mp4,missing_file
50455,raw/videos/50455.mp4,missing_file
50457,raw/videos/50457.mp4,missing_file
50465,raw/videos/50465.mp4,missing_file
50474,raw/videos/50474.mp4,missing_file
50502,raw/videos/50502.mp4,missing_file
50507,raw/videos/50507.mp4,missing_file
50509,raw/videos/50509.mp4,missing_file
50510,raw/videos/50510.mp4,missing_file
50511,raw/videos/50511.mp4,missing_file
50528,raw/videos/50528.mp4,missing_file
50533,raw/videos/50533.mp4,missing_file
50535,raw/videos/50535.mp4,missing_file
50536,raw/videos/50536.mp4,missing_file
50546,raw/videos/50546.mp4,missing_file
50552,raw/videos/50552.mp4,missing_file
50554,raw/videos/50554.mp4,missing_file
50578,raw/videos/50578.mp4,missing_file
50583,raw/videos/50583.mp4,missing_file
50586,raw/videos/50586.mp4,missing_file
50619,raw/videos/50619.mp4,missing_file
50621,raw/videos/50621.mp4,missing_file
50622,raw/videos/50622.mp4,missing_file
50703,raw/videos/50703.mp4,missing_file
50706,raw/videos/50706.mp4,missing_file
50708,raw/videos/50708.mp4,missing_file
50719,raw/videos/50719.mp4,missing_file
50722,raw/videos/50722.mp4,missing_file
50725,raw/videos/50725.mp4,missing_file
50726,raw/videos/50726.mp4,missing_file
50809,raw/videos/50809.mp4,missing_file
50816,raw/videos/50816.mp4,missing_file
50818,raw/videos/50818.mp4,missing_file
50825,raw/videos/50825.mp4,missing_file
50829,raw/videos/50829.mp4,missing_file
50831,raw/videos/50831.mp4,missing_file
50834,raw/videos/50834.mp4,missing_file
50840,raw/videos/50840.mp4,missing_file
50842,raw/videos/50842.mp4,missing_file
50843,raw/videos/50843.mp4,missing_file
50844,raw/videos/50844.mp4,missing_file
50846,raw/videos/50846.mp4,missing_file
50852,raw/videos/50852.mp4,missing_file
50853,raw/videos/50853.mp4,missing_file
50854,raw/videos/50854.mp4,missing_file
50857,raw/videos/50857.mp4,missing_file
50858,raw/videos/50858.mp4,missing_file
50859,raw/videos/50859.mp4,missing_file
50860,raw/videos/50860.mp4,missing_file
50861,raw/videos/50861.mp4,missing_file
50890,raw/videos/50890.mp4,missing_file
50898,raw/videos/50898.mp4,missing_file
50903,raw/videos/50903.mp4,missing_file
50918,raw/videos/50918.mp4,missing_file
50932,raw/videos/50932.mp4,missing_file
50937,raw/videos/50937.mp4,missing_file
50939,raw/videos/50939.mp4,missing_file
50940,raw/videos/50940.mp4,missing_file
50941,raw/videos/50941.mp4,missing_file
50950,raw/videos/50950.mp4,missing_file
50953,raw/videos/50953.mp4,missing_file
50956,raw/videos/50956.mp4,missing_file
50959,raw/videos/50959.mp4,missing_file
50961,raw/videos/50961.mp4,missing_file
50962,raw/videos/50962.mp4,missing_file
51019,raw/videos/51019.mp4,missing_file
51026,raw/videos/51026.mp4,missing_file
51028,raw/videos/51028.mp4,missing_file
51054,raw/videos/51054.mp4,missing_file
51069,raw/videos/51069.mp4,missing_file
51070,raw/videos/51070.mp4,missing_file
51071,raw/videos/51071.mp4,missing_file
51072,raw/videos/51072.mp4,missing_file
51077,raw/videos/51077.mp4,missing_file
51094,raw/videos/51094.mp4,missing_file
51112,raw/videos/51112.mp4,missing_file
51132,raw/videos/51132.mp4,missing_file
51134,raw/videos/51134.mp4,missing_file
51137,raw/videos/51137.mp4,missing_file
51138,raw/videos/51138.mp4,missing_file
51139,raw/videos/51139.mp4,missing_file
51157,raw/videos/51157.mp4,missing_file
51163,raw/videos/51163.mp4,missing_file
51179,raw/videos/51179.mp4,missing_file
51182,raw/videos/51182.mp4,missing_file
51183,raw/videos/51183.mp4,missing_file
51200,raw/videos/51200.mp4,missing_file
51201,raw/videos/51201.mp4,missing_file
51202,raw/videos/51202.mp4,missing_file
51203,raw/videos/51203.mp4,missing_file
51204,raw/videos/51204.mp4,missing_file
51206,raw/videos/51206.mp4,missing_file
51228,raw/videos/51228.mp4,missing_file
51229,raw/videos/51229.mp4,missing_file
51230,raw/videos/51230.mp4,missing_file
51234,raw/videos/51234.mp4,missing_file
51272,raw/videos/51272.mp4,missing_file
51273,raw/videos/51273.mp4,missing_file
51277,raw/videos/51277.mp4,missing_file
51280,raw/videos/51280.mp4,missing_file
51291,raw/videos/51291.mp4,missing_file
51293,raw/videos/51293.mp4,missing_file
51294,raw/videos/51294.mp4,missing_file
51299,raw/videos/51299.mp4,missing_file
51302,raw/videos/51302.mp4,missing_file
51304,raw/videos/51304.mp4,missing_file
51305,raw/videos/51305.mp4,missing_file
51312,raw/videos/51312.mp4,missing_file
51314,raw/videos/51314.mp4,missing_file
51316,raw/videos/51316.mp4,missing_file
51325,raw/videos/51325.mp4,missing_file
51332,raw/videos/51332.mp4,missing_file
51336,raw/videos/51336.mp4,missing_file
51337,raw/videos/51337.mp4,missing_file
51338,raw/videos/51338.mp4,missing_file
51339,raw/videos/51339.mp4,missing_file
51349,raw/videos/51349.mp4,missing_file
51350,raw/videos/51350.mp4,missing_file
51351,raw/videos/51351.mp4,missing_file
51352,raw/videos/51352.mp4,missing_file
51357,raw/videos/51357.mp4,missing_file
51358,raw/videos/51358.mp4,missing_file
51400,raw/videos/51400.mp4,missing_file
51406,raw/videos/51406.mp4,missing_file
51407,raw/videos/51407.mp4,missing_file
51427,raw/videos/51427.mp4,missing_file
51429,raw/videos/51429.mp4,missing_file
51474,raw/videos/51474.mp4,missing_file
51479,raw/videos/51479.mp4,missing_file
51481,raw/videos/51481.mp4,missing_file
51494,raw/videos/51494.mp4,missing_file
51505,raw/videos/51505.mp4,missing_file
51506,raw/videos/51506.mp4,missing_file
51514,raw/videos/51514.mp4,missing_file
51515,raw/videos/51515.mp4,missing_file
51516,raw/videos/51516.mp4,missing_file
51530,raw/videos/51530.mp4,missing_file
51547,raw/videos/51547.mp4,missing_file
51549,raw/videos/51549.mp4,missing_file
51550,raw/videos/51550.mp4,missing_file
51551,raw/videos/51551.mp4,missing_file
51630,raw/videos/51630.mp4,missing_file
51633,raw/videos/51633.mp4,missing_file
51657,raw/videos/51657.mp4,missing_file
51661,raw/videos/51661.mp4,missing_file
51665,raw/videos/51665.mp4,missing_file
51689,raw/videos/51689.mp4,missing_file
51691,raw/videos/51691.mp4,missing_file
51692,raw/videos/51692.mp4,missing_file
51693,raw/videos/51693.mp4,missing_file
51694,raw/videos/51694.mp4,missing_file
51695,raw/videos/51695.mp4,missing_file
51702,raw/videos/51702.mp4,missing_file
51707,raw/videos/51707.mp4,missing_file
51711,raw/videos/51711.mp4,missing_file
51725,raw/videos/51725.mp4,missing_file
51732,raw/videos/51732.mp4,missing_file
51733,raw/videos/51733.mp4,missing_file
51737,raw/videos/51737.mp4,missing_file
51747,raw/videos/51747.mp4,missing_file
51753,raw/videos/51753.mp4,missing_file
51756,raw/videos/51756.mp4,missing_file
51771,raw/videos/51771.mp4,missing_file
51772,raw/videos/51772.mp4,missing_file
51776,raw/videos/51776.mp4,missing_file
51779,raw/videos/51779.mp4,missing_file
51780,raw/videos/51780.mp4,missing_file
51787,raw/videos/51787.mp4,missing_file
51795,raw/videos/51795.mp4,missing_file
51797,raw/videos/51797.mp4,missing_file
51799,raw/videos/51799.mp4,missing_file
51805,raw/videos/51805.mp4,missing_file
51808,raw/videos/51808.mp4,missing_file
51813,raw/videos/51813.mp4,missing_file
51816,raw/videos/51816.mp4,missing_file
51820,raw/videos/51820.mp4,missing_file
51821,raw/videos/51821.mp4,missing_file
51822,raw/videos/51822.mp4,missing_file
51823,raw/videos/51823.mp4,missing_file
51828,raw/videos/51828.mp4,missing_file
51830,raw/videos/51830.mp4,missing_file
51873,raw/videos/51873.mp4,missing_file
51875,raw/videos/51875.mp4,missing_file
51882,raw/videos/51882.mp4,missing_file
51888,raw/videos/51888.mp4,missing_file
51892,raw/videos/51892.mp4,missing_file
51893,raw/videos/51893.mp4,missing_file
51894,raw/videos/51894.mp4,missing_file
51901,raw/videos/51901.mp4,missing_file
51920,raw/videos/51920.mp4,missing_file
51924,raw/videos/51924.mp4,missing_file
51925,raw/videos/51925.mp4,missing_file
51926,raw/videos/51926.mp4,missing_file
51932,raw/videos/51932.mp4,missing_file
51936,raw/videos/51936.mp4,missing_file
51938,raw/videos/51938.mp4,missing_file
51939,raw/videos/51939.mp4,missing_file
51956,raw/videos/51956.mp4,missing_file
51958,raw/videos/51958.mp4,missing_file
51959,raw/videos/51959.mp4,missing_file
51985,raw/videos/51985.mp4,missing_file
52045,raw/videos/52045.mp4,missing_file
52048,raw/videos/52048.mp4,missing_file
52050,raw/videos/52050.mp4,missing_file
52053,raw/videos/52053.mp4,missing_file
52074,raw/videos/52074.mp4,missing_file
52075,raw/videos/52075.mp4,missing_file
52081,raw/videos/52081.mp4,missing_file
52084,raw/videos/52084.mp4,missing_file
52085,raw/videos/52085.mp4,missing_file
52088,raw/videos/52088.mp4,missing_file
52102,raw/videos/52102.mp4,missing_file
52106,raw/videos/52106.mp4,missing_file
52109,raw/videos/52109.mp4,missing_file
52114,raw/videos/52114.mp4,missing_file
52125,raw/videos/52125.mp4,missing_file
52127,raw/videos/52127.mp4,missing_file
52137,raw/videos/52137.mp4,missing_file
52145,raw/videos/52145.mp4,missing_file
52146,raw/videos/52146.mp4,missing_file
52149,raw/videos/52149.mp4,missing_file
52150,raw/videos/52150.mp4,missing_file
52156,raw/videos/52156.mp4,missing_file
52165,raw/videos/52165.mp4,missing_file
52168,raw/videos/52168.mp4,missing_file
52172,raw/videos/52172.mp4,missing_file
52176,raw/videos/52176.mp4,missing_file
52177,raw/videos/52177.mp4,missing_file
52178,raw/videos/52178.mp4,missing_file
52180,raw/videos/52180.mp4,missing_file
52182,raw/videos/52182.mp4,missing_file
52183,raw/videos/52183.mp4,missing_file
52197,raw/videos/52197.mp4,missing_file
52202,raw/videos/52202.mp4,missing_file
52204,raw/videos/52204.mp4,missing_file
52213,raw/videos/52213.mp4,missing_file
52219,raw/videos/52219.mp4,missing_file
52220,raw/videos/52220.mp4,missing_file
52233,raw/videos/52233.mp4,missing_file
52236,raw/videos/52236.mp4,missing_file
52237,raw/videos/52237.mp4,missing_file
52287,raw/videos/52287.mp4,missing_file
52292,raw/videos/52292.mp4,missing_file
52294,raw/videos/52294.mp4,missing_file
52295,raw/videos/52295.mp4,missing_file
52314,raw/videos/52314.mp4,missing_file
52319,raw/videos/52319.mp4,missing_file
52321,raw/videos/52321.mp4,missing_file
52322,raw/videos/52322.mp4,missing_file
52323,raw/videos/52323.mp4,missing_file
52347,raw/videos/52347.mp4,missing_file
52350,raw/videos/52350.mp4,missing_file
52351,raw/videos/52351.mp4,missing_file
52372,raw/videos/52372.mp4,missing_file
52376,raw/videos/52376.mp4,missing_file
52379,raw/videos/52379.mp4,missing_file
52380,raw/videos/52380.mp4,missing_file
52431,raw/videos/52431.mp4,missing_file
52432,raw/videos/52432.mp4,missing_file
52440,raw/videos/52440.mp4,missing_file
52502,raw/videos/52502.mp4,missing_file
52511,raw/videos/52511.mp4,missing_file
52513,raw/videos/52513.mp4,missing_file
52514,raw/videos/52514.mp4,missing_file
52550,raw/videos/52550.mp4,missing_file
52558,raw/videos/52558.mp4,missing_file
52559,raw/videos/52559.mp4,missing_file
52562,raw/videos/52562.mp4,missing_file
52564,raw/videos/52564.mp4,missing_file
52565,raw/videos/52565.mp4,missing_file
52570,raw/videos/52570.mp4,missing_file
52583,raw/videos/52583.mp4,missing_file
52588,raw/videos/52588.mp4,missing_file
52602,raw/videos/52602.mp4,missing_file
52605,raw/videos/52605.mp4,missing_file
52607,raw/videos/52607.mp4,missing_file
52608,raw/videos/52608.mp4,missing_file
52613,raw/videos/52613.mp4,missing_file
52618,raw/videos/52618.mp4,missing_file
52619,raw/videos/52619.mp4,missing_file
52622,raw/videos/52622.mp4,missing_file
52652,raw/videos/52652.mp4,missing_file
52653,raw/videos/52653.mp4,missing_file
52654,raw/videos/52654.mp4,missing_file
52655,raw/videos/52655.mp4,missing_file
52659,raw/videos/52659.mp4,missing_file
52664,raw/videos/52664.mp4,missing_file
52666,raw/videos/52666.mp4,missing_file
52683,raw/videos/52683.mp4,missing_file
52690,raw/videos/52690.mp4,missing_file
52693,raw/videos/52693.mp4,missing_file
52707,raw/videos/52707.mp4,missing_file
52715,raw/videos/52715.mp4,missing_file
52717,raw/videos/52717.mp4,missing_file
52718,raw/videos/52718.mp4,missing_file
52719,raw/videos/52719.mp4,missing_file
52763,raw/videos/52763.mp4,missing_file
52766,raw/videos/52766.mp4,missing_file
52768,raw/videos/52768.mp4,missing_file
52769,raw/videos/52769.mp4,missing_file
52792,raw/videos/52792.mp4,missing_file
52801,raw/videos/52801.mp4,missing_file
52834,raw/videos/52834.mp4,missing_file
52861,raw/videos/52861.mp4,missing_file
52864,raw/videos/52864.mp4,missing_file
52865,raw/videos/52865.mp4,missing_file
52866,raw/videos/52866.mp4,missing_file
52873,raw/videos/52873.mp4,missing_file
52875,raw/videos/52875.mp4,missing_file
52876,raw/videos/52876.mp4,missing_file
52913,raw/videos/52913.mp4,missing_file
52922,raw/videos/52922.mp4,missing_file
52923,raw/videos/52923.mp4,missing_file
52924,raw/videos/52924.mp4,missing_file
52925,raw/videos/52925.mp4,missing_file
52937,raw/videos/52937.mp4,missing_file
52942,raw/videos/52942.mp4,missing_file
52944,raw/videos/52944.mp4,missing_file
52945,raw/videos/52945.mp4,missing_file
52990,raw/videos/52990.mp4,missing_file
52995,raw/videos/52995.mp4,missing_file
52998,raw/videos/52998.mp4,missing_file
53017,raw/videos/53017.mp4,missing_file
53018,raw/videos/53018.mp4,missing_file
53021,raw/videos/53021.mp4,missing_file
53023,raw/videos/53023.mp4,missing_file
53027,raw/videos/53027.mp4,missing_file
53029,raw/videos/53029.mp4,missing_file
53035,raw/videos/53035.mp4,missing_file
53040,raw/videos/53040.mp4,missing_file
53042,raw/videos/53042.mp4,missing_file
53046,raw/videos/53046.mp4,missing_file
53069,raw/videos/53069.mp4,missing_file
53071,raw/videos/53071.mp4,missing_file
53072,raw/videos/53072.mp4,missing_file
53122,raw/videos/53122.mp4,missing_file
53124,raw/videos/53124.mp4,missing_file
53125,raw/videos/53125.mp4,missing_file
53152,raw/videos/53152.mp4,missing_file
53156,raw/videos/53156.mp4,missing_file
53158,raw/videos/53158.mp4,missing_file
53159,raw/videos/53159.mp4,missing_file
53177,raw/videos/53177.mp4,missing_file
53181,raw/videos/53181.mp4,missing_file
53183,raw/videos/53183.mp4,missing_file
53190,raw/videos/53190.mp4,missing_file
53201,raw/videos/53201.mp4,missing_file
53202,raw/videos/53202.mp4,missing_file
53211,raw/videos/53211.mp4,missing_file
53213,raw/videos/53213.mp4,missing_file
53214,raw/videos/53214.mp4,missing_file
53215,raw/videos/53215.mp4,missing_file
53217,raw/videos/53217.mp4,missing_file
53219,raw/videos/53219.mp4,missing_file
53221,raw/videos/53221.mp4,missing_file
53222,raw/videos/53222.mp4,missing_file
53228,raw/videos/53228.mp4,missing_file
53232,raw/videos/53232.mp4,missing_file
53234,raw/videos/53234.mp4,missing_file
53239,raw/videos/53239.mp4,missing_file
53244,raw/videos/53244.mp4,missing_file
53245,raw/videos/53245.mp4,missing_file
53246,raw/videos/53246.mp4,missing_file
53251,raw/videos/53251.mp4,missing_file
53254,raw/videos/53254.mp4,missing_file
53256,raw/videos/53256.mp4,missing_file
53258,raw/videos/53258.mp4,missing_file
53260,raw/videos/53260.mp4,missing_file
53263,raw/videos/53263.mp4,missing_file
53266,raw/videos/53266.mp4,missing_file
53272,raw/videos/53272.mp4,missing_file
53276,raw/videos/53276.mp4,missing_file
53277,raw/videos/53277.mp4,missing_file
53278,raw/videos/53278.mp4,missing_file
53290,raw/videos/53290.mp4,missing_file
53297,raw/videos/53297.mp4,missing_file
53298,raw/videos/53298.mp4,missing_file
53302,raw/videos/53302.mp4,missing_file
53303,raw/videos/53303.mp4,missing_file
53346,raw/videos/53346.mp4,missing_file
53348,raw/videos/53348.mp4,missing_file
53363,raw/videos/53363.mp4,missing_file
53368,raw/videos/53368.mp4,missing_file
53372,raw/videos/53372.mp4,missing_file
53373,raw/videos/53373.mp4,missing_file
53374,raw/videos/53374.mp4,missing_file
53402,raw/videos/53402.mp4,missing_file
53407,raw/videos/53407.mp4,missing_file
53413,raw/videos/53413.mp4,missing_file
53418,raw/videos/53418.mp4,missing_file
53419,raw/videos/53419.mp4,missing_file
53421,raw/videos/53421.mp4,missing_file
53422,raw/videos/53422.mp4,missing_file
53427,raw/videos/53427.mp4,missing_file
53430,raw/videos/53430.mp4,missing_file
53432,raw/videos/53432.mp4,missing_file
53433,raw/videos/53433.mp4,missing_file
53435,raw/videos/53435.mp4,missing_file
53446,raw/videos/53446.mp4,missing_file
53450,raw/videos/53450.mp4,missing_file
53451,raw/videos/53451.mp4,missing_file
53453,raw/videos/53453.mp4,missing_file
53461,raw/videos/53461.mp4,missing_file
53462,raw/videos/53462.mp4,missing_file
53487,raw/videos/53487.mp4,missing_file
53489,raw/videos/53489.mp4,missing_file
53490,raw/videos/53490.mp4,missing_file
53491,raw/videos/53491.mp4,missing_file
53492,raw/videos/53492.mp4,missing_file
53543,raw/videos/53543.mp4,missing_file
53549,raw/videos/53549.mp4,missing_file
53551,raw/videos/53551.mp4,missing_file
53553,raw/videos/53553.mp4,missing_file
53554,raw/videos/53554.mp4,missing_file
53555,raw/videos/53555.mp4,missing_file
53567,raw/videos/53567.mp4,missing_file
53569,raw/videos/53569.mp4,missing_file
53611,raw/videos/53611.mp4,missing_file
53624,raw/videos/53624.mp4,missing_file
53625,raw/videos/53625.mp4,missing_file
53640,raw/videos/53640.mp4,missing_file
53645,raw/videos/53645.mp4,missing_file
53647,raw/videos/53647.mp4,missing_file
53664,raw/videos/53664.mp4,missing_file
53669,raw/videos/53669.mp4,missing_file
53673,raw/videos/53673.mp4,missing_file
53693,raw/videos/53693.mp4,missing_file
53705,raw/videos/53705.mp4,missing_file
53708,raw/videos/53708.mp4,missing_file
53733,raw/videos/53733.mp4,missing_file
53739,raw/videos/53739.mp4,missing_file
53743,raw/videos/53743.mp4,missing_file
53774,raw/videos/53774.mp4,missing_file
53777,raw/videos/53777.mp4,missing_file
53824,raw/videos/53824.mp4,missing_file
53828,raw/videos/53828.mp4,missing_file
53830,raw/videos/53830.mp4,missing_file
53848,raw/videos/53848.mp4,missing_file
53853,raw/videos/53853.mp4,missing_file
53856,raw/videos/53856.mp4,missing_file
53880,raw/videos/53880.mp4,missing_file
53882,raw/videos/53882.mp4,missing_file
53899,raw/videos/53899.mp4,missing_file
53904,raw/videos/53904.mp4,missing_file
53905,raw/videos/53905.mp4,missing_file
53909,raw/videos/53909.mp4,missing_file
53917,raw/videos/53917.mp4,missing_file
53923,raw/videos/53923.mp4,missing_file
53925,raw/videos/53925.mp4,missing_file
54001,raw/videos/54001.mp4,missing_file
54006,raw/videos/54006.mp4,missing_file
54011,raw/videos/54011.mp4,missing_file
54069,raw/videos/54069.mp4,missing_file
54078,raw/videos/54078.mp4,missing_file
54079,raw/videos/54079.mp4,missing_file
54086,raw/videos/54086.mp4,missing_file
54091,raw/videos/54091.mp4,missing_file
54094,raw/videos/54094.mp4,missing_file
54120,raw/videos/54120.mp4,missing_file
54123,raw/videos/54123.mp4,missing_file
54141,raw/videos/54141.mp4,missing_file
54168,raw/videos/54168.mp4,missing_file
54174,raw/videos/54174.mp4,missing_file
54177,raw/videos/54177.mp4,missing_file
54178,raw/videos/54178.mp4,missing_file
54179,raw/videos/54179.mp4,missing_file
54188,raw/videos/54188.mp4,missing_file
54192,raw/videos/54192.mp4,missing_file
54194,raw/videos/54194.mp4,missing_file
54204,raw/videos/54204.mp4,missing_file
54208,raw/videos/54208.mp4,missing_file
54210,raw/videos/54210.mp4,missing_file
54211,raw/videos/54211.mp4,missing_file
54212,raw/videos/54212.mp4,missing_file
54253,raw/videos/54253.mp4,missing_file
54255,raw/videos/54255.mp4,missing_file
54259,raw/videos/54259.mp4,missing_file
54261,raw/videos/54261.mp4,missing_file
54262,raw/videos/54262.mp4,missing_file
54263,raw/videos/54263.mp4,missing_file
54299,raw/videos/54299.mp4,missing_file
54304,raw/videos/54304.mp4,missing_file
54305,raw/videos/54305.mp4,missing_file
54350,raw/videos/54350.mp4,missing_file
54351,raw/videos/54351.mp4,missing_file
54352,raw/videos/54352.mp4,missing_file
54360,raw/videos/54360.mp4,missing_file
54362,raw/videos/54362.mp4,missing_file
54367,raw/videos/54367.mp4,missing_file
54369,raw/videos/54369.mp4,missing_file
54380,raw/videos/54380.mp4,missing_file
54383,raw/videos/54383.mp4,missing_file
54384,raw/videos/54384.mp4,missing_file
54413,raw/videos/54413.mp4,missing_file
54419,raw/videos/54419.mp4,missing_file
54430,raw/videos/54430.mp4,missing_file
54432,raw/videos/54432.mp4,missing_file
54441,raw/videos/54441.mp4,missing_file
54442,raw/videos/54442.mp4,missing_file
54445,raw/videos/54445.mp4,missing_file
54446,raw/videos/54446.mp4,missing_file
54454,raw/videos/54454.mp4,missing_file
54460,raw/videos/54460.mp4,missing_file
54462,raw/videos/54462.mp4,missing_file
54529,raw/videos/54529.mp4,missing_file
54532,raw/videos/54532.mp4,missing_file
54534,raw/videos/54534.mp4,missing_file
54535,raw/videos/54535.mp4,missing_file
54548,raw/videos/54548.mp4,missing_file
54559,raw/videos/54559.mp4,missing_file
54560,raw/videos/54560.mp4,missing_file
54564,raw/videos/54564.mp4,missing_file
54565,raw/videos/54565.mp4,missing_file
54566,raw/videos/54566.mp4,missing_file
54586,raw/videos/54586.mp4,missing_file
54598,raw/videos/54598.mp4,missing_file
54599,raw/videos/54599.mp4,missing_file
54607,raw/videos/54607.mp4,missing_file
54611,raw/videos/54611.mp4,missing_file
54615,raw/videos/54615.mp4,missing_file
54661,raw/videos/54661.mp4,missing_file
54665,raw/videos/54665.mp4,missing_file
54666,raw/videos/54666.mp4,missing_file
54668,raw/videos/54668.mp4,missing_file
54670,raw/videos/54670.mp4,missing_file
54761,raw/videos/54761.mp4,missing_file
54765,raw/videos/54765.mp4,missing_file
54767,raw/videos/54767.mp4,missing_file
54782,raw/videos/54782.mp4,missing_file
54788,raw/videos/54788.mp4,missing_file
54789,raw/videos/54789.mp4,missing_file
54804,raw/videos/54804.mp4,missing_file
54806,raw/videos/54806.mp4,missing_file
54808,raw/videos/54808.mp4,missing_file
54809,raw/videos/54809.mp4,missing_file
54819,raw/videos/54819.mp4,missing_file
54824,raw/videos/54824.mp4,missing_file
54826,raw/videos/54826.mp4,missing_file
54827,raw/videos/54827.mp4,missing_file
54829,raw/videos/54829.mp4,missing_file
54831,raw/videos/54831.mp4,missing_file
54838,raw/videos/54838.mp4,missing_file
54842,raw/videos/54842.mp4,missing_file
54844,raw/videos/54844.mp4,missing_file
54870,raw/videos/54870.mp4,missing_file
54881,raw/videos/54881.mp4,missing_file
54884,raw/videos/54884.mp4,missing_file
54885,raw/videos/54885.mp4,missing_file
54915,raw/videos/54915.mp4,missing_file
54926,raw/videos/54926.mp4,missing_file
54929,raw/videos/54929.mp4,missing_file
54930,raw/videos/54930.mp4,missing_file
54931,raw/videos/54931.mp4,missing_file
54958,raw/videos/54958.mp4,missing_file
54963,raw/videos/54963.mp4,missing_file
54964,raw/videos/54964.mp4,missing_file
54991,raw/videos/54991.mp4,missing_file
54996,raw/videos/54996.mp4,missing_file
54997,raw/videos/54997.mp4,missing_file
55001,raw/videos/55001.mp4,missing_file
55002,raw/videos/55002.mp4,missing_file
55035,raw/videos/55035.mp4,missing_file
55046,raw/videos/55046.mp4,missing_file
55047,raw/videos/55047.mp4,missing_file
55051,raw/videos/55051.mp4,missing_file
55052,raw/videos/55052.mp4,missing_file
55069,raw/videos/55069.mp4,missing_file
55073,raw/videos/55073.mp4,missing_file
55075,raw/videos/55075.mp4,missing_file
55076,raw/videos/55076.mp4,missing_file
55101,raw/videos/55101.mp4,missing_file
55121,raw/videos/55121.mp4,missing_file
55124,raw/videos/55124.mp4,missing_file
55145,raw/videos/55145.mp4,missing_file
55153,raw/videos/55153.mp4,missing_file
55155,raw/videos/55155.mp4,missing_file
55156,raw/videos/55156.mp4,missing_file
55169,raw/videos/55169.mp4,missing_file
55180,raw/videos/55180.mp4,missing_file
55183,raw/videos/55183.mp4,missing_file
55190,raw/videos/55190.mp4,missing_file
55192,raw/videos/55192.mp4,missing_file
55193,raw/videos/55193.mp4,missing_file
55194,raw/videos/55194.mp4,missing_file
55197,raw/videos/55197.mp4,missing_file
55201,raw/videos/55201.mp4,missing_file
55203,raw/videos/55203.mp4,missing_file
55204,raw/videos/55204.mp4,missing_file
55205,raw/videos/55205.mp4,missing_file
55274,raw/videos/55274.mp4,missing_file
55280,raw/videos/55280.mp4,missing_file
55284,raw/videos/55284.mp4,missing_file
55285,raw/videos/55285.mp4,missing_file
55287,raw/videos/55287.mp4,missing_file
55293,raw/videos/55293.mp4,missing_file
55296,raw/videos/55296.mp4,missing_file
55298,raw/videos/55298.mp4,missing_file
55303,raw/videos/55303.mp4,missing_file
55305,raw/videos/55305.mp4,missing_file
55306,raw/videos/55306.mp4,missing_file
55307,raw/videos/55307.mp4,missing_file
55312,raw/videos/55312.mp4,missing_file
55317,raw/videos/55317.mp4,missing_file
55319,raw/videos/55319.mp4,missing_file
55320,raw/videos/55320.mp4,missing_file
55322,raw/videos/55322.mp4,missing_file
55325,raw/videos/55325.mp4,missing_file
55327,raw/videos/55327.mp4,missing_file
55332,raw/videos/55332.mp4,missing_file
55342,raw/videos/55342.mp4,missing_file
55344,raw/videos/55344.mp4,missing_file
55345,raw/videos/55345.mp4,missing_file
55346,raw/videos/55346.mp4,missing_file
55347,raw/videos/55347.mp4,missing_file
55356,raw/videos/55356.mp4,missing_file
55367,raw/videos/55367.mp4,missing_file
55370,raw/videos/55370.mp4,missing_file
55371,raw/videos/55371.mp4,missing_file
55372,raw/videos/55372.mp4,missing_file
55373,raw/videos/55373.mp4,missing_file
55374,raw/videos/55374.mp4,missing_file
55424,raw/videos/55424.mp4,missing_file
55429,raw/videos/55429.mp4,missing_file
55430,raw/videos/55430.mp4,missing_file
55538,raw/videos/55538.mp4,missing_file
55542,raw/videos/55542.mp4,missing_file
55552,raw/videos/55552.mp4,missing_file
55556,raw/videos/55556.mp4,missing_file
55558,raw/videos/55558.mp4,missing_file
55559,raw/videos/55559.mp4,missing_file
55626,raw/videos/55626.mp4,missing_file
55630,raw/videos/55630.mp4,missing_file
55633,raw/videos/55633.mp4,missing_file
55639,raw/videos/55639.mp4,missing_file
55642,raw/videos/55642.mp4,missing_file
55643,raw/videos/55643.mp4,missing_file
55656,raw/videos/55656.mp4,missing_file
55662,raw/videos/55662.mp4,missing_file
55665,raw/videos/55665.mp4,missing_file
55666,raw/videos/55666.mp4,missing_file
55667,raw/videos/55667.mp4,missing_file
55669,raw/videos/55669.mp4,missing_file
55674,raw/videos/55674.mp4,missing_file
55676,raw/videos/55676.mp4,missing_file
55677,raw/videos/55677.mp4,missing_file
55730,raw/videos/55730.mp4,missing_file
55734,raw/videos/55734.mp4,missing_file
55736,raw/videos/55736.mp4,missing_file
55737,raw/videos/55737.mp4,missing_file
55745,raw/videos/55745.mp4,missing_file
55748,raw/videos/55748.mp4,missing_file
55749,raw/videos/55749.mp4,missing_file
55752,raw/videos/55752.mp4,missing_file
55753,raw/videos/55753.mp4,missing_file
55754,raw/videos/55754.mp4,missing_file
55768,raw/videos/55768.mp4,missing_file
55774,raw/videos/55774.mp4,missing_file
55775,raw/videos/55775.mp4,missing_file
55778,raw/videos/55778.mp4,missing_file
55779,raw/videos/55779.mp4,missing_file
55780,raw/videos/55780.mp4,missing_file
55781,raw/videos/55781.mp4,missing_file
55807,raw/videos/55807.mp4,missing_file
55810,raw/videos/55810.mp4,missing_file
55813,raw/videos/55813.mp4,missing_file
55837,raw/videos/55837.mp4,missing_file
55840,raw/videos/55840.mp4,missing_file
55843,raw/videos/55843.mp4,missing_file
55844,raw/videos/55844.mp4,missing_file
55845,raw/videos/55845.mp4,missing_file
55847,raw/videos/55847.mp4,missing_file
55848,raw/videos/55848.mp4,missing_file
55858,raw/videos/55858.mp4,missing_file
55861,raw/videos/55861.mp4,missing_file
55862,raw/videos/55862.mp4,missing_file
55863,raw/videos/55863.mp4,missing_file
55865,raw/videos/55865.mp4,missing_file
55870,raw/videos/55870.mp4,missing_file
55914,raw/videos/55914.mp4,missing_file
55915,raw/videos/55915.mp4,missing_file
55916,raw/videos/55916.mp4,missing_file
55970,raw/videos/55970.mp4,missing_file
55980,raw/videos/55980.mp4,missing_file
55982,raw/videos/55982.mp4,missing_file
55983,raw/videos/55983.mp4,missing_file
55993,raw/videos/55993.mp4,missing_file
55998,raw/videos/55998.mp4,missing_file
56000,raw/videos/56000.mp4,missing_file
56001,raw/videos/56001.mp4,missing_file
56002,raw/videos/56002.mp4,missing_file
56025,raw/videos/56025.mp4,missing_file
56033,raw/videos/56033.mp4,missing_file
56036,raw/videos/56036.mp4,missing_file
56037,raw/videos/56037.mp4,missing_file
56046,raw/videos/56046.mp4,missing_file
56050,raw/videos/56050.mp4,missing_file
56053,raw/videos/56053.mp4,missing_file
56072,raw/videos/56072.mp4,missing_file
56074,raw/videos/56074.mp4,missing_file
56075,raw/videos/56075.mp4,missing_file
56077,raw/videos/56077.mp4,missing_file
56080,raw/videos/56080.mp4,missing_file
56087,raw/videos/56087.mp4,missing_file
56088,raw/videos/56088.mp4,missing_file
56090,raw/videos/56090.mp4,missing_file
56091,raw/videos/56091.mp4,missing_file
56092,raw/videos/56092.mp4,missing_file
56099,raw/videos/56099.mp4,missing_file
56109,raw/videos/56109.mp4,missing_file
56110,raw/videos/56110.mp4,missing_file
56113,raw/videos/56113.mp4,missing_file
56116,raw/videos/56116.mp4,missing_file
56118,raw/videos/56118.mp4,missing_file
56157,raw/videos/56157.mp4,missing_file
56162,raw/videos/56162.mp4,missing_file
56164,raw/videos/56164.mp4,missing_file
56165,raw/videos/56165.mp4,missing_file
56166,raw/videos/56166.mp4,missing_file
56168,raw/videos/56168.mp4,missing_file
56177,raw/videos/56177.mp4,missing_file
56179,raw/videos/56179.mp4,missing_file
56191,raw/videos/56191.mp4,missing_file
56197,raw/videos/56197.mp4,missing_file
56201,raw/videos/56201.mp4,missing_file
56250,raw/videos/56250.mp4,missing_file
56252,raw/videos/56252.mp4,missing_file
56253,raw/videos/56253.mp4,missing_file
56270,raw/videos/56270.mp4,missing_file
56275,raw/videos/56275.mp4,missing_file
56277,raw/videos/56277.mp4,missing_file
56279,raw/videos/56279.mp4,missing_file
56283,raw/videos/56283.mp4,missing_file
56285,raw/videos/56285.mp4,missing_file
56286,raw/videos/56286.mp4,missing_file
56288,raw/videos/56288.mp4,missing_file
56294,raw/videos/56294.mp4,missing_file
56299,raw/videos/56299.mp4,missing_file
56301,raw/videos/56301.mp4,missing_file
56302,raw/videos/56302.mp4,missing_file
56303,raw/videos/56303.mp4,missing_file
56304,raw/videos/56304.mp4,missing_file
56310,raw/videos/56310.mp4,missing_file
56311,raw/videos/56311.mp4,missing_file
56315,raw/videos/56315.mp4,missing_file
56316,raw/videos/56316.mp4,missing_file
56340,raw/videos/56340.mp4,missing_file
56345,raw/videos/56345.mp4,missing_file
56346,raw/videos/56346.mp4,missing_file
56347,raw/videos/56347.mp4,missing_file
56358,raw/videos/56358.mp4,missing_file
56368,raw/videos/56368.mp4,missing_file
56369,raw/videos/56369.mp4,missing_file
56374,raw/videos/56374.mp4,missing_file
56389,raw/videos/56389.mp4,missing_file
56391,raw/videos/56391.mp4,missing_file
56392,raw/videos/56392.mp4,missing_file
56393,raw/videos/56393.mp4,missing_file
56422,raw/videos/56422.mp4,missing_file
56428,raw/videos/56428.mp4,missing_file
56430,raw/videos/56430.mp4,missing_file
56460,raw/videos/56460.mp4,missing_file
56466,raw/videos/56466.mp4,missing_file
56468,raw/videos/56468.mp4,missing_file
56469,raw/videos/56469.mp4,missing_file
56480,raw/videos/56480.mp4,missing_file
56483,raw/videos/56483.mp4,missing_file
56487,raw/videos/56487.mp4,missing_file
56546,raw/videos/56546.mp4,missing_file
56552,raw/videos/56552.mp4,missing_file
56560,raw/videos/56560.mp4,missing_file
56564,raw/videos/56564.mp4,missing_file
56566,raw/videos/56566.mp4,missing_file
56567,raw/videos/56567.mp4,missing_file
56568,raw/videos/56568.mp4,missing_file
56569,raw/videos/56569.mp4,missing_file
56571,raw/videos/56571.mp4,missing_file
56573,raw/videos/56573.mp4,missing_file
56574,raw/videos/56574.mp4,missing_file
56576,raw/videos/56576.mp4,missing_file
56577,raw/videos/56577.mp4,missing_file
56578,raw/videos/56578.mp4,missing_file
56652,raw/videos/56652.mp4,missing_file
56695,raw/videos/56695.mp4,missing_file
56696,raw/videos/56696.mp4,missing_file
56697,raw/videos/56697.mp4,missing_file
56703,raw/videos/56703.mp4,missing_file
56765,raw/videos/56765.mp4,missing_file
56770,raw/videos/56770.mp4,missing_file
56774,raw/videos/56774.mp4,missing_file
56781,raw/videos/56781.mp4,missing_file
56785,raw/videos/56785.mp4,missing_file
56786,raw/videos/56786.mp4,missing_file
56788,raw/videos/56788.mp4,missing_file
56794,raw/videos/56794.mp4,missing_file
56797,raw/videos/56797.mp4,missing_file
56800,raw/videos/56800.mp4,missing_file
56827,raw/videos/56827.mp4,missing_file
56828,raw/videos/56828.mp4,missing_file
56829,raw/videos/56829.mp4,missing_file
56835,raw/videos/56835.mp4,missing_file
56845,raw/videos/56845.mp4,missing_file
56849,raw/videos/56849.mp4,missing_file
56850,raw/videos/56850.mp4,missing_file
56851,raw/videos/56851.mp4,missing_file
56870,raw/videos/56870.mp4,missing_file
56877,raw/videos/56877.mp4,missing_file
56879,raw/videos/56879.mp4,missing_file
56880,raw/videos/56880.mp4,missing_file
56969,raw/videos/56969.mp4,missing_file
56974,raw/videos/56974.mp4,missing_file
56976,raw/videos/56976.mp4,missing_file
56977,raw/videos/56977.mp4,missing_file
57034,raw/videos/57034.mp4,missing_file
57035,raw/videos/57035.mp4,missing_file
57037,raw/videos/57037.mp4,missing_file
57043,raw/videos/57043.mp4,missing_file
57046,raw/videos/57046.mp4,missing_file
57047,raw/videos/57047.mp4,missing_file
57048,raw/videos/57048.mp4,missing_file
57049,raw/videos/57049.mp4,missing_file
57050,raw/videos/57050.mp4,missing_file
57062,raw/videos/57062.mp4,missing_file
57065,raw/videos/57065.mp4,missing_file
57066,raw/videos/57066.mp4,missing_file
57067,raw/videos/57067.mp4,missing_file
57081,raw/videos/57081.mp4,missing_file
57083,raw/videos/57083.mp4,missing_file
57084,raw/videos/57084.mp4,missing_file
57085,raw/videos/57085.mp4,missing_file
57086,raw/videos/57086.mp4,missing_file
57089,raw/videos/57089.mp4,missing_file
57094,raw/videos/57094.mp4,missing_file
57097,raw/videos/57097.mp4,missing_file
57098,raw/videos/57098.mp4,missing_file
57131,raw/videos/57131.mp4,missing_file
57135,raw/videos/57135.mp4,missing_file
57140,raw/videos/57140.mp4,missing_file
57171,raw/videos/57171.mp4,missing_file
57173,raw/videos/57173.mp4,missing_file
57174,raw/videos/57174.mp4,missing_file
57203,raw/videos/57203.mp4,missing_file
57207,raw/videos/57207.mp4,missing_file
57209,raw/videos/57209.mp4,missing_file
57210,raw/videos/57210.mp4,missing_file
57235,raw/videos/57235.mp4,missing_file
57240,raw/videos/57240.mp4,missing_file
57242,raw/videos/57242.mp4,missing_file
57254,raw/videos/57254.mp4,missing_file
57256,raw/videos/57256.mp4,missing_file
57260,raw/videos/57260.mp4,missing_file
57264,raw/videos/57264.mp4,missing_file
57267,raw/videos/57267.mp4,missing_file
57268,raw/videos/57268.mp4,missing_file
57269,raw/videos/57269.mp4,missing_file
57273,raw/videos/57273.mp4,missing_file
57279,raw/videos/57279.mp4,missing_file
57280,raw/videos/57280.mp4,missing_file
57281,raw/videos/57281.mp4,missing_file
57288,raw/videos/57288.mp4,missing_file
57289,raw/videos/57289.mp4,missing_file
57290,raw/videos/57290.mp4,missing_file
57298,raw/videos/57298.mp4,missing_file
57305,raw/videos/57305.mp4,missing_file
57308,raw/videos/57308.mp4,missing_file
57309,raw/videos/57309.mp4,missing_file
57310,raw/videos/57310.mp4,missing_file
57312,raw/videos/57312.mp4,missing_file
57328,raw/videos/57328.mp4,missing_file
57344,raw/videos/57344.mp4,missing_file
57350,raw/videos/57350.mp4,missing_file
57352,raw/videos/57352.mp4,missing_file
57353,raw/videos/57353.mp4,missing_file
57361,raw/videos/57361.mp4,missing_file
57367,raw/videos/57367.mp4,missing_file
57370,raw/videos/57370.mp4,missing_file
57379,raw/videos/57379.mp4,missing_file
57381,raw/videos/57381.mp4,missing_file
57382,raw/videos/57382.mp4,missing_file
57394,raw/videos/57394.mp4,missing_file
57396,raw/videos/57396.mp4,missing_file
57408,raw/videos/57408.mp4,missing_file
57414,raw/videos/57414.mp4,missing_file
57416,raw/videos/57416.mp4,missing_file
57430,raw/videos/57430.mp4,missing_file
57440,raw/videos/57440.mp4,missing_file
57443,raw/videos/57443.mp4,missing_file
57444,raw/videos/57444.mp4,missing_file
57445,raw/videos/57445.mp4,missing_file
57446,raw/videos/57446.mp4,missing_file
57482,raw/videos/57482.mp4,missing_file
57488,raw/videos/57488.mp4,missing_file
57491,raw/videos/57491.mp4,missing_file
57519,raw/videos/57519.mp4,missing_file
57532,raw/videos/57532.mp4,missing_file
57533,raw/videos/57533.mp4,missing_file
57536,raw/videos/57536.mp4,missing_file
57537,raw/videos/57537.mp4,missing_file
57539,raw/videos/57539.mp4,missing_file
57540,raw/videos/57540.mp4,missing_file
57542,raw/videos/57542.mp4,missing_file
57551,raw/videos/57551.mp4,missing_file
57566,raw/videos/57566.mp4,missing_file
57569,raw/videos/57569.mp4,missing_file
57571,raw/videos/57571.mp4,missing_file
57572,raw/videos/57572.mp4,missing_file
57599,raw/videos/57599.mp4,missing_file
57602,raw/videos/57602.mp4,missing_file
57604,raw/videos/57604.mp4,missing_file
57607,raw/videos/57607.mp4,missing_file
57609,raw/videos/57609.mp4,missing_file
57611,raw/videos/57611.mp4,missing_file
57614,raw/videos/57614.mp4,missing_file
57615,raw/videos/57615.mp4,missing_file
57616,raw/videos/57616.mp4,missing_file
57636,raw/videos/57636.mp4,missing_file
57637,raw/videos/57637.mp4,missing_file
57642,raw/videos/57642.mp4,missing_file
57643,raw/videos/57643.mp4,missing_file
57645,raw/videos/57645.mp4,missing_file
57646,raw/videos/57646.mp4,missing_file
57653,raw/videos/57653.mp4,missing_file
57658,raw/videos/57658.mp4,missing_file
57663,raw/videos/57663.mp4,missing_file
57664,raw/videos/57664.mp4,missing_file
57665,raw/videos/57665.mp4,missing_file
57666,raw/videos/57666.mp4,missing_file
57669,raw/videos/57669.mp4,missing_file
57673,raw/videos/57673.mp4,missing_file
57674,raw/videos/57674.mp4,missing_file
57675,raw/videos/57675.mp4,missing_file
57678,raw/videos/57678.mp4,missing_file
57679,raw/videos/57679.mp4,missing_file
57680,raw/videos/57680.mp4,missing_file
57705,raw/videos/57705.mp4,missing_file
57711,raw/videos/57711.mp4,missing_file
57724,raw/videos/57724.mp4,missing_file
57727,raw/videos/57727.mp4,missing_file
57731,raw/videos/57731.mp4,missing_file
57732,raw/videos/57732.mp4,missing_file
57733,raw/videos/57733.mp4,missing_file
57742,raw/videos/57742.mp4,missing_file
57743,raw/videos/57743.mp4,missing_file
57747,raw/videos/57747.mp4,missing_file
57749,raw/videos/57749.mp4,missing_file
57753,raw/videos/57753.mp4,missing_file
57755,raw/videos/57755.mp4,missing_file
57757,raw/videos/57757.mp4,missing_file
57760,raw/videos/57760.mp4,missing_file
57761,raw/videos/57761.mp4,missing_file
57766,raw/videos/57766.mp4,missing_file
57767,raw/videos/57767.mp4,missing_file
57769,raw/videos/57769.mp4,missing_file
57773,raw/videos/57773.mp4,missing_file
57775,raw/videos/57775.mp4,missing_file
57776,raw/videos/57776.mp4,missing_file
57781,raw/videos/57781.mp4,missing_file
57786,raw/videos/57786.mp4,missing_file
57787,raw/videos/57787.mp4,missing_file
57792,raw/videos/57792.mp4,missing_file
57793,raw/videos/57793.mp4,missing_file
57801,raw/videos/57801.mp4,missing_file
57805,raw/videos/57805.mp4,missing_file
57808,raw/videos/57808.mp4,missing_file
57809,raw/videos/57809.mp4,missing_file
57811,raw/videos/57811.mp4,missing_file
57812,raw/videos/57812.mp4,missing_file
57815,raw/videos/57815.mp4,missing_file
57818,raw/videos/57818.mp4,missing_file
57821,raw/videos/57821.mp4,missing_file
57823,raw/videos/57823.mp4,missing_file
57824,raw/videos/57824.mp4,missing_file
57830,raw/videos/57830.mp4,missing_file
57831,raw/videos/57831.mp4,missing_file
57833,raw/videos/57833.mp4,missing_file
57834,raw/videos/57834.mp4,missing_file
57837,raw/videos/57837.mp4,missing_file
57841,raw/videos/57841.mp4,missing_file
57846,raw/videos/57846.mp4,missing_file
57873,raw/videos/57873.mp4,missing_file
57877,raw/videos/57877.mp4,missing_file
57881,raw/videos/57881.mp4,missing_file
57882,raw/videos/57882.mp4,missing_file
57894,raw/videos/57894.mp4,missing_file
57899,raw/videos/57899.mp4,missing_file
57900,raw/videos/57900.mp4,missing_file
57919,raw/videos/57919.mp4,missing_file
57921,raw/videos/57921.mp4,missing_file
57924,raw/videos/57924.mp4,missing_file
57926,raw/videos/57926.mp4,missing_file
57927,raw/videos/57927.mp4,missing_file
57944,raw/videos/57944.mp4,missing_file
57945,raw/videos/57945.mp4,missing_file
57950,raw/videos/57950.mp4,missing_file
57952,raw/videos/57952.mp4,missing_file
57954,raw/videos/57954.mp4,missing_file
57976,raw/videos/57976.mp4,missing_file
57978,raw/videos/57978.mp4,missing_file
57979,raw/videos/57979.mp4,missing_file
57980,raw/videos/57980.mp4,missing_file
57981,raw/videos/57981.mp4,missing_file
58000,raw/videos/58000.mp4,missing_file
58007,raw/videos/58007.mp4,missing_file
58015,raw/videos/58015.mp4,missing_file
58023,raw/videos/58023.mp4,missing_file
58028,raw/videos/58028.mp4,missing_file
58030,raw/videos/58030.mp4,missing_file
58070,raw/videos/58070.mp4,missing_file
58074,raw/videos/58074.mp4,missing_file
58079,raw/videos/58079.mp4,missing_file
58080,raw/videos/58080.mp4,missing_file
58131,raw/videos/58131.mp4,missing_file
58134,raw/videos/58134.mp4,missing_file
58135,raw/videos/58135.mp4,missing_file
58138,raw/videos/58138.mp4,missing_file
58184,raw/videos/58184.mp4,missing_file
58187,raw/videos/58187.mp4,missing_file
58236,raw/videos/58236.mp4,missing_file
58246,raw/videos/58246.mp4,missing_file
58251,raw/videos/58251.mp4,missing_file
58255,raw/videos/58255.mp4,missing_file
58257,raw/videos/58257.mp4,missing_file
58273,raw/videos/58273.mp4,missing_file
58277,raw/videos/58277.mp4,missing_file
58279,raw/videos/58279.mp4,missing_file
58280,raw/videos/58280.mp4,missing_file
58286,raw/videos/58286.mp4,missing_file
58297,raw/videos/58297.mp4,missing_file
58299,raw/videos/58299.mp4,missing_file
58301,raw/videos/58301.mp4,missing_file
58302,raw/videos/58302.mp4,missing_file
58324,raw/videos/58324.mp4,missing_file
58326,raw/videos/58326.mp4,missing_file
58359,raw/videos/58359.mp4,missing_file
58364,raw/videos/58364.mp4,missing_file
58367,raw/videos/58367.mp4,missing_file
58368,raw/videos/58368.mp4,missing_file
58369,raw/videos/58369.mp4,missing_file
58384,raw/videos/58384.mp4,missing_file
58390,raw/videos/58390.mp4,missing_file
58391,raw/videos/58391.mp4,missing_file
58394,raw/videos/58394.mp4,missing_file
58395,raw/videos/58395.mp4,missing_file
58396,raw/videos/58396.mp4,missing_file
58432,raw/videos/58432.mp4,missing_file
58437,raw/videos/58437.mp4,missing_file
58443,raw/videos/58443.mp4,missing_file
58449,raw/videos/58449.mp4,missing_file
58488,raw/videos/58488.mp4,missing_file
58500,raw/videos/58500.mp4,missing_file
58501,raw/videos/58501.mp4,missing_file
58504,raw/videos/58504.mp4,missing_file
58505,raw/videos/58505.mp4,missing_file
58506,raw/videos/58506.mp4,missing_file
58507,raw/videos/58507.mp4,missing_file
58574,raw/videos/58574.mp4,missing_file
58576,raw/videos/58576.mp4,missing_file
58577,raw/videos/58577.mp4,missing_file
58578,raw/videos/58578.mp4,missing_file
58581,raw/videos/58581.mp4,missing_file
58588,raw/videos/58588.mp4,missing_file
58595,raw/videos/58595.mp4,missing_file
58596,raw/videos/58596.mp4,missing_file
58597,raw/videos/58597.mp4,missing_file
58598,raw/videos/58598.mp4,missing_file
58599,raw/videos/58599.mp4,missing_file
58610,raw/videos/58610.mp4,missing_file
58615,raw/videos/58615.mp4,missing_file
58619,raw/videos/58619.mp4,missing_file
58622,raw/videos/58622.mp4,missing_file
58624,raw/videos/58624.mp4,missing_file
58625,raw/videos/58625.mp4,missing_file
58629,raw/videos/58629.mp4,missing_file
58659,raw/videos/58659.mp4,missing_file
58660,raw/videos/58660.mp4,missing_file
58663,raw/videos/58663.mp4,missing_file
58666,raw/videos/58666.mp4,missing_file
58676,raw/videos/58676.mp4,missing_file
58680,raw/videos/58680.mp4,missing_file
58685,raw/videos/58685.mp4,missing_file
58686,raw/videos/58686.mp4,missing_file
58705,raw/videos/58705.mp4,missing_file
58708,raw/videos/58708.mp4,missing_file
58711,raw/videos/58711.mp4,missing_file
58712,raw/videos/58712.mp4,missing_file
58713,raw/videos/58713.mp4,missing_file
58726,raw/videos/58726.mp4,missing_file
58728,raw/videos/58728.mp4,missing_file
58729,raw/videos/58729.mp4,missing_file
58731,raw/videos/58731.mp4,missing_file
58735,raw/videos/58735.mp4,missing_file
58737,raw/videos/58737.mp4,missing_file
58738,raw/videos/58738.mp4,missing_file
58739,raw/videos/58739.mp4,missing_file
58740,raw/videos/58740.mp4,missing_file
58741,raw/videos/58741.mp4,missing_file
58743,raw/videos/58743.mp4,missing_file
58747,raw/videos/58747.mp4,missing_file
58749,raw/videos/58749.mp4,missing_file
58768,raw/videos/58768.mp4,missing_file
58771,raw/videos/58771.mp4,missing_file
58773,raw/videos/58773.mp4,missing_file
58782,raw/videos/58782.mp4,missing_file
58789,raw/videos/58789.mp4,missing_file
58790,raw/videos/58790.mp4,missing_file
58792,raw/videos/58792.mp4,missing_file
58793,raw/videos/58793.mp4,missing_file
58794,raw/videos/58794.mp4,missing_file
58804,raw/videos/58804.mp4,missing_file
58809,raw/videos/58809.mp4,missing_file
58811,raw/videos/58811.mp4,missing_file
58812,raw/videos/58812.mp4,missing_file
58813,raw/videos/58813.mp4,missing_file
58819,raw/videos/58819.mp4,missing_file
58825,raw/videos/58825.mp4,missing_file
58828,raw/videos/58828.mp4,missing_file
58833,raw/videos/58833.mp4,missing_file
58837,raw/videos/58837.mp4,missing_file
58839,raw/videos/58839.mp4,missing_file
58886,raw/videos/58886.mp4,missing_file
58893,raw/videos/58893.mp4,missing_file
58898,raw/videos/58898.mp4,missing_file
58900,raw/videos/58900.mp4,missing_file
58912,raw/videos/58912.mp4,missing_file
58914,raw/videos/58914.mp4,missing_file
58933,raw/videos/58933.mp4,missing_file
58938,raw/videos/58938.mp4,missing_file
58939,raw/videos/58939.mp4,missing_file
58942,raw/videos/58942.mp4,missing_file
58943,raw/videos/58943.mp4,missing_file
58945,raw/videos/58945.mp4,missing_file
58950,raw/videos/58950.mp4,missing_file
58952,raw/videos/58952.mp4,missing_file
58968,raw/videos/58968.mp4,missing_file
58978,raw/videos/58978.mp4,missing_file
59000,raw/videos/59000.mp4,missing_file
59004,raw/videos/59004.mp4,missing_file
59006,raw/videos/59006.mp4,missing_file
59028,raw/videos/59028.mp4,missing_file
59035,raw/videos/59035.mp4,missing_file
59036,raw/videos/59036.mp4,missing_file
59038,raw/videos/59038.mp4,missing_file
59044,raw/videos/59044.mp4,missing_file
59054,raw/videos/59054.mp4,missing_file
59056,raw/videos/59056.mp4,missing_file
59057,raw/videos/59057.mp4,missing_file
59070,raw/videos/59070.mp4,missing_file
59075,raw/videos/59075.mp4,missing_file
59081,raw/videos/59081.mp4,missing_file
59102,raw/videos/59102.mp4,missing_file
59109,raw/videos/59109.mp4,missing_file
59120,raw/videos/59120.mp4,missing_file
59125,raw/videos/59125.mp4,missing_file
59131,raw/videos/59131.mp4,missing_file
59134,raw/videos/59134.mp4,missing_file
59136,raw/videos/59136.mp4,missing_file
59137,raw/videos/59137.mp4,missing_file
59138,raw/videos/59138.mp4,missing_file
59143,raw/videos/59143.mp4,missing_file
59152,raw/videos/59152.mp4,missing_file
59154,raw/videos/59154.mp4,missing_file
59203,raw/videos/59203.mp4,missing_file
59213,raw/videos/59213.mp4,missing_file
59218,raw/videos/59218.mp4,missing_file
59225,raw/videos/59225.mp4,missing_file
59230,raw/videos/59230.mp4,missing_file
59234,raw/videos/59234.mp4,missing_file
59236,raw/videos/59236.mp4,missing_file
59238,raw/videos/59238.mp4,missing_file
59250,raw/videos/59250.mp4,missing_file
59254,raw/videos/59254.mp4,missing_file
59256,raw/videos/59256.mp4,missing_file
59258,raw/videos/59258.mp4,missing_file
59259,raw/videos/59259.mp4,missing_file
59298,raw/videos/59298.mp4,missing_file
59311,raw/videos/59311.mp4,missing_file
59317,raw/videos/59317.mp4,missing_file
59318,raw/videos/59318.mp4,missing_file
59348,raw/videos/59348.mp4,missing_file
59351,raw/videos/59351.mp4,missing_file
59355,raw/videos/59355.mp4,missing_file
59366,raw/videos/59366.mp4,missing_file
59372,raw/videos/59372.mp4,missing_file
59374,raw/videos/59374.mp4,missing_file
59375,raw/videos/59375.mp4,missing_file
59376,raw/videos/59376.mp4,missing_file
59379,raw/videos/59379.mp4,missing_file
59385,raw/videos/59385.mp4,missing_file
59387,raw/videos/59387.mp4,missing_file
59388,raw/videos/59388.mp4,missing_file
59404,raw/videos/59404.mp4,missing_file
59408,raw/videos/59408.mp4,missing_file
59410,raw/videos/59410.mp4,missing_file
59479,raw/videos/59479.mp4,missing_file
59501,raw/videos/59501.mp4,missing_file
59504,raw/videos/59504.mp4,missing_file
59505,raw/videos/59505.mp4,missing_file
59540,raw/videos/59540.mp4,missing_file
59549,raw/videos/59549.mp4,missing_file
59550,raw/videos/59550.mp4,missing_file
59552,raw/videos/59552.mp4,missing_file
59553,raw/videos/59553.mp4,missing_file
59554,raw/videos/59554.mp4,missing_file
59599,raw/videos/59599.mp4,missing_file
59604,raw/videos/59604.mp4,missing_file
59605,raw/videos/59605.mp4,missing_file
59607,raw/videos/59607.mp4,missing_file
59608,raw/videos/59608.mp4,missing_file
59668,raw/videos/59668.mp4,missing_file
59671,raw/videos/59671.mp4,missing_file
59722,raw/videos/59722.mp4,missing_file
59726,raw/videos/59726.mp4,missing_file
59728,raw/videos/59728.mp4,missing_file
59734,raw/videos/59734.mp4,missing_file
59740,raw/videos/59740.mp4,missing_file
59742,raw/videos/59742.mp4,missing_file
59743,raw/videos/59743.mp4,missing_file
59760,raw/videos/59760.mp4,missing_file
59766,raw/videos/59766.mp4,missing_file
59767,raw/videos/59767.mp4,missing_file
59770,raw/videos/59770.mp4,missing_file
59771,raw/videos/59771.mp4,missing_file
59772,raw/videos/59772.mp4,missing_file
59773,raw/videos/59773.mp4,missing_file
59783,raw/videos/59783.mp4,missing_file
59794,raw/videos/59794.mp4,missing_file
59796,raw/videos/59796.mp4,missing_file
59827,raw/videos/59827.mp4,missing_file
59832,raw/videos/59832.mp4,missing_file
59835,raw/videos/59835.mp4,missing_file
59841,raw/videos/59841.mp4,missing_file
59845,raw/videos/59845.mp4,missing_file
59847,raw/videos/59847.mp4,missing_file
59850,raw/videos/59850.mp4,missing_file
59853,raw/videos/59853.mp4,missing_file
59902,raw/videos/59902.mp4,missing_file
59907,raw/videos/59907.mp4,missing_file
59911,raw/videos/59911.mp4,missing_file
59912,raw/videos/59912.mp4,missing_file
59958,raw/videos/59958.mp4,missing_file
59961,raw/videos/59961.mp4,missing_file
59963,raw/videos/59963.mp4,missing_file
59965,raw/videos/59965.mp4,missing_file
59969,raw/videos/59969.mp4,missing_file
59989,raw/videos/59989.mp4,missing_file
59993,raw/videos/59993.mp4,missing_file
60043,raw/videos/60043.mp4,missing_file
60047,raw/videos/60047.mp4,missing_file
60049,raw/videos/60049.mp4,missing_file
60050,raw/videos/60050.mp4,missing_file
60051,raw/videos/60051.mp4,missing_file
60056,raw/videos/60056.mp4,missing_file
60060,raw/videos/60060.mp4,missing_file
60061,raw/videos/60061.mp4,missing_file
60072,raw/videos/60072.mp4,missing_file
60073,raw/videos/60073.mp4,missing_file
60074,raw/videos/60074.mp4,missing_file
60157,raw/videos/60157.mp4,missing_file
60162,raw/videos/60162.mp4,missing_file
60222,raw/videos/60222.mp4,missing_file
60223,raw/videos/60223.mp4,missing_file
60226,raw/videos/60226.mp4,missing_file
60306,raw/videos/60306.mp4,missing_file
60307,raw/videos/60307.mp4,missing_file
60310,raw/videos/60310.mp4,missing_file
60311,raw/videos/60311.mp4,missing_file
60338,raw/videos/60338.mp4,missing_file
60345,raw/videos/60345.mp4,missing_file
60351,raw/videos/60351.mp4,missing_file
60355,raw/videos/60355.mp4,missing_file
60356,raw/videos/60356.mp4,missing_file
60359,raw/videos/60359.mp4,missing_file
60361,raw/videos/60361.mp4,missing_file
60378,raw/videos/60378.mp4,missing_file
60382,raw/videos/60382.mp4,missing_file
60384,raw/videos/60384.mp4,missing_file
60450,raw/videos/60450.mp4,missing_file
60461,raw/videos/60461.mp4,missing_file
60463,raw/videos/60463.mp4,missing_file
60464,raw/videos/60464.mp4,missing_file
60500,raw/videos/60500.mp4,missing_file
60525,raw/videos/60525.mp4,missing_file
60530,raw/videos/60530.mp4,missing_file
60543,raw/videos/60543.mp4,missing_file
60550,raw/videos/60550.mp4,missing_file
60553,raw/videos/60553.mp4,missing_file
60554,raw/videos/60554.mp4,missing_file
60555,raw/videos/60555.mp4,missing_file
60578,raw/videos/60578.mp4,missing_file
60580,raw/videos/60580.mp4,missing_file
60701,raw/videos/60701.mp4,missing_file
60720,raw/videos/60720.mp4,missing_file
60729,raw/videos/60729.mp4,missing_file
60759,raw/videos/60759.mp4,missing_file
60764,raw/videos/60764.mp4,missing_file
60766,raw/videos/60766.mp4,missing_file
60767,raw/videos/60767.mp4,missing_file
60850,raw/videos/60850.mp4,missing_file
60855,raw/videos/60855.mp4,missing_file
60857,raw/videos/60857.mp4,missing_file
60858,raw/videos/60858.mp4,missing_file
60859,raw/videos/60859.mp4,missing_file
60887,raw/videos/60887.mp4,missing_file
60911,raw/videos/60911.mp4,missing_file
60913,raw/videos/60913.mp4,missing_file
60914,raw/videos/60914.mp4,missing_file
60947,raw/videos/60947.mp4,missing_file
60953,raw/videos/60953.mp4,missing_file
60966,raw/videos/60966.mp4,missing_file
60969,raw/videos/60969.mp4,missing_file
60972,raw/videos/60972.mp4,missing_file
60973,raw/videos/60973.mp4,missing_file
61031,raw/videos/61031.mp4,missing_file
61060,raw/videos/61060.mp4,missing_file
61061,raw/videos/61061.mp4,missing_file
61063,raw/videos/61063.mp4,missing_file
61065,raw/videos/61065.mp4,missing_file
61066,raw/videos/61066.mp4,missing_file
61067,raw/videos/61067.mp4,missing_file
61068,raw/videos/61068.mp4,missing_file
61130,raw/videos/61130.mp4,missing_file
61134,raw/videos/61134.mp4,missing_file
61137,raw/videos/61137.mp4,missing_file
61139,raw/videos/61139.mp4,missing_file
61141,raw/videos/61141.mp4,missing_file
61145,raw/videos/61145.mp4,missing_file
61147,raw/videos/61147.mp4,missing_file
61148,raw/videos/61148.mp4,missing_file
61149,raw/videos/61149.mp4,missing_file
61187,raw/videos/61187.mp4,missing_file
61190,raw/videos/61190.mp4,missing_file
61192,raw/videos/61192.mp4,missing_file
61219,raw/videos/61219.mp4,missing_file
61223,raw/videos/61223.mp4,missing_file
61225,raw/videos/61225.mp4,missing_file
61232,raw/videos/61232.mp4,missing_file
61238,raw/videos/61238.mp4,missing_file
61239,raw/videos/61239.mp4,missing_file
61240,raw/videos/61240.mp4,missing_file
61241,raw/videos/61241.mp4,missing_file
61248,raw/videos/61248.mp4,missing_file
61250,raw/videos/61250.mp4,missing_file
61364,raw/videos/61364.mp4,missing_file
61366,raw/videos/61366.mp4,missing_file
61367,raw/videos/61367.mp4,missing_file
61369,raw/videos/61369.mp4,missing_file
61439,raw/videos/61439.mp4,missing_file
61445,raw/videos/61445.mp4,missing_file
61447,raw/videos/61447.mp4,missing_file
61448,raw/videos/61448.mp4,missing_file
61511,raw/videos/61511.mp4,missing_file
61562,raw/videos/61562.mp4,missing_file
61564,raw/videos/61564.mp4,missing_file
61587,raw/videos/61587.mp4,missing_file
61591,raw/videos/61591.mp4,missing_file
61594,raw/videos/61594.mp4,missing_file
61696,raw/videos/61696.mp4,missing_file
61698,raw/videos/61698.mp4,missing_file
61737,raw/videos/61737.mp4,missing_file
61741,raw/videos/61741.mp4,missing_file
61744,raw/videos/61744.mp4,missing_file
61804,raw/videos/61804.mp4,missing_file
61811,raw/videos/61811.mp4,missing_file
61813,raw/videos/61813.mp4,missing_file
61814,raw/videos/61814.mp4,missing_file
61815,raw/videos/61815.mp4,missing_file
61816,raw/videos/61816.mp4,missing_file
61817,raw/videos/61817.mp4,missing_file
61818,raw/videos/61818.mp4,missing_file
61825,raw/videos/61825.mp4,missing_file
61828,raw/videos/61828.mp4,missing_file
61830,raw/videos/61830.mp4,missing_file
61845,raw/videos/61845.mp4,missing_file
61849,raw/videos/61849.mp4,missing_file
61871,raw/videos/61871.mp4,missing_file
61872,raw/videos/61872.mp4,missing_file
61875,raw/videos/61875.mp4,missing_file
61878,raw/videos/61878.mp4,missing_file
61885,raw/videos/61885.mp4,missing_file
61887,raw/videos/61887.mp4,missing_file
61888,raw/videos/61888.mp4,missing_file
61913,raw/videos/61913.mp4,missing_file
61919,raw/videos/61919.mp4,missing_file
61922,raw/videos/61922.mp4,missing_file
61923,raw/videos/61923.mp4,missing_file
61946,raw/videos/61946.mp4,missing_file
61965,raw/videos/61965.mp4,missing_file
61970,raw/videos/61970.mp4,missing_file
61972,raw/videos/61972.mp4,missing_file
61977,raw/videos/61977.mp4,missing_file
61985,raw/videos/61985.mp4,missing_file
61988,raw/videos/61988.mp4,missing_file
61989,raw/videos/61989.mp4,missing_file
61991,raw/videos/61991.mp4,missing_file
61998,raw/videos/61998.mp4,missing_file
61999,raw/videos/61999.mp4,missing_file
62001,raw/videos/62001.mp4,missing_file
62002,raw/videos/62002.mp4,missing_file
62032,raw/videos/62032.mp4,missing_file
62077,raw/videos/62077.mp4,missing_file
62086,raw/videos/62086.mp4,missing_file
62091,raw/videos/62091.mp4,missing_file
62093,raw/videos/62093.mp4,missing_file
62104,raw/videos/62104.mp4,missing_file
62105,raw/videos/62105.mp4,missing_file
62109,raw/videos/62109.mp4,missing_file
62110,raw/videos/62110.mp4,missing_file
62111,raw/videos/62111.mp4,missing_file
62112,raw/videos/62112.mp4,missing_file
62142,raw/videos/62142.mp4,missing_file
62147,raw/videos/62147.mp4,missing_file
62149,raw/videos/62149.mp4,missing_file
62152,raw/videos/62152.mp4,missing_file
62165,raw/videos/62165.mp4,missing_file
62166,raw/videos/62166.mp4,missing_file
62171,raw/videos/62171.mp4,missing_file
62172,raw/videos/62172.mp4,missing_file
62173,raw/videos/62173.mp4,missing_file
62174,raw/videos/62174.mp4,missing_file
62187,raw/videos/62187.mp4,missing_file
62193,raw/videos/62193.mp4,missing_file
62194,raw/videos/62194.mp4,missing_file
62198,raw/videos/62198.mp4,missing_file
62200,raw/videos/62200.mp4,missing_file
62202,raw/videos/62202.mp4,missing_file
62232,raw/videos/62232.mp4,missing_file
62235,raw/videos/62235.mp4,missing_file
62241,raw/videos/62241.mp4,missing_file
62249,raw/videos/62249.mp4,missing_file
62253,raw/videos/62253.mp4,missing_file
62254,raw/videos/62254.mp4,missing_file
62256,raw/videos/62256.mp4,missing_file
62257,raw/videos/62257.mp4,missing_file
62258,raw/videos/62258.mp4,missing_file
62267,raw/videos/62267.mp4,missing_file
62277,raw/videos/62277.mp4,missing_file
62278,raw/videos/62278.mp4,missing_file
62280,raw/videos/62280.mp4,missing_file
62281,raw/videos/62281.mp4,missing_file
62282,raw/videos/62282.mp4,missing_file
62283,raw/videos/62283.mp4,missing_file
62285,raw/videos/62285.mp4,missing_file
62292,raw/videos/62292.mp4,missing_file
62293,raw/videos/62293.mp4,missing_file
62295,raw/videos/62295.mp4,missing_file
62296,raw/videos/62296.mp4,missing_file
62301,raw/videos/62301.mp4,missing_file
62304,raw/videos/62304.mp4,missing_file
62306,raw/videos/62306.mp4,missing_file
62307,raw/videos/62307.mp4,missing_file
62308,raw/videos/62308.mp4,missing_file
62329,raw/videos/62329.mp4,missing_file
62343,raw/videos/62343.mp4,missing_file
62344,raw/videos/62344.mp4,missing_file
62345,raw/videos/62345.mp4,missing_file
62346,raw/videos/62346.mp4,missing_file
62347,raw/videos/62347.mp4,missing_file
62348,raw/videos/62348.mp4,missing_file
62360,raw/videos/62360.mp4,missing_file
62363,raw/videos/62363.mp4,missing_file
62370,raw/videos/62370.mp4,missing_file
62371,raw/videos/62371.mp4,missing_file
62384,raw/videos/62384.mp4,missing_file
62422,raw/videos/62422.mp4,missing_file
62425,raw/videos/62425.mp4,missing_file
62426,raw/videos/62426.mp4,missing_file
62428,raw/videos/62428.mp4,missing_file
62447,raw/videos/62447.mp4,missing_file
62448,raw/videos/62448.mp4,missing_file
62454,raw/videos/62454.mp4,missing_file
62455,raw/videos/62455.mp4,missing_file
62479,raw/videos/62479.mp4,missing_file
62487,raw/videos/62487.mp4,missing_file
62491,raw/videos/62491.mp4,missing_file
62504,raw/videos/62504.mp4,missing_file
62507,raw/videos/62507.mp4,missing_file
62508,raw/videos/62508.mp4,missing_file
62509,raw/videos/62509.mp4,missing_file
62515,raw/videos/62515.mp4,missing_file
62520,raw/videos/62520.mp4,missing_file
62522,raw/videos/62522.mp4,missing_file
62523,raw/videos/62523.mp4,missing_file
62569,raw/videos/62569.mp4,missing_file
62573,raw/videos/62573.mp4,missing_file
62576,raw/videos/62576.mp4,missing_file
62583,raw/videos/62583.mp4,missing_file
62584,raw/videos/62584.mp4,missing_file
62589,raw/videos/62589.mp4,missing_file
62592,raw/videos/62592.mp4,missing_file
62607,raw/videos/62607.mp4,missing_file
62616,raw/videos/62616.mp4,missing_file
62617,raw/videos/62617.mp4,missing_file
62637,raw/videos/62637.mp4,missing_file
62647,raw/videos/62647.mp4,missing_file
62648,raw/videos/62648.mp4,missing_file
62649,raw/videos/62649.mp4,missing_file
62684,raw/videos/62684.mp4,missing_file
62693,raw/videos/62693.mp4,missing_file
62695,raw/videos/62695.mp4,missing_file
62706,raw/videos/62706.mp4,missing_file
62711,raw/videos/62711.mp4,missing_file
62714,raw/videos/62714.mp4,missing_file
62715,raw/videos/62715.mp4,missing_file
62716,raw/videos/62716.mp4,missing_file
62728,raw/videos/62728.mp4,missing_file
62729,raw/videos/62729.mp4,missing_file
62735,raw/videos/62735.mp4,missing_file
62737,raw/videos/62737.mp4,missing_file
62744,raw/videos/62744.mp4,missing_file
62749,raw/videos/62749.mp4,missing_file
62750,raw/videos/62750.mp4,missing_file
62751,raw/videos/62751.mp4,missing_file
62753,raw/videos/62753.mp4,missing_file
62755,raw/videos/62755.mp4,missing_file
62758,raw/videos/62758.mp4,missing_file
62759,raw/videos/62759.mp4,missing_file
62760,raw/videos/62760.mp4,missing_file
62777,raw/videos/62777.mp4,missing_file
62779,raw/videos/62779.mp4,missing_file
62781,raw/videos/62781.mp4,missing_file
62784,raw/videos/62784.mp4,missing_file
62794,raw/videos/62794.mp4,missing_file
62795,raw/videos/62795.mp4,missing_file
62817,raw/videos/62817.mp4,missing_file
62820,raw/videos/62820.mp4,missing_file
62822,raw/videos/62822.mp4,missing_file
62823,raw/videos/62823.mp4,missing_file
62826,raw/videos/62826.mp4,missing_file
62832,raw/videos/62832.mp4,missing_file
62834,raw/videos/62834.mp4,missing_file
62835,raw/videos/62835.mp4,missing_file
62836,raw/videos/62836.mp4,missing_file
62901,raw/videos/62901.mp4,missing_file
62911,raw/videos/62911.mp4,missing_file
62913,raw/videos/62913.mp4,missing_file
62914,raw/videos/62914.mp4,missing_file
62921,raw/videos/62921.mp4,missing_file
62926,raw/videos/62926.mp4,missing_file
62928,raw/videos/62928.mp4,missing_file
62929,raw/videos/62929.mp4,missing_file
62938,raw/videos/62938.mp4,missing_file
62941,raw/videos/62941.mp4,missing_file
62944,raw/videos/62944.mp4,missing_file
62951,raw/videos/62951.mp4,missing_file
62954,raw/videos/62954.mp4,missing_file
62956,raw/videos/62956.mp4,missing_file
62971,raw/videos/62971.mp4,missing_file
62973,raw/videos/62973.mp4,missing_file
62982,raw/videos/62982.mp4,missing_file
62984,raw/videos/62984.mp4,missing_file
62986,raw/videos/62986.mp4,missing_file
63045,raw/videos/63045.mp4,missing_file
63048,raw/videos/63048.mp4,missing_file
63049,raw/videos/63049.mp4,missing_file
63062,raw/videos/63062.mp4,missing_file
63071,raw/videos/63071.mp4,missing_file
63075,raw/videos/63075.mp4,missing_file
63076,raw/videos/63076.mp4,missing_file
63079,raw/videos/63079.mp4,missing_file
63085,raw/videos/63085.mp4,missing_file
63088,raw/videos/63088.mp4,missing_file
63089,raw/videos/63089.mp4,missing_file
63090,raw/videos/63090.mp4,missing_file
63102,raw/videos/63102.mp4,missing_file
63107,raw/videos/63107.mp4,missing_file
63109,raw/videos/63109.mp4,missing_file
63110,raw/videos/63110.mp4,missing_file
63111,raw/videos/63111.mp4,missing_file
63112,raw/videos/63112.mp4,missing_file
63116,raw/videos/63116.mp4,missing_file
63123,raw/videos/63123.mp4,missing_file
63125,raw/videos/63125.mp4,missing_file
63185,raw/videos/63185.mp4,missing_file
63187,raw/videos/63187.mp4,missing_file
63189,raw/videos/63189.mp4,missing_file
63191,raw/videos/63191.mp4,missing_file
63206,raw/videos/63206.mp4,missing_file
63209,raw/videos/63209.mp4,missing_file
63210,raw/videos/63210.mp4,missing_file
63211,raw/videos/63211.mp4,missing_file
63212,raw/videos/63212.mp4,missing_file
63213,raw/videos/63213.mp4,missing_file
63219,raw/videos/63219.mp4,missing_file
63233,raw/videos/63233.mp4,missing_file
63234,raw/videos/63234.mp4,missing_file
63238,raw/videos/63238.mp4,missing_file
63239,raw/videos/63239.mp4,missing_file
63240,raw/videos/63240.mp4,missing_file
63241,raw/videos/63241.mp4,missing_file
63275,raw/videos/63275.mp4,missing_file
63277,raw/videos/63277.mp4,missing_file
63279,raw/videos/63279.mp4,missing_file
63286,raw/videos/63286.mp4,missing_file
63290,raw/videos/63290.mp4,missing_file
63291,raw/videos/63291.mp4,missing_file
63308,raw/videos/63308.mp4,missing_file
63313,raw/videos/63313.mp4,missing_file
63315,raw/videos/63315.mp4,missing_file
63325,raw/videos/63325.mp4,missing_file
63330,raw/videos/63330.mp4,missing_file
63331,raw/videos/63331.mp4,missing_file
63333,raw/videos/63333.mp4,missing_file
63334,raw/videos/63334.mp4,missing_file
63335,raw/videos/63335.mp4,missing_file
63336,raw/videos/63336.mp4,missing_file
63358,raw/videos/63358.mp4,missing_file
63363,raw/videos/63363.mp4,missing_file
63369,raw/videos/63369.mp4,missing_file
63370,raw/videos/63370.mp4,missing_file
63371,raw/videos/63371.mp4,missing_file
63372,raw/videos/63372.mp4,missing_file
63376,raw/videos/63376.mp4,missing_file
63379,raw/videos/63379.mp4,missing_file
63382,raw/videos/63382.mp4,missing_file
63399,raw/videos/63399.mp4,missing_file
63406,raw/videos/63406.mp4,missing_file
63409,raw/videos/63409.mp4,missing_file
63415,raw/videos/63415.mp4,missing_file
63420,raw/videos/63420.mp4,missing_file
63421,raw/videos/63421.mp4,missing_file
63423,raw/videos/63423.mp4,missing_file
63424,raw/videos/63424.mp4,missing_file
63425,raw/videos/63425.mp4,missing_file
63426,raw/videos/63426.mp4,missing_file
63447,raw/videos/63447.mp4,missing_file
63451,raw/videos/63451.mp4,missing_file
63453,raw/videos/63453.mp4,missing_file
63454,raw/videos/63454.mp4,missing_file
63472,raw/videos/63472.mp4,missing_file
63474,raw/videos/63474.mp4,missing_file
63475,raw/videos/63475.mp4,missing_file
63476,raw/videos/63476.mp4,missing_file
63477,raw/videos/63477.mp4,missing_file
63494,raw/videos/63494.mp4,missing_file
63500,raw/videos/63500.mp4,missing_file
63501,raw/videos/63501.mp4,missing_file
63503,raw/videos/63503.mp4,missing_file
63555,raw/videos/63555.mp4,missing_file
63557,raw/videos/63557.mp4,missing_file
63561,raw/videos/63561.mp4,missing_file
63562,raw/videos/63562.mp4,missing_file
63574,raw/videos/63574.mp4,missing_file
63591,raw/videos/63591.mp4,missing_file
63593,raw/videos/63593.mp4,missing_file
63594,raw/videos/63594.mp4,missing_file
63595,raw/videos/63595.mp4,missing_file
63597,raw/videos/63597.mp4,missing_file
63601,raw/videos/63601.mp4,missing_file
63602,raw/videos/63602.mp4,missing_file
63605,raw/videos/63605.mp4,missing_file
63611,raw/videos/63611.mp4,missing_file
63613,raw/videos/63613.mp4,missing_file
63621,raw/videos/63621.mp4,missing_file
63626,raw/videos/63626.mp4,missing_file
63637,raw/videos/63637.mp4,missing_file
63638,raw/videos/63638.mp4,missing_file
63639,raw/videos/63639.mp4,missing_file
63650,raw/videos/63650.mp4,missing_file
63655,raw/videos/63655.mp4,missing_file
63658,raw/videos/63658.mp4,missing_file
63662,raw/videos/63662.mp4,missing_file
63670,raw/videos/63670.mp4,missing_file
63671,raw/videos/63671.mp4,missing_file
63675,raw/videos/63675.mp4,missing_file
63676,raw/videos/63676.mp4,missing_file
63677,raw/videos/63677.mp4,missing_file
63678,raw/videos/63678.mp4,missing_file
63687,raw/videos/63687.mp4,missing_file
63688,raw/videos/63688.mp4,missing_file
63692,raw/videos/63692.mp4,missing_file
63698,raw/videos/63698.mp4,missing_file
63720,raw/videos/63720.mp4,missing_file
63725,raw/videos/63725.mp4,missing_file
63727,raw/videos/63727.mp4,missing_file
63728,raw/videos/63728.mp4,missing_file
63750,raw/videos/63750.mp4,missing_file
63757,raw/videos/63757.mp4,missing_file
63758,raw/videos/63758.mp4,missing_file
63759,raw/videos/63759.mp4,missing_file
63761,raw/videos/63761.mp4,missing_file
63762,raw/videos/63762.mp4,missing_file
63769,raw/videos/63769.mp4,missing_file
63779,raw/videos/63779.mp4,missing_file
63782,raw/videos/63782.mp4,missing_file
63784,raw/videos/63784.mp4,missing_file
63794,raw/videos/63794.mp4,missing_file
63801,raw/videos/63801.mp4,missing_file
63802,raw/videos/63802.mp4,missing_file
63803,raw/videos/63803.mp4,missing_file
63804,raw/videos/63804.mp4,missing_file
63805,raw/videos/63805.mp4,missing_file
63820,raw/videos/63820.mp4,missing_file
63823,raw/videos/63823.mp4,missing_file
63825,raw/videos/63825.mp4,missing_file
63826,raw/videos/63826.mp4,missing_file
63830,raw/videos/63830.mp4,missing_file
63834,raw/videos/63834.mp4,missing_file
63838,raw/videos/63838.mp4,missing_file
63839,raw/videos/63839.mp4,missing_file
63840,raw/videos/63840.mp4,missing_file
63852,raw/videos/63852.mp4,missing_file
63854,raw/videos/63854.mp4,missing_file
63855,raw/videos/63855.mp4,missing_file
63872,raw/videos/63872.mp4,missing_file
63877,raw/videos/63877.mp4,missing_file
63878,raw/videos/63878.mp4,missing_file
63881,raw/videos/63881.mp4,missing_file
63882,raw/videos/63882.mp4,missing_file
63884,raw/videos/63884.mp4,missing_file
63888,raw/videos/63888.mp4,missing_file
63890,raw/videos/63890.mp4,missing_file
63916,raw/videos/63916.mp4,missing_file
63919,raw/videos/63919.mp4,missing_file
63921,raw/videos/63921.mp4,missing_file
63947,raw/videos/63947.mp4,missing_file
63961,raw/videos/63961.mp4,missing_file
63972,raw/videos/63972.mp4,missing_file
63976,raw/videos/63976.mp4,missing_file
64000,raw/videos/64000.mp4,missing_file
64002,raw/videos/64002.mp4,missing_file
64006,raw/videos/64006.mp4,missing_file
64010,raw/videos/64010.mp4,missing_file
64011,raw/videos/64011.mp4,missing_file
64012,raw/videos/64012.mp4,missing_file
64041,raw/videos/64041.mp4,missing_file
64045,raw/videos/64045.mp4,missing_file
64047,raw/videos/64047.mp4,missing_file
64049,raw/videos/64049.mp4,missing_file
64062,raw/videos/64062.mp4,missing_file
64064,raw/videos/64064.mp4,missing_file
64066,raw/videos/64066.mp4,missing_file
64067,raw/videos/64067.mp4,missing_file
64082,raw/videos/64082.mp4,missing_file
64089,raw/videos/64089.mp4,missing_file
64092,raw/videos/64092.mp4,missing_file
64093,raw/videos/64093.mp4,missing_file
64094,raw/videos/64094.mp4,missing_file
64095,raw/videos/64095.mp4,missing_file
64096,raw/videos/64096.mp4,missing_file
64201,raw/videos/64201.mp4,missing_file
64215,raw/videos/64215.mp4,missing_file
64216,raw/videos/64216.mp4,missing_file
64217,raw/videos/64217.mp4,missing_file
64221,raw/videos/64221.mp4,missing_file
64222,raw/videos/64222.mp4,missing_file
64223,raw/videos/64223.mp4,missing_file
64260,raw/videos/64260.mp4,missing_file
64265,raw/videos/64265.mp4,missing_file
64267,raw/videos/64267.mp4,missing_file
64268,raw/videos/64268.mp4,missing_file
64269,raw/videos/64269.mp4,missing_file
64270,raw/videos/64270.mp4,missing_file
64275,raw/videos/64275.mp4,missing_file
64289,raw/videos/64289.mp4,missing_file
64290,raw/videos/64290.mp4,missing_file
64294,raw/videos/64294.mp4,missing_file
64295,raw/videos/64295.mp4,missing_file
64296,raw/videos/64296.mp4,missing_file
64297,raw/videos/64297.mp4,missing_file
64298,raw/videos/64298.mp4,missing_file
64299,raw/videos/64299.mp4,missing_file
64303,raw/videos/64303.mp4,missing_file
64310,raw/videos/64310.mp4,missing_file
64312,raw/videos/64312.mp4,missing_file
64313,raw/videos/64313.mp4,missing_file
64314,raw/videos/64314.mp4,missing_file
64351,raw/videos/64351.mp4,missing_file
64384,raw/videos/64384.mp4,missing_file
64386,raw/videos/64386.mp4,missing_file
64387,raw/videos/64387.mp4,missing_file
64388,raw/videos/64388.mp4,missing_file
64389,raw/videos/64389.mp4,missing_file
64390,raw/videos/64390.mp4,missing_file
64401,raw/videos/64401.mp4,missing_file
64415,raw/videos/64415.mp4,missing_file
64417,raw/videos/64417.mp4,missing_file
64418,raw/videos/64418.mp4,missing_file
64423,raw/videos/64423.mp4,missing_file
64431,raw/videos/64431.mp4,missing_file
64432,raw/videos/64432.mp4,missing_file
64435,raw/videos/64435.mp4,missing_file
64436,raw/videos/64436.mp4,missing_file
64437,raw/videos/64437.mp4,missing_file
64438,raw/videos/64438.mp4,missing_file
64439,raw/videos/64439.mp4,missing_file
64440,raw/videos/64440.mp4,missing_file
64444,raw/videos/64444.mp4,missing_file
64449,raw/videos/64449.mp4,missing_file
64450,raw/videos/64450.mp4,missing_file
64455,raw/videos/64455.mp4,missing_file
64456,raw/videos/64456.mp4,missing_file
64543,raw/videos/64543.mp4,missing_file
64546,raw/videos/64546.mp4,missing_file
64548,raw/videos/64548.mp4,missing_file
64550,raw/videos/64550.mp4,missing_file
65115,raw/videos/65115.mp4,missing_file
65225,raw/videos/65225.mp4,missing_file
65302,raw/videos/65302.mp4,missing_file
65332,raw/videos/65332.mp4,missing_file
65358,raw/videos/65358.mp4,missing_file
65399,raw/videos/65399.mp4,missing_file
65432,raw/videos/65432.mp4,missing_file
65500,raw/videos/65500.mp4,missing_file
65648,raw/videos/65648.mp4,missing_file
65717,raw/videos/65717.mp4,missing_file
65801,raw/videos/65801.mp4,missing_file
65805,raw/videos/65805.mp4,missing_file
65862,raw/videos/65862.mp4,missing_file
65877,raw/videos/65877.mp4,missing_file
65960,raw/videos/65960.mp4,missing_file
66028,raw/videos/66028.mp4,missing_file
66266,raw/videos/66266.mp4,missing_file
66325,raw/videos/66325.mp4,missing_file
66412,raw/videos/66412.mp4,missing_file
66549,raw/videos/66549.mp4,missing_file
66780,raw/videos/66780.mp4,missing_file
67003,raw/videos/67003.mp4,missing_file
67004,raw/videos/67004.mp4,missing_file
67005,raw/videos/67005.mp4,missing_file
67006,raw/videos/67006.mp4,missing_file
67007,raw/videos/67007.mp4,missing_file
67008,raw/videos/67008.mp4,missing_file
67009,raw/videos/67009.mp4,missing_file
67010,raw/videos/67010.mp4,missing_file
67012,raw/videos/67012.mp4,missing_file
67013,raw/videos/67013.mp4,missing_file
67014,raw/videos/67014.mp4,missing_file
67015,raw/videos/67015.mp4,missing_file
67016,raw/videos/67016.mp4,missing_file
67017,raw/videos/67017.mp4,missing_file
67018,raw/videos/67018.mp4,missing_file
67019,raw/videos/67019.mp4,missing_file
67021,raw/videos/67021.mp4,missing_file
67022,raw/videos/67022.mp4,missing_file
67023,raw/videos/67023.mp4,missing_file
67025,raw/videos/67025.mp4,missing_file
67026,raw/videos/67026.mp4,missing_file
67029,raw/videos/67029.mp4,missing_file
67030,raw/videos/67030.mp4,missing_file
67031,raw/videos/67031.mp4,missing_file
67032,raw/videos/67032.mp4,missing_file
67033,raw/videos/67033.mp4,missing_file
67034,raw/videos/67034.mp4,missing_file
67035,raw/videos/67035.mp4,missing_file
67036,raw/videos/67036.mp4,missing_file
67037,raw/videos/67037.mp4,missing_file
67038,raw/videos/67038.mp4,missing_file
67039,raw/videos/67039.mp4,missing_file
67040,raw/videos/67040.mp4,missing_file
67041,raw/videos/67041.mp4,missing_file
67043,raw/videos/67043.mp4,missing_file
67044,raw/videos/67044.mp4,missing_file
67046,raw/videos/67046.mp4,missing_file
67047,raw/videos/67047.mp4,missing_file
67048,raw/videos/67048.mp4,missing_file
67049,raw/videos/67049.mp4,missing_file
67050,raw/videos/67050.mp4,missing_file
67051,raw/videos/67051.mp4,missing_file
67052,raw/videos/67052.mp4,missing_file
67053,raw/videos/67053.mp4,missing_file
67055,raw/videos/67055.mp4,missing_file
67056,raw/videos/67056.mp4,missing_file
67057,raw/videos/67057.mp4,missing_file
67058,raw/videos/67058.mp4,missing_file
67060,raw/videos/67060.mp4,missing_file
67061,raw/videos/67061.mp4,missing_file
67062,raw/videos/67062.mp4,missing_file
67064,raw/videos/67064.mp4,missing_file
67065,raw/videos/67065.mp4,missing_file
67066,raw/videos/67066.mp4,missing_file
67067,raw/videos/67067.mp4,missing_file
67068,raw/videos/67068.mp4,missing_file
67069,raw/videos/67069.mp4,missing_file
67071,raw/videos/67071.mp4,missing_file
67072,raw/videos/67072.mp4,missing_file
67074,raw/videos/67074.mp4,missing_file
67076,raw/videos/67076.mp4,missing_file
67077,raw/videos/67077.mp4,missing_file
67078,raw/videos/67078.mp4,missing_file
67079,raw/videos/67079.mp4,missing_file
67080,raw/videos/67080.mp4,missing_file
67081,raw/videos/67081.mp4,missing_file
67083,raw/videos/67083.mp4,missing_file
67086,raw/videos/67086.mp4,missing_file
67087,raw/videos/67087.mp4,missing_file
67089,raw/videos/67089.mp4,missing_file
67091,raw/videos/67091.mp4,missing_file
67092,raw/videos/67092.mp4,missing_file
67093,raw/videos/67093.mp4,missing_file
67094,raw/videos/67094.mp4,missing_file
67096,raw/videos/67096.mp4,missing_file
67097,raw/videos/67097.mp4,missing_file
67100,raw/videos/67100.mp4,missing_file
67101,raw/videos/67101.mp4,missing_file
67102,raw/videos/67102.mp4,missing_file
67103,raw/videos/67103.mp4,missing_file
67104,raw/videos/67104.mp4,missing_file
67105,raw/videos/67105.mp4,missing_file
67106,raw/videos/67106.mp4,missing_file
67107,raw/videos/67107.mp4,missing_file
67108,raw/videos/67108.mp4,missing_file
67109,raw/videos/67109.mp4,missing_file
67111,raw/videos/67111.mp4,missing_file
67112,raw/videos/67112.mp4,missing_file
67113,raw/videos/67113.mp4,missing_file
67114,raw/videos/67114.mp4,missing_file
67115,raw/videos/67115.mp4,missing_file
67116,raw/videos/67116.mp4,missing_file
67117,raw/videos/67117.mp4,missing_file
67118,raw/videos/67118.mp4,missing_file
67119,raw/videos/67119.mp4,missing_file
67120,raw/videos/67120.mp4,missing_file
67121,raw/videos/67121.mp4,missing_file
67122,raw/videos/67122.mp4,missing_file
67123,raw/videos/67123.mp4,missing_file
67125,raw/videos/67125.mp4,missing_file
67126,raw/videos/67126.mp4,missing_file
67127,raw/videos/67127.mp4,missing_file
67129,raw/videos/67129.mp4,missing_file
67130,raw/videos/67130.mp4,missing_file
67131,raw/videos/67131.mp4,missing_file
67132,raw/videos/67132.mp4,missing_file
67133,raw/videos/67133.mp4,missing_file
67134,raw/videos/67134.mp4,missing_file
67136,raw/videos/67136.mp4,missing_file
67137,raw/videos/67137.mp4,missing_file
67138,raw/videos/67138.mp4,missing_file
67139,raw/videos/67139.mp4,missing_file
67140,raw/videos/67140.mp4,missing_file
67142,raw/videos/67142.mp4,missing_file
67143,raw/videos/67143.mp4,missing_file
67144,raw/videos/67144.mp4,missing_file
67145,raw/videos/67145.mp4,missing_file
67146,raw/videos/67146.mp4,missing_file
67149,raw/videos/67149.mp4,missing_file
67150,raw/videos/67150.mp4,missing_file
67151,raw/videos/67151.mp4,missing_file
67152,raw/videos/67152.mp4,missing_file
67153,raw/videos/67153.mp4,missing_file
67154,raw/videos/67154.mp4,missing_file
67155,raw/videos/67155.mp4,missing_file
67157,raw/videos/67157.mp4,missing_file
67158,raw/videos/67158.mp4,missing_file
67159,raw/videos/67159.mp4,missing_file
67161,raw/videos/67161.mp4,missing_file
67162,raw/videos/67162.mp4,missing_file
67163,raw/videos/67163.mp4,missing_file
67164,raw/videos/67164.mp4,missing_file
67166,raw/videos/67166.mp4,missing_file
67167,raw/videos/67167.mp4,missing_file
67169,raw/videos/67169.mp4,missing_file
67170,raw/videos/67170.mp4,missing_file
67171,raw/videos/67171.mp4,missing_file
67172,raw/videos/67172.mp4,missing_file
67173,raw/videos/67173.mp4,missing_file
67174,raw/videos/67174.mp4,missing_file
67176,raw/videos/67176.mp4,missing_file
67177,raw/videos/67177.mp4,missing_file
67178,raw/videos/67178.mp4,missing_file
67180,raw/videos/67180.mp4,missing_file
67182,raw/videos/67182.mp4,missing_file
67184,raw/videos/67184.mp4,missing_file
67185,raw/videos/67185.mp4,missing_file
67186,raw/videos/67186.mp4,missing_file
67188,raw/videos/67188.mp4,missing_file
67190,raw/videos/67190.mp4,missing_file
67191,raw/videos/67191.mp4,missing_file
67192,raw/videos/67192.mp4,missing_file
67194,raw/videos/67194.mp4,missing_file
67195,raw/videos/67195.mp4,missing_file
67196,raw/videos/67196.mp4,missing_file
67197,raw/videos/67197.mp4,missing_file
67198,raw/videos/67198.mp4,missing_file
67199,raw/videos/67199.mp4,missing_file
67200,raw/videos/67200.mp4,missing_file
67201,raw/videos/67201.mp4,missing_file
67202,raw/videos/67202.mp4,missing_file
67203,raw/videos/67203.mp4,missing_file
67204,raw/videos/67204.mp4,missing_file
67205,raw/videos/67205.mp4,missing_file
67206,raw/videos/67206.mp4,missing_file
67207,raw/videos/67207.mp4,missing_file
67208,raw/videos/67208.mp4,missing_file
67209,raw/videos/67209.mp4,missing_file
67211,raw/videos/67211.mp4,missing_file
67212,raw/videos/67212.mp4,missing_file
67213,raw/videos/67213.mp4,missing_file
67214,raw/videos/67214.mp4,missing_file
67215,raw/videos/67215.mp4,missing_file
67216,raw/videos/67216.mp4,missing_file
67217,raw/videos/67217.mp4,missing_file
67218,raw/videos/67218.mp4,missing_file
67219,raw/videos/67219.mp4,missing_file
67220,raw/videos/67220.mp4,missing_file
67221,raw/videos/67221.mp4,missing_file
67222,raw/videos/67222.mp4,missing_file
67223,raw/videos/67223.mp4,missing_file
67224,raw/videos/67224.mp4,missing_file
67225,raw/videos/67225.mp4,missing_file
67226,raw/videos/67226.mp4,missing_file
67227,raw/videos/67227.mp4,missing_file
67228,raw/videos/67228.mp4,missing_file
67229,raw/videos/67229.mp4,missing_file
67230,raw/videos/67230.mp4,missing_file
67233,raw/videos/67233.mp4,missing_file
67234,raw/videos/67234.mp4,missing_file
67236,raw/videos/67236.mp4,missing_file
67237,raw/videos/67237.mp4,missing_file
67238,raw/videos/67238.mp4,missing_file
67239,raw/videos/67239.mp4,missing_file
67241,raw/videos/67241.mp4,missing_file
67242,raw/videos/67242.mp4,missing_file
67245,raw/videos/67245.mp4,missing_file
67247,raw/videos/67247.mp4,missing_file
67248,raw/videos/67248.mp4,missing_file
67249,raw/videos/67249.mp4,missing_file
67250,raw/videos/67250.mp4,missing_file
67251,raw/videos/67251.mp4,missing_file
67252,raw/videos/67252.mp4,missing_file
67253,raw/videos/67253.mp4,missing_file
67254,raw/videos/67254.mp4,missing_file
67255,raw/videos/67255.mp4,missing_file
67256,raw/videos/67256.mp4,missing_file
67257,raw/videos/67257.mp4,missing_file
67258,raw/videos/67258.mp4,missing_file
67259,raw/videos/67259.mp4,missing_file
67261,raw/videos/67261.mp4,missing_file
67262,raw/videos/67262.mp4,missing_file
67263,raw/videos/67263.mp4,missing_file
67265,raw/videos/67265.mp4,missing_file
67266,raw/videos/67266.mp4,missing_file
67267,raw/videos/67267.mp4,missing_file
67269,raw/videos/67269.mp4,missing_file
67270,raw/videos/67270.mp4,missing_file
67271,raw/videos/67271.mp4,missing_file
67272,raw/videos/67272.mp4,missing_file
67273,raw/videos/67273.mp4,missing_file
67274,raw/videos/67274.mp4,missing_file
67275,raw/videos/67275.mp4,missing_file
67277,raw/videos/67277.mp4,missing_file
67278,raw/videos/67278.mp4,missing_file
67279,raw/videos/67279.mp4,missing_file
67280,raw/videos/67280.mp4,missing_file
67281,raw/videos/67281.mp4,missing_file
67282,raw/videos/67282.mp4,missing_file
67284,raw/videos/67284.mp4,missing_file
67285,raw/videos/67285.mp4,missing_file
67286,raw/videos/67286.mp4,missing_file
67287,raw/videos/67287.mp4,missing_file
67289,raw/videos/67289.mp4,missing_file
67290,raw/videos/67290.mp4,missing_file
67291,raw/videos/67291.mp4,missing_file
67292,raw/videos/67292.mp4,missing_file
67293,raw/videos/67293.mp4,missing_file
67294,raw/videos/67294.mp4,missing_file
67295,raw/videos/67295.mp4,missing_file
67298,raw/videos/67298.mp4,missing_file
67299,raw/videos/67299.mp4,missing_file
67300,raw/videos/67300.mp4,missing_file
67303,raw/videos/67303.mp4,missing_file
67304,raw/videos/67304.mp4,missing_file
67305,raw/videos/67305.mp4,missing_file
67306,raw/videos/67306.mp4,missing_file
67308,raw/videos/67308.mp4,missing_file
67309,raw/videos/67309.mp4,missing_file
67310,raw/videos/67310.mp4,missing_file
67311,raw/videos/67311.mp4,missing_file
67312,raw/videos/67312.mp4,missing_file
67313,raw/videos/67313.mp4,missing_file
67314,raw/videos/67314.mp4,missing_file
67315,raw/videos/67315.mp4,missing_file
67316,raw/videos/67316.mp4,missing_file
67317,raw/videos/67317.mp4,missing_file
67318,raw/videos/67318.mp4,missing_file
67319,raw/videos/67319.mp4,missing_file
67320,raw/videos/67320.mp4,missing_file
67322,raw/videos/67322.mp4,missing_file
67323,raw/videos/67323.mp4,missing_file
67325,raw/videos/67325.mp4,missing_file
67326,raw/videos/67326.mp4,missing_file
67327,raw/videos/67327.mp4,missing_file
67328,raw/videos/67328.mp4,missing_file
67329,raw/videos/67329.mp4,missing_file
67330,raw/videos/67330.mp4,missing_file
67331,raw/videos/67331.mp4,missing_file
67332,raw/videos/67332.mp4,missing_file
67333,raw/videos/67333.mp4,missing_file
67334,raw/videos/67334.mp4,missing_file
67335,raw/videos/67335.mp4,missing_file
67339,raw/videos/67339.mp4,missing_file
67341,raw/videos/67341.mp4,missing_file
67342,raw/videos/67342.mp4,missing_file
67343,raw/videos/67343.mp4,missing_file
67344,raw/videos/67344.mp4,missing_file
67345,raw/videos/67345.mp4,missing_file
67346,raw/videos/67346.mp4,missing_file
67347,raw/videos/67347.mp4,missing_file
67348,raw/videos/67348.mp4,missing_file
67350,raw/videos/67350.mp4,missing_file
67351,raw/videos/67351.mp4,missing_file
67352,raw/videos/67352.mp4,missing_file
67353,raw/videos/67353.mp4,missing_file
67354,raw/videos/67354.mp4,missing_file
67355,raw/videos/67355.mp4,missing_file
67356,raw/videos/67356.mp4,missing_file
67357,raw/videos/67357.mp4,missing_file
67358,raw/videos/67358.mp4,missing_file
67359,raw/videos/67359.mp4,missing_file
67360,raw/videos/67360.mp4,missing_file
67361,raw/videos/67361.mp4,missing_file
67362,raw/videos/67362.mp4,missing_file
67363,raw/videos/67363.mp4,missing_file
67364,raw/videos/67364.mp4,missing_file
67365,raw/videos/67365.mp4,missing_file
67366,raw/videos/67366.mp4,missing_file
67367,raw/videos/67367.mp4,missing_file
67368,raw/videos/67368.mp4,missing_file
67369,raw/videos/67369.mp4,missing_file
67370,raw/videos/67370.mp4,missing_file
67371,raw/videos/67371.mp4,missing_file
67372,raw/videos/67372.mp4,missing_file
67373,raw/videos/67373.mp4,missing_file
67374,raw/videos/67374.mp4,missing_file
67375,raw/videos/67375.mp4,missing_file
67376,raw/videos/67376.mp4,missing_file
67377,raw/videos/67377.mp4,missing_file
67378,raw/videos/67378.mp4,missing_file
67379,raw/videos/67379.mp4,missing_file
67381,raw/videos/67381.mp4,missing_file
67382,raw/videos/67382.mp4,missing_file
67383,raw/videos/67383.mp4,missing_file
67384,raw/videos/67384.mp4,missing_file
67385,raw/videos/67385.mp4,missing_file
67386,raw/videos/67386.mp4,missing_file
67387,raw/videos/67387.mp4,missing_file
67388,raw/videos/67388.mp4,missing_file
67389,raw/videos/67389.mp4,missing_file
67390,raw/videos/67390.mp4,missing_file
67391,raw/videos/67391.mp4,missing_file
67392,raw/videos/67392.mp4,missing_file
67393,raw/videos/67393.mp4,missing_file
67394,raw/videos/67394.mp4,missing_file
67395,raw/videos/67395.mp4,missing_file
67396,raw/videos/67396.mp4,missing_file
67397,raw/videos/67397.mp4,missing_file
67399,raw/videos/67399.mp4,missing_file
67400,raw/videos/67400.mp4,missing_file
67401,raw/videos/67401.mp4,missing_file
67402,raw/videos/67402.mp4,missing_file
67403,raw/videos/67403.mp4,missing_file
67404,raw/videos/67404.mp4,missing_file
67405,raw/videos/67405.mp4,missing_file
67406,raw/videos/67406.mp4,missing_file
67407,raw/videos/67407.mp4,missing_file
67408,raw/videos/67408.mp4,missing_file
67409,raw/videos/67409.mp4,missing_file
67410,raw/videos/67410.mp4,missing_file
67411,raw/videos/67411.mp4,missing_file
67412,raw/videos/67412.mp4,missing_file
67413,raw/videos/67413.mp4,missing_file
67414,raw/videos/67414.mp4,missing_file
67415,raw/videos/67415.mp4,missing_file
67416,raw/videos/67416.mp4,missing_file
67418,raw/videos/67418.mp4,missing_file
67420,raw/videos/67420.mp4,missing_file
67421,raw/videos/67421.mp4,missing_file
67422,raw/videos/67422.mp4,missing_file
67423,raw/videos/67423.mp4,missing_file
67424,raw/videos/67424.mp4,missing_file
67425,raw/videos/67425.mp4,missing_file
67426,raw/videos/67426.mp4,missing_file
67427,raw/videos/67427.mp4,missing_file
67428,raw/videos/67428.mp4,missing_file
67429,raw/videos/67429.mp4,missing_file
67430,raw/videos/67430.mp4,missing_file
67431,raw/videos/67431.mp4,missing_file
67433,raw/videos/67433.mp4,missing_file
67434,raw/videos/67434.mp4,missing_file
67435,raw/videos/67435.mp4,missing_file
67436,raw/videos/67436.mp4,missing_file
67437,raw/videos/67437.mp4,missing_file
67438,raw/videos/67438.mp4,missing_file
67439,raw/videos/67439.mp4,missing_file
67440,raw/videos/67440.mp4,missing_file
67441,raw/videos/67441.mp4,missing_file
67442,raw/videos/67442.mp4,missing_file
67444,raw/videos/67444.mp4,missing_file
67445,raw/videos/67445.mp4,missing_file
67446,raw/videos/67446.mp4,missing_file
67447,raw/videos/67447.mp4,missing_file
67448,raw/videos/67448.mp4,missing_file
67449,raw/videos/67449.mp4,missing_file
67450,raw/videos/67450.mp4,missing_file
67451,raw/videos/67451.mp4,missing_file
67452,raw/videos/67452.mp4,missing_file
67453,raw/videos/67453.mp4,missing_file
67454,raw/videos/67454.mp4,missing_file
67455,raw/videos/67455.mp4,missing_file
67456,raw/videos/67456.mp4,missing_file
67457,raw/videos/67457.mp4,missing_file
67458,raw/videos/67458.mp4,missing_file
67460,raw/videos/67460.mp4,missing_file
67463,raw/videos/67463.mp4,missing_file
67464,raw/videos/67464.mp4,missing_file
67465,raw/videos/67465.mp4,missing_file
67466,raw/videos/67466.mp4,missing_file
67468,raw/videos/67468.mp4,missing_file
67469,raw/videos/67469.mp4,missing_file
67470,raw/videos/67470.mp4,missing_file
67471,raw/videos/67471.mp4,missing_file
67472,raw/videos/67472.mp4,missing_file
67473,raw/videos/67473.mp4,missing_file
67474,raw/videos/67474.mp4,missing_file
67475,raw/videos/67475.mp4,missing_file
67477,raw/videos/67477.mp4,missing_file
67478,raw/videos/67478.mp4,missing_file
67479,raw/videos/67479.mp4,missing_file
67480,raw/videos/67480.mp4,missing_file
67481,raw/videos/67481.mp4,missing_file
67482,raw/videos/67482.mp4,missing_file
67483,raw/videos/67483.mp4,missing_file
67484,raw/videos/67484.mp4,missing_file
67485,raw/videos/67485.mp4,missing_file
67487,raw/videos/67487.mp4,missing_file
67488,raw/videos/67488.mp4,missing_file
67489,raw/videos/67489.mp4,missing_file
67490,raw/videos/67490.mp4,missing_file
67491,raw/videos/67491.mp4,missing_file
67492,raw/videos/67492.mp4,missing_file
67493,raw/videos/67493.mp4,missing_file
67494,raw/videos/67494.mp4,missing_file
67495,raw/videos/67495.mp4,missing_file
67496,raw/videos/67496.mp4,missing_file
67497,raw/videos/67497.mp4,missing_file
67499,raw/videos/67499.mp4,missing_file
67500,raw/videos/67500.mp4,missing_file
67501,raw/videos/67501.mp4,missing_file
67502,raw/videos/67502.mp4,missing_file
67503,raw/videos/67503.mp4,missing_file
67504,raw/videos/67504.mp4,missing_file
67505,raw/videos/67505.mp4,missing_file
67506,raw/videos/67506.mp4,missing_file
67507,raw/videos/67507.mp4,missing_file
67509,raw/videos/67509.mp4,missing_file
67510,raw/videos/67510.mp4,missing_file
67512,raw/videos/67512.mp4,missing_file
67513,raw/videos/67513.mp4,missing_file
67514,raw/videos/67514.mp4,missing_file
67515,raw/videos/67515.mp4,missing_file
67518,raw/videos/67518.mp4,missing_file
67519,raw/videos/67519.mp4,missing_file
67521,raw/videos/67521.mp4,missing_file
67523,raw/videos/67523.mp4,missing_file
67524,raw/videos/67524.mp4,missing_file
67525,raw/videos/67525.mp4,missing_file
67526,raw/videos/67526.mp4,missing_file
67527,raw/videos/67527.mp4,missing_file
67528,raw/videos/67528.mp4,missing_file
67530,raw/videos/67530.mp4,missing_file
67531,raw/videos/67531.mp4,missing_file
67532,raw/videos/67532.mp4,missing_file
67533,raw/videos/67533.mp4,missing_file
67534,raw/videos/67534.mp4,missing_file
67535,raw/videos/67535.mp4,missing_file
67536,raw/videos/67536.mp4,missing_file
67537,raw/videos/67537.mp4,missing_file
67539,raw/videos/67539.mp4,missing_file
67541,raw/videos/67541.mp4,missing_file
67543,raw/videos/67543.mp4,missing_file
67544,raw/videos/67544.mp4,missing_file
67545,raw/videos/67545.mp4,missing_file
67546,raw/videos/67546.mp4,missing_file
67547,raw/videos/67547.mp4,missing_file
67548,raw/videos/67548.mp4,missing_file
67549,raw/videos/67549.mp4,missing_file
67550,raw/videos/67550.mp4,missing_file
67551,raw/videos/67551.mp4,missing_file
67553,raw/videos/67553.mp4,missing_file
67554,raw/videos/67554.mp4,missing_file
67555,raw/videos/67555.mp4,missing_file
67556,raw/videos/67556.mp4,missing_file
67557,raw/videos/67557.mp4,missing_file
67558,raw/videos/67558.mp4,missing_file
67559,raw/videos/67559.mp4,missing_file
67560,raw/videos/67560.mp4,missing_file
67561,raw/videos/67561.mp4,missing_file
67562,raw/videos/67562.mp4,missing_file
67563,raw/videos/67563.mp4,missing_file
67564,raw/videos/67564.mp4,missing_file
67565,raw/videos/67565.mp4,missing_file
67566,raw/videos/67566.mp4,missing_file
67567,raw/videos/67567.mp4,missing_file
67568,raw/videos/67568.mp4,missing_file
67569,raw/videos/67569.mp4,missing_file
67570,raw/videos/67570.mp4,missing_file
67571,raw/videos/67571.mp4,missing_file
67572,raw/videos/67572.mp4,missing_file
67574,raw/videos/67574.mp4,missing_file
67576,raw/videos/67576.mp4,missing_file
67577,raw/videos/67577.mp4,missing_file
67578,raw/videos/67578.mp4,missing_file
67579,raw/videos/67579.mp4,missing_file
67580,raw/videos/67580.mp4,missing_file
67581,raw/videos/67581.mp4,missing_file
67583,raw/videos/67583.mp4,missing_file
67584,raw/videos/67584.mp4,missing_file
67586,raw/videos/67586.mp4,missing_file
67588,raw/videos/67588.mp4,missing_file
67590,raw/videos/67590.mp4,missing_file
67591,raw/videos/67591.mp4,missing_file
67593,raw/videos/67593.mp4,missing_file
67594,raw/videos/67594.mp4,missing_file
67595,raw/videos/67595.mp4,missing_file
67597,raw/videos/67597.mp4,missing_file
67598,raw/videos/67598.mp4,missing_file
67600,raw/videos/67600.mp4,missing_file
67601,raw/videos/67601.mp4,missing_file
67602,raw/videos/67602.mp4,missing_file
67603,raw/videos/67603.mp4,missing_file
67604,raw/videos/67604.mp4,missing_file
67605,raw/videos/67605.mp4,missing_file
67606,raw/videos/67606.mp4,missing_file
67607,raw/videos/67607.mp4,missing_file
67608,raw/videos/67608.mp4,missing_file
67609,raw/videos/67609.mp4,missing_file
67610,raw/videos/67610.mp4,missing_file
67611,raw/videos/67611.mp4,missing_file
67612,raw/videos/67612.mp4,missing_file
67614,raw/videos/67614.mp4,missing_file
67615,raw/videos/67615.mp4,missing_file
67617,raw/videos/67617.mp4,missing_file
67618,raw/videos/67618.mp4,missing_file
67619,raw/videos/67619.mp4,missing_file
67621,raw/videos/67621.mp4,missing_file
67622,raw/videos/67622.mp4,missing_file
67623,raw/videos/67623.mp4,missing_file
67624,raw/videos/67624.mp4,missing_file
67625,raw/videos/67625.mp4,missing_file
67626,raw/videos/67626.mp4,missing_file
67627,raw/videos/67627.mp4,missing_file
67628,raw/videos/67628.mp4,missing_file
67629,raw/videos/67629.mp4,missing_file
67630,raw/videos/67630.mp4,missing_file
67631,raw/videos/67631.mp4,missing_file
67632,raw/videos/67632.mp4,missing_file
67633,raw/videos/67633.mp4,missing_file
67634,raw/videos/67634.mp4,missing_file
67635,raw/videos/67635.mp4,missing_file
67636,raw/videos/67636.mp4,missing_file
67638,raw/videos/67638.mp4,missing_file
67639,raw/videos/67639.mp4,missing_file
67642,raw/videos/67642.mp4,missing_file
67643,raw/videos/67643.mp4,missing_file
67645,raw/videos/67645.mp4,missing_file
67646,raw/videos/67646.mp4,missing_file
67647,raw/videos/67647.mp4,missing_file
67649,raw/videos/67649.mp4,missing_file
67650,raw/videos/67650.mp4,missing_file
67651,raw/videos/67651.mp4,missing_file
67652,raw/videos/67652.mp4,missing_file
67653,raw/videos/67653.mp4,missing_file
67655,raw/videos/67655.mp4,missing_file
67657,raw/videos/67657.mp4,missing_file
67658,raw/videos/67658.mp4,missing_file
67659,raw/videos/67659.mp4,missing_file
67660,raw/videos/67660.mp4,missing_file
67663,raw/videos/67663.mp4,missing_file
67664,raw/videos/67664.mp4,missing_file
67666,raw/videos/67666.mp4,missing_file
67667,raw/videos/67667.mp4,missing_file
67668,raw/videos/67668.mp4,missing_file
67669,raw/videos/67669.mp4,missing_file
67671,raw/videos/67671.mp4,missing_file
67672,raw/videos/67672.mp4,missing_file
67673,raw/videos/67673.mp4,missing_file
67674,raw/videos/67674.mp4,missing_file
67675,raw/videos/67675.mp4,missing_file
67676,raw/videos/67676.mp4,missing_file
67679,raw/videos/67679.mp4,missing_file
67682,raw/videos/67682.mp4,missing_file
67683,raw/videos/67683.mp4,missing_file
67684,raw/videos/67684.mp4,missing_file
67688,raw/videos/67688.mp4,missing_file
67690,raw/videos/67690.mp4,missing_file
67691,raw/videos/67691.mp4,missing_file
67692,raw/videos/67692.mp4,missing_file
67693,raw/videos/67693.mp4,missing_file
67694,raw/videos/67694.mp4,missing_file
67695,raw/videos/67695.mp4,missing_file
67696,raw/videos/67696.mp4,missing_file
67697,raw/videos/67697.mp4,missing_file
67699,raw/videos/67699.mp4,missing_file
67700,raw/videos/67700.mp4,missing_file
67701,raw/videos/67701.mp4,missing_file
67702,raw/videos/67702.mp4,missing_file
67703,raw/videos/67703.mp4,missing_file
67704,raw/videos/67704.mp4,missing_file
67705,raw/videos/67705.mp4,missing_file
67706,raw/videos/67706.mp4,missing_file
67707,raw/videos/67707.mp4,missing_file
67708,raw/videos/67708.mp4,missing_file
67709,raw/videos/67709.mp4,missing_file
67710,raw/videos/67710.mp4,missing_file
67711,raw/videos/67711.mp4,missing_file
67714,raw/videos/67714.mp4,missing_file
67715,raw/videos/67715.mp4,missing_file
67716,raw/videos/67716.mp4,missing_file
67717,raw/videos/67717.mp4,missing_file
67718,raw/videos/67718.mp4,missing_file
67719,raw/videos/67719.mp4,missing_file
67720,raw/videos/67720.mp4,missing_file
67721,raw/videos/67721.mp4,missing_file
67722,raw/videos/67722.mp4,missing_file
67723,raw/videos/67723.mp4,missing_file
67724,raw/videos/67724.mp4,missing_file
67725,raw/videos/67725.mp4,missing_file
67726,raw/videos/67726.mp4,missing_file
67727,raw/videos/67727.mp4,missing_file
67728,raw/videos/67728.mp4,missing_file
67729,raw/videos/67729.mp4,missing_file
67730,raw/videos/67730.mp4,missing_file
67731,raw/videos/67731.mp4,missing_file
67732,raw/videos/67732.mp4,missing_file
67733,raw/videos/67733.mp4,missing_file
67734,raw/videos/67734.mp4,missing_file
67736,raw/videos/67736.mp4,missing_file
67737,raw/videos/67737.mp4,missing_file
67738,raw/videos/67738.mp4,missing_file
67740,raw/videos/67740.mp4,missing_file
67741,raw/videos/67741.mp4,missing_file
67742,raw/videos/67742.mp4,missing_file
67743,raw/videos/67743.mp4,missing_file
67744,raw/videos/67744.mp4,missing_file
67745,raw/videos/67745.mp4,missing_file
67746,raw/videos/67746.mp4,missing_file
67747,raw/videos/67747.mp4,missing_file
67749,raw/videos/67749.mp4,missing_file
67750,raw/videos/67750.mp4,missing_file
67751,raw/videos/67751.mp4,missing_file
67752,raw/videos/67752.mp4,missing_file
67753,raw/videos/67753.mp4,missing_file
67754,raw/videos/67754.mp4,missing_file
67755,raw/videos/67755.mp4,missing_file
67756,raw/videos/67756.mp4,missing_file
67757,raw/videos/67757.mp4,missing_file
67758,raw/videos/67758.mp4,missing_file
67759,raw/videos/67759.mp4,missing_file
67761,raw/videos/67761.mp4,missing_file
67762,raw/videos/67762.mp4,missing_file
67763,raw/videos/67763.mp4,missing_file
67765,raw/videos/67765.mp4,missing_file
67766,raw/videos/67766.mp4,missing_file
67767,raw/videos/67767.mp4,missing_file
67768,raw/videos/67768.mp4,missing_file
67769,raw/videos/67769.mp4,missing_file
67772,raw/videos/67772.mp4,missing_file
67773,raw/videos/67773.mp4,missing_file
67776,raw/videos/67776.mp4,missing_file
67777,raw/videos/67777.mp4,missing_file
67778,raw/videos/67778.mp4,missing_file
67779,raw/videos/67779.mp4,missing_file
67780,raw/videos/67780.mp4,missing_file
67781,raw/videos/67781.mp4,missing_file
67783,raw/videos/67783.mp4,missing_file
67784,raw/videos/67784.mp4,missing_file
67786,raw/videos/67786.mp4,missing_file
67787,raw/videos/67787.mp4,missing_file
67788,raw/videos/67788.mp4,missing_file
67792,raw/videos/67792.mp4,missing_file
67793,raw/videos/67793.mp4,missing_file
67794,raw/videos/67794.mp4,missing_file
67795,raw/videos/67795.mp4,missing_file
67796,raw/videos/67796.mp4,missing_file
67797,raw/videos/67797.mp4,missing_file
67798,raw/videos/67798.mp4,missing_file
67799,raw/videos/67799.mp4,missing_file
67800,raw/videos/67800.mp4,missing_file
67801,raw/videos/67801.mp4,missing_file
67802,raw/videos/67802.mp4,missing_file
67803,raw/videos/67803.mp4,missing_file
67804,raw/videos/67804.mp4,missing_file
67806,raw/videos/67806.mp4,missing_file
67808,raw/videos/67808.mp4,missing_file
67810,raw/videos/67810.mp4,missing_file
67811,raw/videos/67811.mp4,missing_file
67812,raw/videos/67812.mp4,missing_file
67813,raw/videos/67813.mp4,missing_file
67814,raw/videos/67814.mp4,missing_file
67815,raw/videos/67815.mp4,missing_file
67816,raw/videos/67816.mp4,missing_file
67817,raw/videos/67817.mp4,missing_file
67818,raw/videos/67818.mp4,missing_file
67819,raw/videos/67819.mp4,missing_file
67821,raw/videos/67821.mp4,missing_file
67823,raw/videos/67823.mp4,missing_file
67824,raw/videos/67824.mp4,missing_file
67825,raw/videos/67825.mp4,missing_file
67826,raw/videos/67826.mp4,missing_file
67827,raw/videos/67827.mp4,missing_file
67828,raw/videos/67828.mp4,missing_file
67829,raw/videos/67829.mp4,missing_file
67831,raw/videos/67831.mp4,missing_file
67832,raw/videos/67832.mp4,missing_file
67833,raw/videos/67833.mp4,missing_file
67835,raw/videos/67835.mp4,missing_file
67836,raw/videos/67836.mp4,missing_file
67837,raw/videos/67837.mp4,missing_file
67838,raw/videos/67838.mp4,missing_file
67839,raw/videos/67839.mp4,missing_file
67840,raw/videos/67840.mp4,missing_file
67842,raw/videos/67842.mp4,missing_file
67843,raw/videos/67843.mp4,missing_file
67844,raw/videos/67844.mp4,missing_file
67848,raw/videos/67848.mp4,missing_file
67849,raw/videos/67849.mp4,missing_file
67850,raw/videos/67850.mp4,missing_file
67851,raw/videos/67851.mp4,missing_file
67852,raw/videos/67852.mp4,missing_file
67853,raw/videos/67853.mp4,missing_file
67854,raw/videos/67854.mp4,missing_file
67855,raw/videos/67855.mp4,missing_file
67856,raw/videos/67856.mp4,missing_file
67859,raw/videos/67859.mp4,missing_file
67860,raw/videos/67860.mp4,missing_file
67861,raw/videos/67861.mp4,missing_file
67863,raw/videos/67863.mp4,missing_file
67865,raw/videos/67865.mp4,missing_file
67866,raw/videos/67866.mp4,missing_file
67867,raw/videos/67867.mp4,missing_file
67868,raw/videos/67868.mp4,missing_file
67871,raw/videos/67871.mp4,missing_file
67872,raw/videos/67872.mp4,missing_file
67873,raw/videos/67873.mp4,missing_file
67875,raw/videos/67875.mp4,missing_file
67876,raw/videos/67876.mp4,missing_file
67877,raw/videos/67877.mp4,missing_file
67879,raw/videos/67879.mp4,missing_file
67880,raw/videos/67880.mp4,missing_file
67881,raw/videos/67881.mp4,missing_file
67882,raw/videos/67882.mp4,missing_file
67883,raw/videos/67883.mp4,missing_file
67884,raw/videos/67884.mp4,missing_file
67885,raw/videos/67885.mp4,missing_file
67886,raw/videos/67886.mp4,missing_file
67887,raw/videos/67887.mp4,missing_file
67888,raw/videos/67888.mp4,missing_file
67890,raw/videos/67890.mp4,missing_file
67891,raw/videos/67891.mp4,missing_file
67892,raw/videos/67892.mp4,missing_file
67893,raw/videos/67893.mp4,missing_file
67895,raw/videos/67895.mp4,missing_file
67896,raw/videos/67896.mp4,missing_file
67897,raw/videos/67897.mp4,missing_file
67898,raw/videos/67898.mp4,missing_file
67899,raw/videos/67899.mp4,missing_file
67900,raw/videos/67900.mp4,missing_file
67901,raw/videos/67901.mp4,missing_file
67902,raw/videos/67902.mp4,missing_file
67903,raw/videos/67903.mp4,missing_file
67904,raw/videos/67904.mp4,missing_file
67906,raw/videos/67906.mp4,missing_file
67907,raw/videos/67907.mp4,missing_file
67908,raw/videos/67908.mp4,missing_file
67909,raw/videos/67909.mp4,missing_file
67910,raw/videos/67910.mp4,missing_file
67911,raw/videos/67911.mp4,missing_file
67912,raw/videos/67912.mp4,missing_file
67913,raw/videos/67913.mp4,missing_file
67914,raw/videos/67914.mp4,missing_file
67916,raw/videos/67916.mp4,missing_file
67917,raw/videos/67917.mp4,missing_file
67918,raw/videos/67918.mp4,missing_file
67919,raw/videos/67919.mp4,missing_file
67920,raw/videos/67920.mp4,missing_file
67921,raw/videos/67921.mp4,missing_file
67922,raw/videos/67922.mp4,missing_file
67923,raw/videos/67923.mp4,missing_file
67924,raw/videos/67924.mp4,missing_file
67925,raw/videos/67925.mp4,missing_file
67926,raw/videos/67926.mp4,missing_file
67927,raw/videos/67927.mp4,missing_file
67928,raw/videos/67928.mp4,missing_file
67929,raw/videos/67929.mp4,missing_file
67930,raw/videos/67930.mp4,missing_file
67931,raw/videos/67931.mp4,missing_file
67932,raw/videos/67932.mp4,missing_file
67933,raw/videos/67933.mp4,missing_file
67934,raw/videos/67934.mp4,missing_file
67936,raw/videos/67936.mp4,missing_file
67937,raw/videos/67937.mp4,missing_file
67938,raw/videos/67938.mp4,missing_file
67940,raw/videos/67940.mp4,missing_file
67941,raw/videos/67941.mp4,missing_file
67943,raw/videos/67943.mp4,missing_file
67944,raw/videos/67944.mp4,missing_file
67946,raw/videos/67946.mp4,missing_file
67948,raw/videos/67948.mp4,missing_file
67949,raw/videos/67949.mp4,missing_file
67950,raw/videos/67950.mp4,missing_file
67951,raw/videos/67951.mp4,missing_file
67952,raw/videos/67952.mp4,missing_file
67953,raw/videos/67953.mp4,missing_file
67955,raw/videos/67955.mp4,missing_file
67956,raw/videos/67956.mp4,missing_file
67958,raw/videos/67958.mp4,missing_file
67959,raw/videos/67959.mp4,missing_file
67961,raw/videos/67961.mp4,missing_file
67962,raw/videos/67962.mp4,missing_file
67963,raw/videos/67963.mp4,missing_file
67964,raw/videos/67964.mp4,missing_file
67965,raw/videos/67965.mp4,missing_file
67966,raw/videos/67966.mp4,missing_file
67968,raw/videos/67968.mp4,missing_file
67969,raw/videos/67969.mp4,missing_file
67970,raw/videos/67970.mp4,missing_file
67971,raw/videos/67971.mp4,missing_file
67973,raw/videos/67973.mp4,missing_file
67974,raw/videos/67974.mp4,missing_file
67975,raw/videos/67975.mp4,missing_file
67977,raw/videos/67977.mp4,missing_file
67978,raw/videos/67978.mp4,missing_file
67979,raw/videos/67979.mp4,missing_file
67980,raw/videos/67980.mp4,missing_file
67981,raw/videos/67981.mp4,missing_file
67982,raw/videos/67982.mp4,missing_file
67983,raw/videos/67983.mp4,missing_file
67984,raw/videos/67984.mp4,missing_file
67987,raw/videos/67987.mp4,missing_file
67990,raw/videos/67990.mp4,missing_file
67992,raw/videos/67992.mp4,missing_file
68001,raw/videos/68001.mp4,missing_file
68002,raw/videos/68002.mp4,missing_file
68003,raw/videos/68003.mp4,missing_file
68004,raw/videos/68004.mp4,missing_file
68005,raw/videos/68005.mp4,missing_file
68007,raw/videos/68007.mp4,missing_file
68008,raw/videos/68008.mp4,missing_file
68010,raw/videos/68010.mp4,missing_file
68011,raw/videos/68011.mp4,missing_file
68012,raw/videos/68012.mp4,missing_file
68013,raw/videos/68013.mp4,missing_file
68016,raw/videos/68016.mp4,missing_file
68017,raw/videos/68017.mp4,missing_file
68018,raw/videos/68018.mp4,missing_file
68019,raw/videos/68019.mp4,missing_file
68020,raw/videos/68020.mp4,missing_file
68021,raw/videos/68021.mp4,missing_file
68024,raw/videos/68024.mp4,missing_file
68025,raw/videos/68025.mp4,missing_file
68026,raw/videos/68026.mp4,missing_file
68027,raw/videos/68027.mp4,missing_file
68028,raw/videos/68028.mp4,missing_file
68029,raw/videos/68029.mp4,missing_file
68032,raw/videos/68032.mp4,missing_file
68033,raw/videos/68033.mp4,missing_file
68034,raw/videos/68034.mp4,missing_file
68035,raw/videos/68035.mp4,missing_file
68037,raw/videos/68037.mp4,missing_file
68038,raw/videos/68038.mp4,missing_file
68039,raw/videos/68039.mp4,missing_file
68040,raw/videos/68040.mp4,missing_file
68041,raw/videos/68041.mp4,missing_file
68042,raw/videos/68042.mp4,missing_file
68043,raw/videos/68043.mp4,missing_file
68044,raw/videos/68044.mp4,missing_file
68045,raw/videos/68045.mp4,missing_file
68046,raw/videos/68046.mp4,missing_file
68047,raw/videos/68047.mp4,missing_file
68048,raw/videos/68048.mp4,missing_file
68049,raw/videos/68049.mp4,missing_file
68050,raw/videos/68050.mp4,missing_file
68052,raw/videos/68052.mp4,missing_file
68053,raw/videos/68053.mp4,missing_file
68054,raw/videos/68054.mp4,missing_file
68055,raw/videos/68055.mp4,missing_file
68056,raw/videos/68056.mp4,missing_file
68062,raw/videos/68062.mp4,missing_file
68063,raw/videos/68063.mp4,missing_file
68064,raw/videos/68064.mp4,missing_file
68065,raw/videos/68065.mp4,missing_file
68066,raw/videos/68066.mp4,missing_file
68067,raw/videos/68067.mp4,missing_file
68068,raw/videos/68068.mp4,missing_file
68069,raw/videos/68069.mp4,missing_file
68070,raw/videos/68070.mp4,missing_file
68072,raw/videos/68072.mp4,missing_file
68073,raw/videos/68073.mp4,missing_file
68077,raw/videos/68077.mp4,missing_file
68079,raw/videos/68079.mp4,missing_file
68080,raw/videos/68080.mp4,missing_file
68084,raw/videos/68084.mp4,missing_file
68085,raw/videos/68085.mp4,missing_file
68086,raw/videos/68086.mp4,missing_file
68088,raw/videos/68088.mp4,missing_file
68089,raw/videos/68089.mp4,missing_file
68090,raw/videos/68090.mp4,missing_file
68093,raw/videos/68093.mp4,missing_file
68094,raw/videos/68094.mp4,missing_file
68097,raw/videos/68097.mp4,missing_file
68099,raw/videos/68099.mp4,missing_file
68100,raw/videos/68100.mp4,missing_file
68101,raw/videos/68101.mp4,missing_file
68102,raw/videos/68102.mp4,missing_file
68104,raw/videos/68104.mp4,missing_file
68105,raw/videos/68105.mp4,missing_file
68106,raw/videos/68106.mp4,missing_file
68110,raw/videos/68110.mp4,missing_file
68111,raw/videos/68111.mp4,missing_file
68114,raw/videos/68114.mp4,missing_file
68117,raw/videos/68117.mp4,missing_file
68118,raw/videos/68118.mp4,missing_file
68122,raw/videos/68122.mp4,missing_file
68125,raw/videos/68125.mp4,missing_file
68126,raw/videos/68126.mp4,missing_file
68127,raw/videos/68127.mp4,missing_file
68128,raw/videos/68128.mp4,missing_file
68129,raw/videos/68129.mp4,missing_file
68130,raw/videos/68130.mp4,missing_file
68131,raw/videos/68131.mp4,missing_file
68132,raw/videos/68132.mp4,missing_file
68133,raw/videos/68133.mp4,missing_file
68134,raw/videos/68134.mp4,missing_file
68137,raw/videos/68137.mp4,missing_file
68138,raw/videos/68138.mp4,missing_file
68139,raw/videos/68139.mp4,missing_file
68141,raw/videos/68141.mp4,missing_file
68142,raw/videos/68142.mp4,missing_file
68145,raw/videos/68145.mp4,missing_file
68146,raw/videos/68146.mp4,missing_file
68150,raw/videos/68150.mp4,missing_file
68151,raw/videos/68151.mp4,missing_file
68152,raw/videos/68152.mp4,missing_file
68154,raw/videos/68154.mp4,missing_file
68157,raw/videos/68157.mp4,missing_file
68158,raw/videos/68158.mp4,missing_file
68159,raw/videos/68159.mp4,missing_file
68160,raw/videos/68160.mp4,missing_file
68161,raw/videos/68161.mp4,missing_file
68162,raw/videos/68162.mp4,missing_file
68164,raw/videos/68164.mp4,missing_file
68165,raw/videos/68165.mp4,missing_file
68166,raw/videos/68166.mp4,missing_file
68167,raw/videos/68167.mp4,missing_file
68168,raw/videos/68168.mp4,missing_file
68169,raw/videos/68169.mp4,missing_file
68171,raw/videos/68171.mp4,missing_file
68172,raw/videos/68172.mp4,missing_file
68173,raw/videos/68173.mp4,missing_file
68177,raw/videos/68177.mp4,missing_file
68178,raw/videos/68178.mp4,missing_file
68179,raw/videos/68179.mp4,missing_file
68181,raw/videos/68181.mp4,missing_file
68182,raw/videos/68182.mp4,missing_file
68183,raw/videos/68183.mp4,missing_file
68184,raw/videos/68184.mp4,missing_file
68185,raw/videos/68185.mp4,missing_file
68186,raw/videos/68186.mp4,missing_file
68187,raw/videos/68187.mp4,missing_file
68189,raw/videos/68189.mp4,missing_file
68190,raw/videos/68190.mp4,missing_file
68191,raw/videos/68191.mp4,missing_file
68192,raw/videos/68192.mp4,missing_file
68193,raw/videos/68193.mp4,missing_file
68202,raw/videos/68202.mp4,missing_file
68204,raw/videos/68204.mp4,missing_file
68206,raw/videos/68206.mp4,missing_file
68208,raw/videos/68208.mp4,missing_file
68212,raw/videos/68212.mp4,missing_file
68214,raw/videos/68214.mp4,missing_file
68218,raw/videos/68218.mp4,missing_file
68226,raw/videos/68226.mp4,missing_file
68228,raw/videos/68228.mp4,missing_file
68230,raw/videos/68230.mp4,missing_file
68234,raw/videos/68234.mp4,missing_file
68236,raw/videos/68236.mp4,missing_file
68242,raw/videos/68242.mp4,missing_file
68248,raw/videos/68248.mp4,missing_file
68250,raw/videos/68250.mp4,missing_file
68266,raw/videos/68266.mp4,missing_file
68268,raw/videos/68268.mp4,missing_file
68274,raw/videos/68274.mp4,missing_file
68276,raw/videos/68276.mp4,missing_file
68284,raw/videos/68284.mp4,missing_file
68286,raw/videos/68286.mp4,missing_file
68288,raw/videos/68288.mp4,missing_file
68292,raw/videos/68292.mp4,missing_file
68294,raw/videos/68294.mp4,missing_file
68308,raw/videos/68308.mp4,missing_file
68320,raw/videos/68320.mp4,missing_file
68326,raw/videos/68326.mp4,missing_file
68328,raw/videos/68328.mp4,missing_file
68330,raw/videos/68330.mp4,missing_file
68334,raw/videos/68334.mp4,missing_file
68336,raw/videos/68336.mp4,missing_file
68338,raw/videos/68338.mp4,missing_file
68342,raw/videos/68342.mp4,missing_file
68344,raw/videos/68344.mp4,missing_file
68346,raw/videos/68346.mp4,missing_file
68350,raw/videos/68350.mp4,missing_file
68352,raw/videos/68352.mp4,missing_file
68356,raw/videos/68356.mp4,missing_file
68362,raw/videos/68362.mp4,missing_file
68364,raw/videos/68364.mp4,missing_file
68368,raw/videos/68368.mp4,missing_file
68372,raw/videos/68372.mp4,missing_file
68374,raw/videos/68374.mp4,missing_file
68376,raw/videos/68376.mp4,missing_file
68378,raw/videos/68378.mp4,missing_file
68380,raw/videos/68380.mp4,missing_file
68382,raw/videos/68382.mp4,missing_file
68388,raw/videos/68388.mp4,missing_file
68392,raw/videos/68392.mp4,missing_file
68396,raw/videos/68396.mp4,missing_file
68398,raw/videos/68398.mp4,missing_file
68400,raw/videos/68400.mp4,missing_file
68404,raw/videos/68404.mp4,missing_file
68406,raw/videos/68406.mp4,missing_file
68408,raw/videos/68408.mp4,missing_file
68410,raw/videos/68410.mp4,missing_file
68412,raw/videos/68412.mp4,missing_file
68416,raw/videos/68416.mp4,missing_file
68420,raw/videos/68420.mp4,missing_file
68422,raw/videos/68422.mp4,missing_file
68424,raw/videos/68424.mp4,missing_file
68426,raw/videos/68426.mp4,missing_file
68428,raw/videos/68428.mp4,missing_file
68432,raw/videos/68432.mp4,missing_file
68438,raw/videos/68438.mp4,missing_file
68444,raw/videos/68444.mp4,missing_file
68446,raw/videos/68446.mp4,missing_file
68450,raw/videos/68450.mp4,missing_file
68452,raw/videos/68452.mp4,missing_file
68466,raw/videos/68466.mp4,missing_file
68468,raw/videos/68468.mp4,missing_file
68470,raw/videos/68470.mp4,missing_file
68476,raw/videos/68476.mp4,missing_file
68478,raw/videos/68478.mp4,missing_file
68480,raw/videos/68480.mp4,missing_file
68482,raw/videos/68482.mp4,missing_file
68488,raw/videos/68488.mp4,missing_file
68490,raw/videos/68490.mp4,missing_file
68494,raw/videos/68494.mp4,missing_file
68496,raw/videos/68496.mp4,missing_file
68498,raw/videos/68498.mp4,missing_file
68502,raw/videos/68502.mp4,missing_file
68508,raw/videos/68508.mp4,missing_file
68510,raw/videos/68510.mp4,missing_file
68512,raw/videos/68512.mp4,missing_file
68514,raw/videos/68514.mp4,missing_file
68518,raw/videos/68518.mp4,missing_file
68520,raw/videos/68520.mp4,missing_file
68524,raw/videos/68524.mp4,missing_file
68528,raw/videos/68528.mp4,missing_file
68530,raw/videos/68530.mp4,missing_file
68532,raw/videos/68532.mp4,missing_file
68536,raw/videos/68536.mp4,missing_file
68538,raw/videos/68538.mp4,missing_file
68540,raw/videos/68540.mp4,missing_file
68544,raw/videos/68544.mp4,missing_file
68548,raw/videos/68548.mp4,missing_file
68550,raw/videos/68550.mp4,missing_file
68554,raw/videos/68554.mp4,missing_file
68556,raw/videos/68556.mp4,missing_file
68560,raw/videos/68560.mp4,missing_file
68562,raw/videos/68562.mp4,missing_file
68564,raw/videos/68564.mp4,missing_file
68566,raw/videos/68566.mp4,missing_file
68570,raw/videos/68570.mp4,missing_file
68572,raw/videos/68572.mp4,missing_file
68574,raw/videos/68574.mp4,missing_file
68576,raw/videos/68576.mp4,missing_file
68580,raw/videos/68580.mp4,missing_file
68582,raw/videos/68582.mp4,missing_file
68584,raw/videos/68584.mp4,missing_file
68586,raw/videos/68586.mp4,missing_file
68588,raw/videos/68588.mp4,missing_file
68590,raw/videos/68590.mp4,missing_file
68592,raw/videos/68592.mp4,missing_file
68594,raw/videos/68594.mp4,missing_file
68596,raw/videos/68596.mp4,missing_file
68600,raw/videos/68600.mp4,missing_file
68604,raw/videos/68604.mp4,missing_file
68606,raw/videos/68606.mp4,missing_file
68608,raw/videos/68608.mp4,missing_file
68610,raw/videos/68610.mp4,missing_file
68612,raw/videos/68612.mp4,missing_file
68614,raw/videos/68614.mp4,missing_file
68616,raw/videos/68616.mp4,missing_file
68622,raw/videos/68622.mp4,missing_file
68624,raw/videos/68624.mp4,missing_file
68626,raw/videos/68626.mp4,missing_file
68628,raw/videos/68628.mp4,missing_file
68632,raw/videos/68632.mp4,missing_file
68636,raw/videos/68636.mp4,missing_file
68640,raw/videos/68640.mp4,missing_file
68646,raw/videos/68646.mp4,missing_file
68648,raw/videos/68648.mp4,missing_file
68652,raw/videos/68652.mp4,missing_file
68654,raw/videos/68654.mp4,missing_file
68658,raw/videos/68658.mp4,missing_file
68660,raw/videos/68660.mp4,missing_file
68662,raw/videos/68662.mp4,missing_file
68664,raw/videos/68664.mp4,missing_file
68666,raw/videos/68666.mp4,missing_file
68668,raw/videos/68668.mp4,missing_file
68670,raw/videos/68670.mp4,missing_file
68672,raw/videos/68672.mp4,missing_file
68674,raw/videos/68674.mp4,missing_file
68680,raw/videos/68680.mp4,missing_file
68688,raw/videos/68688.mp4,missing_file
68692,raw/videos/68692.mp4,missing_file
68694,raw/videos/68694.mp4,missing_file
68696,raw/videos/68696.mp4,missing_file
68704,raw/videos/68704.mp4,missing_file
68706,raw/videos/68706.mp4,missing_file
68714,raw/videos/68714.mp4,missing_file
68716,raw/videos/68716.mp4,missing_file
68720,raw/videos/68720.mp4,missing_file
68722,raw/videos/68722.mp4,missing_file
68726,raw/videos/68726.mp4,missing_file
68734,raw/videos/68734.mp4,missing_file
68736,raw/videos/68736.mp4,missing_file
68738,raw/videos/68738.mp4,missing_file
68740,raw/videos/68740.mp4,missing_file
68746,raw/videos/68746.mp4,missing_file
68750,raw/videos/68750.mp4,missing_file
68752,raw/videos/68752.mp4,missing_file
68756,raw/videos/68756.mp4,missing_file
68762,raw/videos/68762.mp4,missing_file
68764,raw/videos/68764.mp4,missing_file
68766,raw/videos/68766.mp4,missing_file
68770,raw/videos/68770.mp4,missing_file
68772,raw/videos/68772.mp4,missing_file
68774,raw/videos/68774.mp4,missing_file
68776,raw/videos/68776.mp4,missing_file
68778,raw/videos/68778.mp4,missing_file
68782,raw/videos/68782.mp4,missing_file
68790,raw/videos/68790.mp4,missing_file
68792,raw/videos/68792.mp4,missing_file
68794,raw/videos/68794.mp4,missing_file
68796,raw/videos/68796.mp4,missing_file
68798,raw/videos/68798.mp4,missing_file
68800,raw/videos/68800.mp4,missing_file
68810,raw/videos/68810.mp4,missing_file
68812,raw/videos/68812.mp4,missing_file
68816,raw/videos/68816.mp4,missing_file
68822,raw/videos/68822.mp4,missing_file
68824,raw/videos/68824.mp4,missing_file
68826,raw/videos/68826.mp4,missing_file
68828,raw/videos/68828.mp4,missing_file
68830,raw/videos/68830.mp4,missing_file
68832,raw/videos/68832.mp4,missing_file
68840,raw/videos/68840.mp4,missing_file
68842,raw/videos/68842.mp4,missing_file
68852,raw/videos/68852.mp4,missing_file
68856,raw/videos/68856.mp4,missing_file
68858,raw/videos/68858.mp4,missing_file
68860,raw/videos/68860.mp4,missing_file
68862,raw/videos/68862.mp4,missing_file
68864,raw/videos/68864.mp4,missing_file
68868,raw/videos/68868.mp4,missing_file
68870,raw/videos/68870.mp4,missing_file
68872,raw/videos/68872.mp4,missing_file
68876,raw/videos/68876.mp4,missing_file
68884,raw/videos/68884.mp4,missing_file
68886,raw/videos/68886.mp4,missing_file
68890,raw/videos/68890.mp4,missing_file
68896,raw/videos/68896.mp4,missing_file
68898,raw/videos/68898.mp4,missing_file
68900,raw/videos/68900.mp4,missing_file
68904,raw/videos/68904.mp4,missing_file
68910,raw/videos/68910.mp4,missing_file
68912,raw/videos/68912.mp4,missing_file
68914,raw/videos/68914.mp4,missing_file
68918,raw/videos/68918.mp4,missing_file
68920,raw/videos/68920.mp4,missing_file
68924,raw/videos/68924.mp4,missing_file
68928,raw/videos/68928.mp4,missing_file
68934,raw/videos/68934.mp4,missing_file
68946,raw/videos/68946.mp4,missing_file
68948,raw/videos/68948.mp4,missing_file
68952,raw/videos/68952.mp4,missing_file
68954,raw/videos/68954.mp4,missing_file
68956,raw/videos/68956.mp4,missing_file
68958,raw/videos/68958.mp4,missing_file
68960,raw/videos/68960.mp4,missing_file
68962,raw/videos/68962.mp4,missing_file
68964,raw/videos/68964.mp4,missing_file
68966,raw/videos/68966.mp4,missing_file
68972,raw/videos/68972.mp4,missing_file
68974,raw/videos/68974.mp4,missing_file
68976,raw/videos/68976.mp4,missing_file
68978,raw/videos/68978.mp4,missing_file
68984,raw/videos/68984.mp4,missing_file
68988,raw/videos/68988.mp4,missing_file
68990,raw/videos/68990.mp4,missing_file
68992,raw/videos/68992.mp4,missing_file
68996,raw/videos/68996.mp4,missing_file
68998,raw/videos/68998.mp4,missing_file
69000,raw/videos/69000.mp4,missing_file
69002,raw/videos/69002.mp4,missing_file
69004,raw/videos/69004.mp4,missing_file
69006,raw/videos/69006.mp4,missing_file
69008,raw/videos/69008.mp4,missing_file
69010,raw/videos/69010.mp4,missing_file
69016,raw/videos/69016.mp4,missing_file
69022,raw/videos/69022.mp4,missing_file
69024,raw/videos/69024.mp4,missing_file
69026,raw/videos/69026.mp4,missing_file
69028,raw/videos/69028.mp4,missing_file
69034,raw/videos/69034.mp4,missing_file
69036,raw/videos/69036.mp4,missing_file
69040,raw/videos/69040.mp4,missing_file
69042,raw/videos/69042.mp4,missing_file
69044,raw/videos/69044.mp4,missing_file
69048,raw/videos/69048.mp4,missing_file
69054,raw/videos/69054.mp4,missing_file
69056,raw/videos/69056.mp4,missing_file
69058,raw/videos/69058.mp4,missing_file
69060,raw/videos/69060.mp4,missing_file
69062,raw/videos/69062.mp4,missing_file
69064,raw/videos/69064.mp4,missing_file
69066,raw/videos/69066.mp4,missing_file
69068,raw/videos/69068.mp4,missing_file
69070,raw/videos/69070.mp4,missing_file
69076,raw/videos/69076.mp4,missing_file
69078,raw/videos/69078.mp4,missing_file
69086,raw/videos/69086.mp4,missing_file
69088,raw/videos/69088.mp4,missing_file
69090,raw/videos/69090.mp4,missing_file
69092,raw/videos/69092.mp4,missing_file
69096,raw/videos/69096.mp4,missing_file
70015,raw/videos/70015.mp4,missing_file
70016,raw/videos/70016.mp4,missing_file
70017,raw/videos/70017.mp4,missing_file
70019,raw/videos/70019.mp4,missing_file
70020,raw/videos/70020.mp4,missing_file
70021,raw/videos/70021.mp4,missing_file
70022,raw/videos/70022.mp4,missing_file
70023,raw/videos/70023.mp4,missing_file
70024,raw/videos/70024.mp4,missing_file
70026,raw/videos/70026.mp4,missing_file
70027,raw/videos/70027.mp4,missing_file
70028,raw/videos/70028.mp4,missing_file
70029,raw/videos/70029.mp4,missing_file
70030,raw/videos/70030.mp4,missing_file
70031,raw/videos/70031.mp4,missing_file
70033,raw/videos/70033.mp4,missing_file
70034,raw/videos/70034.mp4,missing_file
70035,raw/videos/70035.mp4,missing_file
70036,raw/videos/70036.mp4,missing_file
70037,raw/videos/70037.mp4,missing_file
70038,raw/videos/70038.mp4,missing_file
70039,raw/videos/70039.mp4,missing_file
70040,raw/videos/70040.mp4,missing_file
70041,raw/videos/70041.mp4,missing_file
70042,raw/videos/70042.mp4,missing_file
70043,raw/videos/70043.mp4,missing_file
70044,raw/videos/70044.mp4,missing_file
70045,raw/videos/70045.mp4,missing_file
70049,raw/videos/70049.mp4,missing_file
70050,raw/videos/70050.mp4,missing_file
70051,raw/videos/70051.mp4,missing_file
70052,raw/videos/70052.mp4,missing_file
70053,raw/videos/70053.mp4,missing_file
70055,raw/videos/70055.mp4,missing_file
70056,raw/videos/70056.mp4,missing_file
70057,raw/videos/70057.mp4,missing_file
70058,raw/videos/70058.mp4,missing_file
70059,raw/videos/70059.mp4,missing_file
70060,raw/videos/70060.mp4,missing_file
70061,raw/videos/70061.mp4,missing_file
70062,raw/videos/70062.mp4,missing_file
70063,raw/videos/70063.mp4,missing_file
70064,raw/videos/70064.mp4,missing_file
70065,raw/videos/70065.mp4,missing_file
70066,raw/videos/70066.mp4,missing_file
70068,raw/videos/70068.mp4,missing_file
70069,raw/videos/70069.mp4,missing_file
70070,raw/videos/70070.mp4,missing_file
70071,raw/videos/70071.mp4,missing_file
70072,raw/videos/70072.mp4,missing_file
70075,raw/videos/70075.mp4,missing_file
70077,raw/videos/70077.mp4,missing_file
70079,raw/videos/70079.mp4,missing_file
70081,raw/videos/70081.mp4,missing_file
70082,raw/videos/70082.mp4,missing_file
70083,raw/videos/70083.mp4,missing_file
70085,raw/videos/70085.mp4,missing_file
70086,raw/videos/70086.mp4,missing_file
70092,raw/videos/70092.mp4,missing_file
70093,raw/videos/70093.mp4,missing_file
70094,raw/videos/70094.mp4,missing_file
70095,raw/videos/70095.mp4,missing_file
70096,raw/videos/70096.mp4,missing_file
70098,raw/videos/70098.mp4,missing_file
70099,raw/videos/70099.mp4,missing_file
70100,raw/videos/70100.mp4,missing_file
70102,raw/videos/70102.mp4,missing_file
70103,raw/videos/70103.mp4,missing_file
70104,raw/videos/70104.mp4,missing_file
70105,raw/videos/70105.mp4,missing_file
70106,raw/videos/70106.mp4,missing_file
70107,raw/videos/70107.mp4,missing_file
70108,raw/videos/70108.mp4,missing_file
70109,raw/videos/70109.mp4,missing_file
70110,raw/videos/70110.mp4,missing_file
70111,raw/videos/70111.mp4,missing_file
70112,raw/videos/70112.mp4,missing_file
70113,raw/videos/70113.mp4,missing_file
70114,raw/videos/70114.mp4,missing_file
70115,raw/videos/70115.mp4,missing_file
70116,raw/videos/70116.mp4,missing_file
70117,raw/videos/70117.mp4,missing_file
70118,raw/videos/70118.mp4,missing_file
70119,raw/videos/70119.mp4,missing_file
70120,raw/videos/70120.mp4,missing_file
70121,raw/videos/70121.mp4,missing_file
70122,raw/videos/70122.mp4,missing_file
70123,raw/videos/70123.mp4,missing_file
70124,raw/videos/70124.mp4,missing_file
70125,raw/videos/70125.mp4,missing_file
70126,raw/videos/70126.mp4,missing_file
70127,raw/videos/70127.mp4,missing_file
70128,raw/videos/70128.mp4,missing_file
70129,raw/videos/70129.mp4,missing_file
70132,raw/videos/70132.mp4,missing_file
70133,raw/videos/70133.mp4,missing_file
70134,raw/videos/70134.mp4,missing_file
70137,raw/videos/70137.mp4,missing_file
70138,raw/videos/70138.mp4,missing_file
70142,raw/videos/70142.mp4,missing_file
70143,raw/videos/70143.mp4,missing_file
70144,raw/videos/70144.mp4,missing_file
70146,raw/videos/70146.mp4,missing_file
70147,raw/videos/70147.mp4,missing_file
70148,raw/videos/70148.mp4,missing_file
70149,raw/videos/70149.mp4,missing_file
70150,raw/videos/70150.mp4,missing_file
70151,raw/videos/70151.mp4,missing_file
70152,raw/videos/70152.mp4,missing_file
70153,raw/videos/70153.mp4,missing_file
70154,raw/videos/70154.mp4,missing_file
70155,raw/videos/70155.mp4,missing_file
70157,raw/videos/70157.mp4,missing_file
70158,raw/videos/70158.mp4,missing_file
70159,raw/videos/70159.mp4,missing_file
70160,raw/videos/70160.mp4,missing_file
70161,raw/videos/70161.mp4,missing_file
70162,raw/videos/70162.mp4,missing_file
70163,raw/videos/70163.mp4,missing_file
70164,raw/videos/70164.mp4,missing_file
70165,raw/videos/70165.mp4,missing_file
70166,raw/videos/70166.mp4,missing_file
70167,raw/videos/70167.mp4,missing_file
70168,raw/videos/70168.mp4,missing_file
70169,raw/videos/70169.mp4,missing_file
70170,raw/videos/70170.mp4,missing_file
70171,raw/videos/70171.mp4,missing_file
70172,raw/videos/70172.mp4,missing_file
70173,raw/videos/70173.mp4,missing_file
70176,raw/videos/70176.mp4,missing_file
70177,raw/videos/70177.mp4,missing_file
70178,raw/videos/70178.mp4,missing_file
70179,raw/videos/70179.mp4,missing_file
70180,raw/videos/70180.mp4,missing_file
70181,raw/videos/70181.mp4,missing_file
70182,raw/videos/70182.mp4,missing_file
70183,raw/videos/70183.mp4,missing_file
70186,raw/videos/70186.mp4,missing_file
70187,raw/videos/70187.mp4,missing_file
70188,raw/videos/70188.mp4,missing_file
70190,raw/videos/70190.mp4,missing_file
70191,raw/videos/70191.mp4,missing_file
70192,raw/videos/70192.mp4,missing_file
70195,raw/videos/70195.mp4,missing_file
70196,raw/videos/70196.mp4,missing_file
70197,raw/videos/70197.mp4,missing_file
70198,raw/videos/70198.mp4,missing_file
70199,raw/videos/70199.mp4,missing_file
70200,raw/videos/70200.mp4,missing_file
70201,raw/videos/70201.mp4,missing_file
70202,raw/videos/70202.mp4,missing_file
70203,raw/videos/70203.mp4,missing_file
70204,raw/videos/70204.mp4,missing_file
70205,raw/videos/70205.mp4,missing_file
70206,raw/videos/70206.mp4,missing_file
70207,raw/videos/70207.mp4,missing_file
70208,raw/videos/70208.mp4,missing_file
70209,raw/videos/70209.mp4,missing_file
70210,raw/videos/70210.mp4,missing_file
70211,raw/videos/70211.mp4,missing_file
70212,raw/videos/70212.mp4,missing_file
70213,raw/videos/70213.mp4,missing_file
70214,raw/videos/70214.mp4,missing_file
70215,raw/videos/70215.mp4,missing_file
70217,raw/videos/70217.mp4,missing_file
70218,raw/videos/70218.mp4,missing_file
70219,raw/videos/70219.mp4,missing_file
70220,raw/videos/70220.mp4,missing_file
70221,raw/videos/70221.mp4,missing_file
70222,raw/videos/70222.mp4,missing_file
70223,raw/videos/70223.mp4,missing_file
70225,raw/videos/70225.mp4,missing_file
70226,raw/videos/70226.mp4,missing_file
70227,raw/videos/70227.mp4,missing_file
70228,raw/videos/70228.mp4,missing_file
70229,raw/videos/70229.mp4,missing_file
70230,raw/videos/70230.mp4,missing_file
70231,raw/videos/70231.mp4,missing_file
70234,raw/videos/70234.mp4,missing_file
70236,raw/videos/70236.mp4,missing_file
70237,raw/videos/70237.mp4,missing_file
70238,raw/videos/70238.mp4,missing_file
70239,raw/videos/70239.mp4,missing_file
70240,raw/videos/70240.mp4,missing_file
70241,raw/videos/70241.mp4,missing_file
70242,raw/videos/70242.mp4,missing_file
70244,raw/videos/70244.mp4,missing_file
70245,raw/videos/70245.mp4,missing_file
70246,raw/videos/70246.mp4,missing_file
70247,raw/videos/70247.mp4,missing_file
70248,raw/videos/70248.mp4,missing_file
70249,raw/videos/70249.mp4,missing_file
70250,raw/videos/70250.mp4,missing_file
70251,raw/videos/70251.mp4,missing_file
70253,raw/videos/70253.mp4,missing_file
70254,raw/videos/70254.mp4,missing_file
70255,raw/videos/70255.mp4,missing_file
70256,raw/videos/70256.mp4,missing_file
70257,raw/videos/70257.mp4,missing_file
70258,raw/videos/70258.mp4,missing_file
70259,raw/videos/70259.mp4,missing_file
70261,raw/videos/70261.mp4,missing_file
70262,raw/videos/70262.mp4,missing_file
70263,raw/videos/70263.mp4,missing_file
70264,raw/videos/70264.mp4,missing_file
70265,raw/videos/70265.mp4,missing_file
70266,raw/videos/70266.mp4,missing_file
70267,raw/videos/70267.mp4,missing_file
70268,raw/videos/70268.mp4,missing_file
70270,raw/videos/70270.mp4,missing_file
70271,raw/videos/70271.mp4,missing_file
70273,raw/videos/70273.mp4,missing_file
70274,raw/videos/70274.mp4,missing_file
70275,raw/videos/70275.mp4,missing_file
70277,raw/videos/70277.mp4,missing_file
70278,raw/videos/70278.mp4,missing_file
70279,raw/videos/70279.mp4,missing_file
70280,raw/videos/70280.mp4,missing_file
70284,raw/videos/70284.mp4,missing_file
70286,raw/videos/70286.mp4,missing_file
70289,raw/videos/70289.mp4,missing_file
70291,raw/videos/70291.mp4,missing_file
70292,raw/videos/70292.mp4,missing_file
70294,raw/videos/70294.mp4,missing_file
70295,raw/videos/70295.mp4,missing_file
70296,raw/videos/70296.mp4,missing_file
70297,raw/videos/70297.mp4,missing_file
70298,raw/videos/70298.mp4,missing_file
70299,raw/videos/70299.mp4,missing_file
70300,raw/videos/70300.mp4,missing_file
70301,raw/videos/70301.mp4,missing_file
70302,raw/videos/70302.mp4,missing_file
70303,raw/videos/70303.mp4,missing_file
70304,raw/videos/70304.mp4,missing_file
70305,raw/videos/70305.mp4,missing_file
70306,raw/videos/70306.mp4,missing_file
70307,raw/videos/70307.mp4,missing_file
70308,raw/videos/70308.mp4,missing_file
70309,raw/videos/70309.mp4,missing_file
70310,raw/videos/70310.mp4,missing_file
70311,raw/videos/70311.mp4,missing_file
70312,raw/videos/70312.mp4,missing_file
70315,raw/videos/70315.mp4,missing_file
70318,raw/videos/70318.mp4,missing_file
70319,raw/videos/70319.mp4,missing_file
70320,raw/videos/70320.mp4,missing_file
70321,raw/videos/70321.mp4,missing_file
70323,raw/videos/70323.mp4,missing_file
70324,raw/videos/70324.mp4,missing_file
70325,raw/videos/70325.mp4,missing_file
70326,raw/videos/70326.mp4,missing_file
70327,raw/videos/70327.mp4,missing_file
70328,raw/videos/70328.mp4,missing_file
70329,raw/videos/70329.mp4,missing_file
70330,raw/videos/70330.mp4,missing_file
70331,raw/videos/70331.mp4,missing_file
70332,raw/videos/70332.mp4,missing_file
70333,raw/videos/70333.mp4,missing_file
70334,raw/videos/70334.mp4,missing_file
70335,raw/videos/70335.mp4,missing_file
70337,raw/videos/70337.mp4,missing_file
70338,raw/videos/70338.mp4,missing_file
70341,raw/videos/70341.mp4,missing_file
70342,raw/videos/70342.mp4,missing_file
70343,raw/videos/70343.mp4,missing_file
70344,raw/videos/70344.mp4,missing_file
70345,raw/videos/70345.mp4,missing_file
70346,raw/videos/70346.mp4,missing_file
70347,raw/videos/70347.mp4,missing_file
70348,raw/videos/70348.mp4,missing_file
70349,raw/videos/70349.mp4,missing_file
70350,raw/videos/70350.mp4,missing_file
70351,raw/videos/70351.mp4,missing_file
70353,raw/videos/70353.mp4,missing_file
70354,raw/videos/70354.mp4,missing_file
70355,raw/videos/70355.mp4,missing_file
70356,raw/videos/70356.mp4,missing_file
70357,raw/videos/70357.mp4,missing_file
70359,raw/videos/70359.mp4,missing_file
70360,raw/videos/70360.mp4,missing_file
70361,raw/videos/70361.mp4,missing_file
70362,raw/videos/70362.mp4,missing_file
70363,raw/videos/70363.mp4,missing_file
70365,raw/videos/70365.mp4,missing_file
70366,raw/videos/70366.mp4,missing_file
70368,raw/videos/70368.mp4,missing_file
70370,raw/videos/70370.mp4,missing_file
70371,raw/videos/70371.mp4,missing_file
70373,raw/videos/70373.mp4,missing_file
70374,raw/videos/70374.mp4,missing_file
70375,raw/videos/70375.mp4,missing_file
70376,raw/videos/70376.mp4,missing_file
70377,raw/videos/70377.mp4,missing_file
70378,raw/videos/70378.mp4,missing_file
70379,raw/videos/70379.mp4,missing_file
